observed_at,route_id,source,origin,destination,depart_date,return_date,seats,total_price,currency,carrier,stops,booking_url,fare_notes
2026-08-31T16:52:28Z,dsm-stt-spring,serpapi,DSM,STT,2027-03-14,2027-03-21,6,3327.00,USD,American,2,https://www.google.com/travel/flights?hl=en&gl=us&curr=USD&tfs=CBwQAhoeEgoyMDI3LTAzLTE0agcIARIDRFNNcgcIARIDU1RUGh4SCjIwMjctMDMtMjFqBwgBEgNTVFRyBwgBEgNEU01AAUABQAJAAkACQAJAA0gBcAGYAQE&tfu=EgIIAQ,
2026-08-31T16:52:28Z,dsm-stt-spring,serpapi,DSM,STT,2027-03-14,2027-03-21,6,3459.00,USD,American,1,https://www.google.com/travel/flights?hl=en&gl=us&curr=USD&tfs=CBwQAhoeEgoyMDI3LTAzLTE0agcIARIDRFNNcgcIARIDU1RUGh4SCjIwMjctMDMtMjFqBwgBEgNTVFRyBwgBEgNEU01AAUABQAJAAkACQAJAA0gBcAGYAQE&tfu=EgIIAQ,
2026-08-31T16:52:28Z,dsm-stt-spring,serpapi,DSM,STT,2027-03-14,2027-03-21,6,12525.00,USD,Delta,1,https://www.google.com/travel/flights?hl=en&gl=us&curr=USD&tfs=CBwQAhoeEgoyMDI3LTAzLTE0agcIARIDRFNNcgcIARIDU1RUGh4SCjIwMjctMDMtMjFqBwgBEgNTVFRyBwgBEgNEU01AAUABQAJAAkACQAJAA0gBcAGYAQE&tfu=EgIIAQ,
2026-08-31T16:52:28Z,dsm-stt-spring,serpapi,DSM,STT,2027-03-14,2027-03-21,6,3327.00,USD,American,2,https://www.google.com/travel/flights?hl=en&gl=us&curr=USD&tfs=CBwQAhoeEgoyMDI3LTAzLTE0agcIARIDRFNNcgcIARIDU1RUGh4SCjIwMjctMDMtMjFqBwgBEgNTVFRyBwgBEgNEU01AAUABQAJAAkACQAJAA0gBcAGYAQE&tfu=EgIIAQ,
2026-08-31T16:52:28Z,dsm-stt-spring,serpapi,DSM,STT,2027-03-14,2027-03-21,6,3603.00,USD,American,2,https://www.google.com/travel/flights?hl=en&gl=us&curr=USD&tfs=CBwQAhoeEgoyMDI3LTAzLTE0agcIARIDRFNNcgcIARIDU1RUGh4SCjIwMjctMDMtMjFqBwgBEgNTVFRyBwgBEgNEU01AAUABQAJAAkACQAJAA0gBcAGYAQE&tfu=EgIIAQ,
2026-08-31T16:52:28Z,dsm-stt-spring,serpapi,DSM,STT,2027-03-14,2027-03-21,6,5307.00,USD,American,2,https://www.google.com/travel/flights?hl=en&gl=us&curr=USD&tfs=CBwQAhoeEgoyMDI3LTAzLTE0agcIARIDRFNNcgcIARIDU1RUGh4SCjIwMjctMDMtMjFqBwgBEgNTVFRyBwgBEgNEU01AAUABQAJAAkACQAJAA0gBcAGYAQE&tfu=EgIIAQ,
2026-08-31T16:52:28Z,dsm-stt-spring,serpapi,DSM,STT,2027-03-14,2027-03-21,6,6567.00,USD,American,1,https://www.google.com/travel/flights?hl=en&gl=us&curr=USD&tfs=CBwQAhoeEgoyMDI3LTAzLTE0agcIARIDRFNNcgcIARIDU1RUGh4SCjIwMjctMDMtMjFqBwgBEgNTVFRyBwgBEgNEU01AAUABQAJAAkACQAJAA0gBcAGYAQE&tfu=EgIIAQ,
2026-08-31T16:52:28Z,dsm-stt-spring,serpapi,DSM,STT,2027-03-14,2027-03-21,6,7725.00,USD,American,1,https://www.google.com/travel/flights?hl=en&gl=us&curr=USD&tfs=CBwQAhoeEgoyMDI3LTAzLTE0agcIARIDRFNNcgcIARIDU1RUGh4SCjIwMjctMDMtMjFqBwgBEgNTVFRyBwgBEgNEU01AAUABQAJAAkACQAJAA0gBcAGYAQE&tfu=EgIIAQ,
2026-08-31T16:52:28Z,dsm-stt-spring,serpapi,DSM,STT,2027-03-14,2027-03-21,6,9220.00,USD,United,1,https://www.google.com/travel/flights?hl=en&gl=us&curr=USD&tfs=CBwQAhoeEgoyMDI3LTAzLTE0agcIARIDRFNNcgcIARIDU1RUGh4SCjIwMjctMDMtMjFqBwgBEgNTVFRyBwgBEgNEU01AAUABQAJAAkACQAJAA0gBcAGYAQE&tfu=EgIIAQ,
2026-08-31T16:52:28Z,dsm-stt-spring,serpapi,DSM,STT,2027-03-14,2027-03-21,6,9723.00,USD,Southwest,2,https://www.google.com/travel/flights?hl=en&gl=us&curr=USD&tfs=CBwQAhoeEgoyMDI3LTAzLTE0agcIARIDRFNNcgcIARIDU1RUGh4SCjIwMjctMDMtMjFqBwgBEgNTVFRyBwgBEgNEU01AAUABQAJAAkACQAJAA0gBcAGYAQE&tfu=EgIIAQ,
2026-08-31T16:52:28Z,dsm-stt-spring,serpapi,DSM,STT,2027-03-14,2027-03-21,6,11703.00,USD,Southwest,2,https://www.google.com/travel/flights?hl=en&gl=us&curr=USD&tfs=CBwQAhoeEgoyMDI3LTAzLTE0agcIARIDRFNNcgcIARIDU1RUGh4SCjIwMjctMDMtMjFqBwgBEgNTVFRyBwgBEgNEU01AAUABQAJAAkACQAJAA0gBcAGYAQE&tfu=EgIIAQ,
2026-08-31T16:52:28Z,dsm-stt-spring,serpapi,DSM,STT,2027-03-14,2027-03-21,6,20882.00,USD,United,1,https://www.google.com/travel/flights?hl=en&gl=us&curr=USD&tfs=CBwQAhoeEgoyMDI3LTAzLTE0agcIARIDRFNNcgcIARIDU1RUGh4SCjIwMjctMDMtMjFqBwgBEgNTVFRyBwgBEgNEU01AAUABQAJAAkACQAJAA0gBcAGYAQE&tfu=EgIIAQ,
2026-08-31T16:52:28Z,dsm-stt-spring,serpapi,DSM,STT,2027-03-14,2027-03-21,6,25737.00,USD,United,2,https://www.google.com/travel/flights?hl=en&gl=us&curr=USD&tfs=CBwQAhoeEgoyMDI3LTAzLTE0agcIARIDRFNNcgcIARIDU1RUGh4SCjIwMjctMDMtMjFqBwgBEgNTVFRyBwgBEgNEU01AAUABQAJAAkACQAJAA0gBcAGYAQE&tfu=EgIIAQ,
2026-08-31T16:52:35Z,dsm-stt-spring,serpapi,DSM,STT,2027-03-14,2027-03-21,1,554.00,USD,American,2,https://www.google.com/travel/flights?hl=en&gl=us&curr=USD&tfs=CBwQAhoeEgoyMDI3LTAzLTE0agcIARIDRFNNcgcIARIDU1RUGh4SCjIwMjctMDMtMjFqBwgBEgNTVFRyBwgBEgNEU01AAUgBcAGYAQE&tfu=EgIIAQ,
2026-08-31T16:52:35Z,dsm-stt-spring,serpapi,DSM,STT,2027-03-14,2027-03-21,1,576.00,USD,American,1,https://www.google.com/travel/flights?hl=en&gl=us&curr=USD&tfs=CBwQAhoeEgoyMDI3LTAzLTE0agcIARIDRFNNcgcIARIDU1RUGh4SCjIwMjctMDMtMjFqBwgBEgNTVFRyBwgBEgNEU01AAUgBcAGYAQE&tfu=EgIIAQ,
2026-08-31T16:52:35Z,dsm-stt-spring,serpapi,DSM,STT,2027-03-14,2027-03-21,1,1094.00,USD,American,1,https://www.google.com/travel/flights?hl=en&gl=us&curr=USD&tfs=CBwQAhoeEgoyMDI3LTAzLTE0agcIARIDRFNNcgcIARIDU1RUGh4SCjIwMjctMDMtMjFqBwgBEgNTVFRyBwgBEgNEU01AAUgBcAGYAQE&tfu=EgIIAQ,
2026-08-31T16:52:35Z,dsm-stt-spring,serpapi,DSM,STT,2027-03-14,2027-03-21,1,554.00,USD,American,2,https://www.google.com/travel/flights?hl=en&gl=us&curr=USD&tfs=CBwQAhoeEgoyMDI3LTAzLTE0agcIARIDRFNNcgcIARIDU1RUGh4SCjIwMjctMDMtMjFqBwgBEgNTVFRyBwgBEgNEU01AAUgBcAGYAQE&tfu=EgIIAQ,
2026-08-31T16:52:35Z,dsm-stt-spring,serpapi,DSM,STT,2027-03-14,2027-03-21,1,600.00,USD,American,2,https://www.google.com/travel/flights?hl=en&gl=us&curr=USD&tfs=CBwQAhoeEgoyMDI3LTAzLTE0agcIARIDRFNNcgcIARIDU1RUGh4SCjIwMjctMDMtMjFqBwgBEgNTVFRyBwgBEgNEU01AAUgBcAGYAQE&tfu=EgIIAQ,
2026-08-31T16:52:35Z,dsm-stt-spring,serpapi,DSM,STT,2027-03-14,2027-03-21,1,660.00,USD,American,2,https://www.google.com/travel/flights?hl=en&gl=us&curr=USD&tfs=CBwQAhoeEgoyMDI3LTAzLTE0agcIARIDRFNNcgcIARIDU1RUGh4SCjIwMjctMDMtMjFqBwgBEgNTVFRyBwgBEgNEU01AAUgBcAGYAQE&tfu=EgIIAQ,
2026-08-31T16:52:35Z,dsm-stt-spring,serpapi,DSM,STT,2027-03-14,2027-03-21,1,752.00,USD,American,2,https://www.google.com/travel/flights?hl=en&gl=us&curr=USD&tfs=CBwQAhoeEgoyMDI3LTAzLTE0agcIARIDRFNNcgcIARIDU1RUGh4SCjIwMjctMDMtMjFqBwgBEgNTVFRyBwgBEgNEU01AAUgBcAGYAQE&tfu=EgIIAQ,
2026-08-31T16:52:35Z,dsm-stt-spring,serpapi,DSM,STT,2027-03-14,2027-03-21,1,1195.00,USD,American,1,https://www.google.com/travel/flights?hl=en&gl=us&curr=USD&tfs=CBwQAhoeEgoyMDI3LTAzLTE0agcIARIDRFNNcgcIARIDU1RUGh4SCjIwMjctMDMtMjFqBwgBEgNTVFRyBwgBEgNEU01AAUgBcAGYAQE&tfu=EgIIAQ,
2026-08-31T16:52:35Z,dsm-stt-spring,serpapi,DSM,STT,2027-03-14,2027-03-21,1,1465.00,USD,United,1,https://www.google.com/travel/flights?hl=en&gl=us&curr=USD&tfs=CBwQAhoeEgoyMDI3LTAzLTE0agcIARIDRFNNcgcIARIDU1RUGh4SCjIwMjctMDMtMjFqBwgBEgNTVFRyBwgBEgNEU01AAUgBcAGYAQE&tfu=EgIIAQ,
2026-08-31T16:52:35Z,dsm-stt-spring,serpapi,DSM,STT,2027-03-14,2027-03-21,1,1620.00,USD,Southwest,2,https://www.google.com/travel/flights?hl=en&gl=us&curr=USD&tfs=CBwQAhoeEgoyMDI3LTAzLTE0agcIARIDRFNNcgcIARIDU1RUGh4SCjIwMjctMDMtMjFqBwgBEgNTVFRyBwgBEgNEU01AAUgBcAGYAQE&tfu=EgIIAQ,
2026-08-31T16:52:35Z,dsm-stt-spring,serpapi,DSM,STT,2027-03-14,2027-03-21,1,1950.00,USD,Southwest,2,https://www.google.com/travel/flights?hl=en&gl=us&curr=USD&tfs=CBwQAhoeEgoyMDI3LTAzLTE0agcIARIDRFNNcgcIARIDU1RUGh4SCjIwMjctMDMtMjFqBwgBEgNTVFRyBwgBEgNEU01AAUgBcAGYAQE&tfu=EgIIAQ,
2026-08-31T16:52:35Z,dsm-stt-spring,serpapi,DSM,STT,2027-03-14,2027-03-21,1,2004.00,USD,United,2,https://www.google.com/travel/flights?hl=en&gl=us&curr=USD&tfs=CBwQAhoeEgoyMDI3LTAzLTE0agcIARIDRFNNcgcIARIDU1RUGh4SCjIwMjctMDMtMjFqBwgBEgNTVFRyBwgBEgNEU01AAUgBcAGYAQE&tfu=EgIIAQ,
2026-08-31T16:52:35Z,dsm-stt-spring,serpapi,DSM,STT,2027-03-14,2027-03-21,1,2087.00,USD,Delta,1,https://www.google.com/travel/flights?hl=en&gl=us&curr=USD&tfs=CBwQAhoeEgoyMDI3LTAzLTE0agcIARIDRFNNcgcIARIDU1RUGh4SCjIwMjctMDMtMjFqBwgBEgNTVFRyBwgBEgNEU01AAUgBcAGYAQE&tfu=EgIIAQ,
2026-08-31T16:52:35Z,dsm-stt-spring,serpapi,DSM,STT,2027-03-14,2027-03-21,1,2241.00,USD,Delta,2,https://www.google.com/travel/flights?hl=en&gl=us&curr=USD&tfs=CBwQAhoeEgoyMDI3LTAzLTE0agcIARIDRFNNcgcIARIDU1RUGh4SCjIwMjctMDMtMjFqBwgBEgNTVFRyBwgBEgNEU01AAUgBcAGYAQE&tfu=EgIIAQ,
2026-08-31T17:00:45Z,dsm-den-flex,serpapi,DSM,DEN,2027-06-01,2027-06-08,6,1769.00,USD,United,0,https://www.google.com/travel/flights?hl=en&gl=us&curr=USD&tfs=CBwQAhoeEgoyMDI3LTA2LTAxagcIARIDRFNNcgcIARIDREVOGh4SCjIwMjctMDYtMDhqBwgBEgNERU5yBwgBEgNEU01AAUABQAJAAkACQAJAA0gBcAGYAQE&tfu=EgIIAQ,
2026-08-31T17:00:45Z,dsm-den-flex,serpapi,DSM,DEN,2027-06-01,2027-06-08,6,1769.00,USD,United,0,https://www.google.com/travel/flights?hl=en&gl=us&curr=USD&tfs=CBwQAhoeEgoyMDI3LTA2LTAxagcIARIDRFNNcgcIARIDREVOGh4SCjIwMjctMDYtMDhqBwgBEgNERU5yBwgBEgNEU01AAUABQAJAAkACQAJAA0gBcAGYAQE&tfu=EgIIAQ,
2026-08-31T17:00:45Z,dsm-den-flex,serpapi,DSM,DEN,2027-06-01,2027-06-08,6,1853.00,USD,United,0,https://www.google.com/travel/flights?hl=en&gl=us&curr=USD&tfs=CBwQAhoeEgoyMDI3LTA2LTAxagcIARIDRFNNcgcIARIDREVOGh4SCjIwMjctMDYtMDhqBwgBEgNERU5yBwgBEgNEU01AAUABQAJAAkACQAJAA0gBcAGYAQE&tfu=EgIIAQ,
2026-08-31T17:00:45Z,dsm-den-flex,serpapi,DSM,DEN,2027-06-01,2027-06-08,6,1853.00,USD,United,0,https://www.google.com/travel/flights?hl=en&gl=us&curr=USD&tfs=CBwQAhoeEgoyMDI3LTA2LTAxagcIARIDRFNNcgcIARIDREVOGh4SCjIwMjctMDYtMDhqBwgBEgNERU5yBwgBEgNEU01AAUABQAJAAkACQAJAA0gBcAGYAQE&tfu=EgIIAQ,
2026-08-31T17:00:45Z,dsm-den-flex,serpapi,DSM,DEN,2027-06-01,2027-06-08,6,2007.00,USD,American,1,https://www.google.com/travel/flights?hl=en&gl=us&curr=USD&tfs=CBwQAhoeEgoyMDI3LTA2LTAxagcIARIDRFNNcgcIARIDREVOGh4SCjIwMjctMDYtMDhqBwgBEgNERU5yBwgBEgNEU01AAUABQAJAAkACQAJAA0gBcAGYAQE&tfu=EgIIAQ,
2026-08-31T17:00:45Z,dsm-den-flex,serpapi,DSM,DEN,2027-06-01,2027-06-08,6,2049.00,USD,Delta,1,https://www.google.com/travel/flights?hl=en&gl=us&curr=USD&tfs=CBwQAhoeEgoyMDI3LTA2LTAxagcIARIDRFNNcgcIARIDREVOGh4SCjIwMjctMDYtMDhqBwgBEgNERU5yBwgBEgNEU01AAUABQAJAAkACQAJAA0gBcAGYAQE&tfu=EgIIAQ,
2026-08-31T17:00:45Z,dsm-den-flex,serpapi,DSM,DEN,2027-06-01,2027-06-08,6,2346.00,USD,United,1,https://www.google.com/travel/flights?hl=en&gl=us&curr=USD&tfs=CBwQAhoeEgoyMDI3LTA2LTAxagcIARIDRFNNcgcIARIDREVOGh4SCjIwMjctMDYtMDhqBwgBEgNERU5yBwgBEgNEU01AAUABQAJAAkACQAJAA0gBcAGYAQE&tfu=EgIIAQ,
2026-08-31T17:00:45Z,dsm-den-flex,serpapi,DSM,DEN,2027-06-01,2027-06-08,6,2493.00,USD,American,1,https://www.google.com/travel/flights?hl=en&gl=us&curr=USD&tfs=CBwQAhoeEgoyMDI3LTA2LTAxagcIARIDRFNNcgcIARIDREVOGh4SCjIwMjctMDYtMDhqBwgBEgNERU5yBwgBEgNEU01AAUABQAJAAkACQAJAA0gBcAGYAQE&tfu=EgIIAQ,
2026-08-31T17:00:45Z,dsm-den-flex,serpapi,DSM,DEN,2027-06-01,2027-06-08,6,3069.00,USD,American,1,https://www.google.com/travel/flights?hl=en&gl=us&curr=USD&tfs=CBwQAhoeEgoyMDI3LTA2LTAxagcIARIDRFNNcgcIARIDREVOGh4SCjIwMjctMDYtMDhqBwgBEgNERU5yBwgBEgNEU01AAUABQAJAAkACQAJAA0gBcAGYAQE&tfu=EgIIAQ,
2026-08-31T17:00:48Z,dsm-den-flex,serpapi,DSM,DEN,2027-06-11,2027-06-18,6,1853.00,USD,United,0,https://www.google.com/travel/flights?hl=en&gl=us&curr=USD&tfs=CBwQAhoeEgoyMDI3LTA2LTExagcIARIDRFNNcgcIARIDREVOGh4SCjIwMjctMDYtMThqBwgBEgNERU5yBwgBEgNEU01AAUABQAJAAkACQAJAA0gBcAGYAQE&tfu=EgIIAQ,
2026-08-31T17:00:48Z,dsm-den-flex,serpapi,DSM,DEN,2027-06-11,2027-06-18,6,2047.00,USD,United,0,https://www.google.com/travel/flights?hl=en&gl=us&curr=USD&tfs=CBwQAhoeEgoyMDI3LTA2LTExagcIARIDRFNNcgcIARIDREVOGh4SCjIwMjctMDYtMThqBwgBEgNERU5yBwgBEgNEU01AAUABQAJAAkACQAJAA0gBcAGYAQE&tfu=EgIIAQ,
2026-08-31T17:00:48Z,dsm-den-flex,serpapi,DSM,DEN,2027-06-11,2027-06-18,6,2060.00,USD,United,0,https://www.google.com/travel/flights?hl=en&gl=us&curr=USD&tfs=CBwQAhoeEgoyMDI3LTA2LTExagcIARIDRFNNcgcIARIDREVOGh4SCjIwMjctMDYtMThqBwgBEgNERU5yBwgBEgNEU01AAUABQAJAAkACQAJAA0gBcAGYAQE&tfu=EgIIAQ,
2026-08-31T17:00:48Z,dsm-den-flex,serpapi,DSM,DEN,2027-06-11,2027-06-18,6,2326.00,USD,United,0,https://www.google.com/travel/flights?hl=en&gl=us&curr=USD&tfs=CBwQAhoeEgoyMDI3LTA2LTExagcIARIDRFNNcgcIARIDREVOGh4SCjIwMjctMDYtMThqBwgBEgNERU5yBwgBEgNEU01AAUABQAJAAkACQAJAA0gBcAGYAQE&tfu=EgIIAQ,
2026-08-31T17:00:48Z,dsm-den-flex,serpapi,DSM,DEN,2027-06-11,2027-06-18,6,2049.00,USD,Delta,1,https://www.google.com/travel/flights?hl=en&gl=us&curr=USD&tfs=CBwQAhoeEgoyMDI3LTA2LTExagcIARIDRFNNcgcIARIDREVOGh4SCjIwMjctMDYtMThqBwgBEgNERU5yBwgBEgNEU01AAUABQAJAAkACQAJAA0gBcAGYAQE&tfu=EgIIAQ,
2026-08-31T17:00:48Z,dsm-den-flex,serpapi,DSM,DEN,2027-06-11,2027-06-18,6,3015.00,USD,American,1,https://www.google.com/travel/flights?hl=en&gl=us&curr=USD&tfs=CBwQAhoeEgoyMDI3LTA2LTExagcIARIDRFNNcgcIARIDREVOGh4SCjIwMjctMDYtMThqBwgBEgNERU5yBwgBEgNEU01AAUABQAJAAkACQAJAA0gBcAGYAQE&tfu=EgIIAQ,
2026-08-31T17:00:48Z,dsm-den-flex,serpapi,DSM,DEN,2027-06-11,2027-06-18,6,3597.00,USD,American,1,https://www.google.com/travel/flights?hl=en&gl=us&curr=USD&tfs=CBwQAhoeEgoyMDI3LTA2LTExagcIARIDRFNNcgcIARIDREVOGh4SCjIwMjctMDYtMThqBwgBEgNERU5yBwgBEgNEU01AAUABQAJAAkACQAJAA0gBcAGYAQE&tfu=EgIIAQ,
2026-08-31T17:00:48Z,dsm-den-flex,serpapi,DSM,DEN,2027-06-11,2027-06-18,6,3881.00,USD,United,1,https://www.google.com/travel/flights?hl=en&gl=us&curr=USD&tfs=CBwQAhoeEgoyMDI3LTA2LTExagcIARIDRFNNcgcIARIDREVOGh4SCjIwMjctMDYtMThqBwgBEgNERU5yBwgBEgNEU01AAUABQAJAAkACQAJAA0gBcAGYAQE&tfu=EgIIAQ,
2026-08-31T17:01:05Z,dsm-den-flex,serpapi,DSM,DEN,2027-06-21,2027-06-28,6,1887.00,USD,Delta,1,https://www.google.com/travel/flights?hl=en&gl=us&curr=USD&tfs=CBwQAhoeEgoyMDI3LTA2LTIxagcIARIDRFNNcgcIARIDREVOGh4SCjIwMjctMDYtMjhqBwgBEgNERU5yBwgBEgNEU01AAUABQAJAAkACQAJAA0gBcAGYAQE&tfu=EgIIAQ,
2026-08-31T17:01:05Z,dsm-den-flex,serpapi,DSM,DEN,2027-06-21,2027-06-28,6,1887.00,USD,American,1,https://www.google.com/travel/flights?hl=en&gl=us&curr=USD&tfs=CBwQAhoeEgoyMDI3LTA2LTIxagcIARIDRFNNcgcIARIDREVOGh4SCjIwMjctMDYtMjhqBwgBEgNERU5yBwgBEgNEU01AAUABQAJAAkACQAJAA0gBcAGYAQE&tfu=EgIIAQ,
2026-08-31T17:01:05Z,dsm-den-flex,serpapi,DSM,DEN,2027-06-21,2027-06-28,6,2047.00,USD,United,0,https://www.google.com/travel/flights?hl=en&gl=us&curr=USD&tfs=CBwQAhoeEgoyMDI3LTA2LTIxagcIARIDRFNNcgcIARIDREVOGh4SCjIwMjctMDYtMjhqBwgBEgNERU5yBwgBEgNEU01AAUABQAJAAkACQAJAA0gBcAGYAQE&tfu=EgIIAQ,
2026-08-31T17:01:05Z,dsm-den-flex,serpapi,DSM,DEN,2027-06-21,2027-06-28,6,2333.00,USD,United,0,https://www.google.com/travel/flights?hl=en&gl=us&curr=USD&tfs=CBwQAhoeEgoyMDI3LTA2LTIxagcIARIDRFNNcgcIARIDREVOGh4SCjIwMjctMDYtMjhqBwgBEgNERU5yBwgBEgNEU01AAUABQAJAAkACQAJAA0gBcAGYAQE&tfu=EgIIAQ,
2026-08-31T17:01:05Z,dsm-den-flex,serpapi,DSM,DEN,2027-06-21,2027-06-28,6,2493.00,USD,American,1,https://www.google.com/travel/flights?hl=en&gl=us&curr=USD&tfs=CBwQAhoeEgoyMDI3LTA2LTIxagcIARIDRFNNcgcIARIDREVOGh4SCjIwMjctMDYtMjhqBwgBEgNERU5yBwgBEgNEU01AAUABQAJAAkACQAJAA0gBcAGYAQE&tfu=EgIIAQ,
2026-08-31T17:01:05Z,dsm-den-flex,serpapi,DSM,DEN,2027-06-21,2027-06-28,6,3283.00,USD,United,1,https://www.google.com/travel/flights?hl=en&gl=us&curr=USD&tfs=CBwQAhoeEgoyMDI3LTA2LTIxagcIARIDRFNNcgcIARIDREVOGh4SCjIwMjctMDYtMjhqBwgBEgNERU5yBwgBEgNEU01AAUABQAJAAkACQAJAA0gBcAGYAQE&tfu=EgIIAQ,
2026-08-31T17:01:05Z,dsm-den-flex,serpapi,DSM,DEN,2027-06-21,2027-06-28,6,3519.00,USD,American,1,https://www.google.com/travel/flights?hl=en&gl=us&curr=USD&tfs=CBwQAhoeEgoyMDI3LTA2LTIxagcIARIDRFNNcgcIARIDREVOGh4SCjIwMjctMDYtMjhqBwgBEgNERU5yBwgBEgNEU01AAUABQAJAAkACQAJAA0gBcAGYAQE&tfu=EgIIAQ,
2026-08-31T17:01:05Z,dsm-den-flex,serpapi,DSM,DEN,2027-06-21,2027-06-28,6,3762.00,USD,United,0,https://www.google.com/travel/flights?hl=en&gl=us&curr=USD&tfs=CBwQAhoeEgoyMDI3LTA2LTIxagcIARIDRFNNcgcIARIDREVOGh4SCjIwMjctMDYtMjhqBwgBEgNERU5yBwgBEgNEU01AAUABQAJAAkACQAJAA0gBcAGYAQE&tfu=EgIIAQ,
2026-08-31T17:01:05Z,dsm-den-flex,serpapi,DSM,DEN,2027-06-21,2027-06-28,6,3762.00,USD,United,0,https://www.google.com/travel/flights?hl=en&gl=us&curr=USD&tfs=CBwQAhoeEgoyMDI3LTA2LTIxagcIARIDRFNNcgcIARIDREVOGh4SCjIwMjctMDYtMjhqBwgBEgNERU5yBwgBEgNEU01AAUABQAJAAkACQAJAA0gBcAGYAQE&tfu=EgIIAQ,
2026-08-31T17:01:20Z,dsm-den-flex,serpapi,DSM,DEN,2027-06-30,2027-07-07,6,1769.00,USD,United,0,https://www.google.com/travel/flights?hl=en&gl=us&curr=USD&tfs=CBwQAhoeEgoyMDI3LTA2LTMwagcIARIDRFNNcgcIARIDREVOGh4SCjIwMjctMDctMDdqBwgBEgNERU5yBwgBEgNEU01AAUABQAJAAkACQAJAA0gBcAGYAQE&tfu=EgIIAQ,
2026-08-31T17:01:20Z,dsm-den-flex,serpapi,DSM,DEN,2027-06-30,2027-07-07,6,1769.00,USD,United,0,https://www.google.com/travel/flights?hl=en&gl=us&curr=USD&tfs=CBwQAhoeEgoyMDI3LTA2LTMwagcIARIDRFNNcgcIARIDREVOGh4SCjIwMjctMDctMDdqBwgBEgNERU5yBwgBEgNEU01AAUABQAJAAkACQAJAA0gBcAGYAQE&tfu=EgIIAQ,
2026-08-31T17:01:20Z,dsm-den-flex,serpapi,DSM,DEN,2027-06-30,2027-07-07,6,1769.00,USD,United,0,https://www.google.com/travel/flights?hl=en&gl=us&curr=USD&tfs=CBwQAhoeEgoyMDI3LTA2LTMwagcIARIDRFNNcgcIARIDREVOGh4SCjIwMjctMDctMDdqBwgBEgNERU5yBwgBEgNEU01AAUABQAJAAkACQAJAA0gBcAGYAQE&tfu=EgIIAQ,
2026-08-31T17:01:20Z,dsm-den-flex,serpapi,DSM,DEN,2027-06-30,2027-07-07,6,1898.00,USD,United,0,https://www.google.com/travel/flights?hl=en&gl=us&curr=USD&tfs=CBwQAhoeEgoyMDI3LTA2LTMwagcIARIDRFNNcgcIARIDREVOGh4SCjIwMjctMDctMDdqBwgBEgNERU5yBwgBEgNEU01AAUABQAJAAkACQAJAA0gBcAGYAQE&tfu=EgIIAQ,
2026-08-31T17:01:20Z,dsm-den-flex,serpapi,DSM,DEN,2027-06-30,2027-07-07,6,1887.00,USD,American,1,https://www.google.com/travel/flights?hl=en&gl=us&curr=USD&tfs=CBwQAhoeEgoyMDI3LTA2LTMwagcIARIDRFNNcgcIARIDREVOGh4SCjIwMjctMDctMDdqBwgBEgNERU5yBwgBEgNEU01AAUABQAJAAkACQAJAA0gBcAGYAQE&tfu=EgIIAQ,
2026-08-31T17:01:20Z,dsm-den-flex,serpapi,DSM,DEN,2027-06-30,2027-07-07,6,1887.00,USD,Delta,1,https://www.google.com/travel/flights?hl=en&gl=us&curr=USD&tfs=CBwQAhoeEgoyMDI3LTA2LTMwagcIARIDRFNNcgcIARIDREVOGh4SCjIwMjctMDctMDdqBwgBEgNERU5yBwgBEgNEU01AAUABQAJAAkACQAJAA0gBcAGYAQE&tfu=EgIIAQ,
2026-08-31T17:01:20Z,dsm-den-flex,serpapi,DSM,DEN,2027-06-30,2027-07-07,6,1887.00,USD,American,1,https://www.google.com/travel/flights?hl=en&gl=us&curr=USD&tfs=CBwQAhoeEgoyMDI3LTA2LTMwagcIARIDRFNNcgcIARIDREVOGh4SCjIwMjctMDctMDdqBwgBEgNERU5yBwgBEgNEU01AAUABQAJAAkACQAJAA0gBcAGYAQE&tfu=EgIIAQ,
2026-08-31T17:01:20Z,dsm-den-flex,serpapi,DSM,DEN,2027-06-30,2027-07-07,6,2493.00,USD,American,1,https://www.google.com/travel/flights?hl=en&gl=us&curr=USD&tfs=CBwQAhoeEgoyMDI3LTA2LTMwagcIARIDRFNNcgcIARIDREVOGh4SCjIwMjctMDctMDdqBwgBEgNERU5yBwgBEgNEU01AAUABQAJAAkACQAJAA0gBcAGYAQE&tfu=EgIIAQ,
2026-08-31T19:34:59Z,dsm-stt-january,serpapi,DSM,STT,2027-01-03,2027-01-10,6,3351.00,USD,American,1,https://www.google.com/travel/flights?hl=en&gl=us&curr=USD&tfs=CBwQAhoeEgoyMDI3LTAxLTAzagcIARIDRFNNcgcIARIDU1RUGh4SCjIwMjctMDEtMTBqBwgBEgNTVFRyBwgBEgNEU01AAUABQAJAAkACQAJAA0gBcAGYAQE&tfu=EgIIAQ,
2026-08-31T19:34:59Z,dsm-stt-january,serpapi,DSM,STT,2027-01-03,2027-01-10,6,5487.00,USD,American,1,https://www.google.com/travel/flights?hl=en&gl=us&curr=USD&tfs=CBwQAhoeEgoyMDI3LTAxLTAzagcIARIDRFNNcgcIARIDU1RUGh4SCjIwMjctMDEtMTBqBwgBEgNTVFRyBwgBEgNEU01AAUABQAJAAkACQAJAA0gBcAGYAQE&tfu=EgIIAQ,
2026-08-31T19:34:59Z,dsm-stt-january,serpapi,DSM,STT,2027-01-03,2027-01-10,6,5643.00,USD,United,1,https://www.google.com/travel/flights?hl=en&gl=us&curr=USD&tfs=CBwQAhoeEgoyMDI3LTAxLTAzagcIARIDRFNNcgcIARIDU1RUGh4SCjIwMjctMDEtMTBqBwgBEgNTVFRyBwgBEgNEU01AAUABQAJAAkACQAJAA0gBcAGYAQE&tfu=EgIIAQ,
2026-08-31T19:34:59Z,dsm-stt-january,serpapi,DSM,STT,2027-01-03,2027-01-10,6,6315.00,USD,American,1,https://www.google.com/travel/flights?hl=en&gl=us&curr=USD&tfs=CBwQAhoeEgoyMDI3LTAxLTAzagcIARIDRFNNcgcIARIDU1RUGh4SCjIwMjctMDEtMTBqBwgBEgNTVFRyBwgBEgNEU01AAUABQAJAAkACQAJAA0gBcAGYAQE&tfu=EgIIAQ,
2026-08-31T19:34:59Z,dsm-stt-january,serpapi,DSM,STT,2027-01-03,2027-01-10,6,9012.00,USD,Delta,1,https://www.google.com/travel/flights?hl=en&gl=us&curr=USD&tfs=CBwQAhoeEgoyMDI3LTAxLTAzagcIARIDRFNNcgcIARIDU1RUGh4SCjIwMjctMDEtMTBqBwgBEgNTVFRyBwgBEgNEU01AAUABQAJAAkACQAJAA0gBcAGYAQE&tfu=EgIIAQ,
2026-08-31T19:34:59Z,dsm-stt-january,serpapi,DSM,STT,2027-01-03,2027-01-10,6,2955.00,USD,American,2,https://www.google.com/travel/flights?hl=en&gl=us&curr=USD&tfs=CBwQAhoeEgoyMDI3LTAxLTAzagcIARIDRFNNcgcIARIDU1RUGh4SCjIwMjctMDEtMTBqBwgBEgNTVFRyBwgBEgNEU01AAUABQAJAAkACQAJAA0gBcAGYAQE&tfu=EgIIAQ,
2026-08-31T19:34:59Z,dsm-stt-january,serpapi,DSM,STT,2027-01-03,2027-01-10,6,2955.00,USD,American,2,https://www.google.com/travel/flights?hl=en&gl=us&curr=USD&tfs=CBwQAhoeEgoyMDI3LTAxLTAzagcIARIDRFNNcgcIARIDU1RUGh4SCjIwMjctMDEtMTBqBwgBEgNTVFRyBwgBEgNEU01AAUABQAJAAkACQAJAA0gBcAGYAQE&tfu=EgIIAQ,
2026-08-31T19:34:59Z,dsm-stt-january,serpapi,DSM,STT,2027-01-03,2027-01-10,6,2955.00,USD,American,2,https://www.google.com/travel/flights?hl=en&gl=us&curr=USD&tfs=CBwQAhoeEgoyMDI3LTAxLTAzagcIARIDRFNNcgcIARIDU1RUGh4SCjIwMjctMDEtMTBqBwgBEgNTVFRyBwgBEgNEU01AAUABQAJAAkACQAJAA0gBcAGYAQE&tfu=EgIIAQ,
2026-08-31T19:34:59Z,dsm-stt-january,serpapi,DSM,STT,2027-01-03,2027-01-10,6,2955.00,USD,American,1,https://www.google.com/travel/flights?hl=en&gl=us&curr=USD&tfs=CBwQAhoeEgoyMDI3LTAxLTAzagcIARIDRFNNcgcIARIDU1RUGh4SCjIwMjctMDEtMTBqBwgBEgNTVFRyBwgBEgNEU01AAUABQAJAAkACQAJAA0gBcAGYAQE&tfu=EgIIAQ,
2026-08-31T19:35:08Z,dsm-stt-january,serpapi,DSM,STT,2027-01-10,2027-01-17,6,4905.00,USD,American,1,https://www.google.com/travel/flights?hl=en&gl=us&curr=USD&tfs=CBwQAhoeEgoyMDI3LTAxLTEwagcIARIDRFNNcgcIARIDU1RUGh4SCjIwMjctMDEtMTdqBwgBEgNTVFRyBwgBEgNEU01AAUABQAJAAkACQAJAA0gBcAGYAQE&tfu=EgIIAQ,
2026-08-31T19:35:08Z,dsm-stt-january,serpapi,DSM,STT,2027-01-10,2027-01-17,6,7227.00,USD,Delta,1,https://www.google.com/travel/flights?hl=en&gl=us&curr=USD&tfs=CBwQAhoeEgoyMDI3LTAxLTEwagcIARIDRFNNcgcIARIDU1RUGh4SCjIwMjctMDEtMTdqBwgBEgNTVFRyBwgBEgNEU01AAUABQAJAAkACQAJAA0gBcAGYAQE&tfu=EgIIAQ,
2026-08-31T19:35:08Z,dsm-stt-january,serpapi,DSM,STT,2027-01-10,2027-01-17,6,7713.00,USD,United,1,https://www.google.com/travel/flights?hl=en&gl=us&curr=USD&tfs=CBwQAhoeEgoyMDI3LTAxLTEwagcIARIDRFNNcgcIARIDU1RUGh4SCjIwMjctMDEtMTdqBwgBEgNTVFRyBwgBEgNEU01AAUABQAJAAkACQAJAA0gBcAGYAQE&tfu=EgIIAQ,
2026-08-31T19:35:08Z,dsm-stt-january,serpapi,DSM,STT,2027-01-10,2027-01-17,6,7087.00,USD,American,1,https://www.google.com/travel/flights?hl=en&gl=us&curr=USD&tfs=CBwQAhoeEgoyMDI3LTAxLTEwagcIARIDRFNNcgcIARIDU1RUGh4SCjIwMjctMDEtMTdqBwgBEgNTVFRyBwgBEgNEU01AAUABQAJAAkACQAJAA0gBcAGYAQE&tfu=EgIIAQ,
2026-08-31T19:35:08Z,dsm-stt-january,serpapi,DSM,STT,2027-01-10,2027-01-17,6,7473.00,USD,United,1,https://www.google.com/travel/flights?hl=en&gl=us&curr=USD&tfs=CBwQAhoeEgoyMDI3LTAxLTEwagcIARIDRFNNcgcIARIDU1RUGh4SCjIwMjctMDEtMTdqBwgBEgNTVFRyBwgBEgNEU01AAUABQAJAAkACQAJAA0gBcAGYAQE&tfu=EgIIAQ,
2026-08-31T19:35:08Z,dsm-stt-january,serpapi,DSM,STT,2027-01-10,2027-01-17,6,23301.00,USD,Delta,1,https://www.google.com/travel/flights?hl=en&gl=us&curr=USD&tfs=CBwQAhoeEgoyMDI3LTAxLTEwagcIARIDRFNNcgcIARIDU1RUGh4SCjIwMjctMDEtMTdqBwgBEgNTVFRyBwgBEgNEU01AAUABQAJAAkACQAJAA0gBcAGYAQE&tfu=EgIIAQ,
2026-08-31T19:35:18Z,dsm-stt-january,serpapi,DSM,STT,2027-01-17,2027-01-24,6,3075.00,USD,American,2,https://www.google.com/travel/flights?hl=en&gl=us&curr=USD&tfs=CBwQAhoeEgoyMDI3LTAxLTE3agcIARIDRFNNcgcIARIDU1RUGh4SCjIwMjctMDEtMjRqBwgBEgNTVFRyBwgBEgNEU01AAUABQAJAAkACQAJAA0gBcAGYAQE&tfu=EgIIAQ,
2026-08-31T19:35:18Z,dsm-stt-january,serpapi,DSM,STT,2027-01-17,2027-01-24,6,4969.00,USD,American,1,https://www.google.com/travel/flights?hl=en&gl=us&curr=USD&tfs=CBwQAhoeEgoyMDI3LTAxLTE3agcIARIDRFNNcgcIARIDU1RUGh4SCjIwMjctMDEtMjRqBwgBEgNTVFRyBwgBEgNEU01AAUABQAJAAkACQAJAA0gBcAGYAQE&tfu=EgIIAQ,
2026-08-31T19:35:18Z,dsm-stt-january,serpapi,DSM,STT,2027-01-17,2027-01-24,6,5244.00,USD,United,1,https://www.google.com/travel/flights?hl=en&gl=us&curr=USD&tfs=CBwQAhoeEgoyMDI3LTAxLTE3agcIARIDRFNNcgcIARIDU1RUGh4SCjIwMjctMDEtMjRqBwgBEgNTVFRyBwgBEgNEU01AAUABQAJAAkACQAJAA0gBcAGYAQE&tfu=EgIIAQ,
2026-08-31T19:35:18Z,dsm-stt-january,serpapi,DSM,STT,2027-01-17,2027-01-24,6,5305.00,USD,American,1,https://www.google.com/travel/flights?hl=en&gl=us&curr=USD&tfs=CBwQAhoeEgoyMDI3LTAxLTE3agcIARIDRFNNcgcIARIDU1RUGh4SCjIwMjctMDEtMjRqBwgBEgNTVFRyBwgBEgNEU01AAUABQAJAAkACQAJAA0gBcAGYAQE&tfu=EgIIAQ,
2026-08-31T19:35:18Z,dsm-stt-january,serpapi,DSM,STT,2027-01-17,2027-01-24,6,6411.00,USD,Delta,1,https://www.google.com/travel/flights?hl=en&gl=us&curr=USD&tfs=CBwQAhoeEgoyMDI3LTAxLTE3agcIARIDRFNNcgcIARIDU1RUGh4SCjIwMjctMDEtMjRqBwgBEgNTVFRyBwgBEgNEU01AAUABQAJAAkACQAJAA0gBcAGYAQE&tfu=EgIIAQ,
2026-08-31T19:35:18Z,dsm-stt-january,serpapi,DSM,STT,2027-01-17,2027-01-24,6,2955.00,USD,American,2,https://www.google.com/travel/flights?hl=en&gl=us&curr=USD&tfs=CBwQAhoeEgoyMDI3LTAxLTE3agcIARIDRFNNcgcIARIDU1RUGh4SCjIwMjctMDEtMjRqBwgBEgNTVFRyBwgBEgNEU01AAUABQAJAAkACQAJAA0gBcAGYAQE&tfu=EgIIAQ,
2026-08-31T19:35:18Z,dsm-stt-january,serpapi,DSM,STT,2027-01-17,2027-01-24,6,2955.00,USD,American,2,https://www.google.com/travel/flights?hl=en&gl=us&curr=USD&tfs=CBwQAhoeEgoyMDI3LTAxLTE3agcIARIDRFNNcgcIARIDU1RUGh4SCjIwMjctMDEtMjRqBwgBEgNTVFRyBwgBEgNEU01AAUABQAJAAkACQAJAA0gBcAGYAQE&tfu=EgIIAQ,
2026-08-31T19:35:18Z,dsm-stt-january,serpapi,DSM,STT,2027-01-17,2027-01-24,6,2955.00,USD,American,2,https://www.google.com/travel/flights?hl=en&gl=us&curr=USD&tfs=CBwQAhoeEgoyMDI3LTAxLTE3agcIARIDRFNNcgcIARIDU1RUGh4SCjIwMjctMDEtMjRqBwgBEgNTVFRyBwgBEgNEU01AAUABQAJAAkACQAJAA0gBcAGYAQE&tfu=EgIIAQ,
2026-08-31T19:35:18Z,dsm-stt-january,serpapi,DSM,STT,2027-01-24,2027-01-31,6,3711.00,USD,American,1,https://www.google.com/travel/flights?hl=en&gl=us&curr=USD&tfs=CBwQAhoeEgoyMDI3LTAxLTI0agcIARIDRFNNcgcIARIDU1RUGh4SCjIwMjctMDEtMzFqBwgBEgNTVFRyBwgBEgNEU01AAUABQAJAAkACQAJAA0gBcAGYAQE&tfu=EgIIAQ,
2026-08-31T19:35:18Z,dsm-stt-january,serpapi,DSM,STT,2027-01-24,2027-01-31,6,4350.00,USD,Delta,1,https://www.google.com/travel/flights?hl=en&gl=us&curr=USD&tfs=CBwQAhoeEgoyMDI3LTAxLTI0agcIARIDRFNNcgcIARIDU1RUGh4SCjIwMjctMDEtMzFqBwgBEgNTVFRyBwgBEgNEU01AAUABQAJAAkACQAJAA0gBcAGYAQE&tfu=EgIIAQ,
2026-08-31T19:35:18Z,dsm-stt-january,serpapi,DSM,STT,2027-01-24,2027-01-31,6,4443.00,USD,United,1,https://www.google.com/travel/flights?hl=en&gl=us&curr=USD&tfs=CBwQAhoeEgoyMDI3LTAxLTI0agcIARIDRFNNcgcIARIDU1RUGh4SCjIwMjctMDEtMzFqBwgBEgNTVFRyBwgBEgNEU01AAUABQAJAAkACQAJAA0gBcAGYAQE&tfu=EgIIAQ,
2026-08-31T19:35:18Z,dsm-stt-january,serpapi,DSM,STT,2027-01-24,2027-01-31,6,2955.00,USD,American,2,https://www.google.com/travel/flights?hl=en&gl=us&curr=USD&tfs=CBwQAhoeEgoyMDI3LTAxLTI0agcIARIDRFNNcgcIARIDU1RUGh4SCjIwMjctMDEtMzFqBwgBEgNTVFRyBwgBEgNEU01AAUABQAJAAkACQAJAA0gBcAGYAQE&tfu=EgIIAQ,
2026-08-31T19:35:18Z,dsm-stt-january,serpapi,DSM,STT,2027-01-24,2027-01-31,6,3207.00,USD,American,2,https://www.google.com/travel/flights?hl=en&gl=us&curr=USD&tfs=CBwQAhoeEgoyMDI3LTAxLTI0agcIARIDRFNNcgcIARIDU1RUGh4SCjIwMjctMDEtMzFqBwgBEgNTVFRyBwgBEgNEU01AAUABQAJAAkACQAJAA0gBcAGYAQE&tfu=EgIIAQ,
2026-08-31T19:35:18Z,dsm-stt-january,serpapi,DSM,STT,2027-01-24,2027-01-31,6,5483.00,USD,United,1,https://www.google.com/travel/flights?hl=en&gl=us&curr=USD&tfs=CBwQAhoeEgoyMDI3LTAxLTI0agcIARIDRFNNcgcIARIDU1RUGh4SCjIwMjctMDEtMzFqBwgBEgNTVFRyBwgBEgNEU01AAUABQAJAAkACQAJAA0gBcAGYAQE&tfu=EgIIAQ,
2026-08-31T19:35:24Z,dsm-stt-january,serpapi,DSM,STT,2027-01-31,2027-02-07,6,2955.00,USD,American,2,https://www.google.com/travel/flights?hl=en&gl=us&curr=USD&tfs=CBwQAhoeEgoyMDI3LTAxLTMxagcIARIDRFNNcgcIARIDU1RUGh4SCjIwMjctMDItMDdqBwgBEgNTVFRyBwgBEgNEU01AAUABQAJAAkACQAJAA0gBcAGYAQE&tfu=EgIIAQ,
2026-08-31T19:35:24Z,dsm-stt-january,serpapi,DSM,STT,2027-01-31,2027-02-07,6,3207.00,USD,American,1,https://www.google.com/travel/flights?hl=en&gl=us&curr=USD&tfs=CBwQAhoeEgoyMDI3LTAxLTMxagcIARIDRFNNcgcIARIDU1RUGh4SCjIwMjctMDItMDdqBwgBEgNTVFRyBwgBEgNEU01AAUABQAJAAkACQAJAA0gBcAGYAQE&tfu=EgIIAQ,
2026-08-31T19:35:24Z,dsm-stt-january,serpapi,DSM,STT,2027-01-31,2027-02-07,6,4833.00,USD,United,1,https://www.google.com/travel/flights?hl=en&gl=us&curr=USD&tfs=CBwQAhoeEgoyMDI3LTAxLTMxagcIARIDRFNNcgcIARIDU1RUGh4SCjIwMjctMDItMDdqBwgBEgNTVFRyBwgBEgNEU01AAUABQAJAAkACQAJAA0gBcAGYAQE&tfu=EgIIAQ,
2026-08-31T19:35:24Z,dsm-stt-january,serpapi,DSM,STT,2027-01-31,2027-02-07,6,5166.00,USD,Delta,1,https://www.google.com/travel/flights?hl=en&gl=us&curr=USD&tfs=CBwQAhoeEgoyMDI3LTAxLTMxagcIARIDRFNNcgcIARIDU1RUGh4SCjIwMjctMDItMDdqBwgBEgNTVFRyBwgBEgNEU01AAUABQAJAAkACQAJAA0gBcAGYAQE&tfu=EgIIAQ,
2026-08-31T19:35:24Z,dsm-stt-january,serpapi,DSM,STT,2027-01-31,2027-02-07,6,6411.00,USD,Delta,1,https://www.google.com/travel/flights?hl=en&gl=us&curr=USD&tfs=CBwQAhoeEgoyMDI3LTAxLTMxagcIARIDRFNNcgcIARIDU1RUGh4SCjIwMjctMDItMDdqBwgBEgNTVFRyBwgBEgNEU01AAUABQAJAAkACQAJAA0gBcAGYAQE&tfu=EgIIAQ,
2026-08-31T19:35:24Z,dsm-stt-january,serpapi,DSM,STT,2027-01-31,2027-02-07,6,3861.00,USD,American,2,https://www.google.com/travel/flights?hl=en&gl=us&curr=USD&tfs=CBwQAhoeEgoyMDI3LTAxLTMxagcIARIDRFNNcgcIARIDU1RUGh4SCjIwMjctMDItMDdqBwgBEgNTVFRyBwgBEgNEU01AAUABQAJAAkACQAJAA0gBcAGYAQE&tfu=EgIIAQ,
2026-08-31T19:35:24Z,dsm-stt-january,serpapi,DSM,STT,2027-01-31,2027-02-07,6,5483.00,USD,United,1,https://www.google.com/travel/flights?hl=en&gl=us&curr=USD&tfs=CBwQAhoeEgoyMDI3LTAxLTMxagcIARIDRFNNcgcIARIDU1RUGh4SCjIwMjctMDItMDdqBwgBEgNTVFRyBwgBEgNEU01AAUABQAJAAkACQAJAA0gBcAGYAQE&tfu=EgIIAQ,
2026-08-31T19:35:24Z,dsm-stt-january,serpapi,DSM,STT,2027-01-31,2027-02-07,6,5487.00,USD,American,2,https://www.google.com/travel/flights?hl=en&gl=us&curr=USD&tfs=CBwQAhoeEgoyMDI3LTAxLTMxagcIARIDRFNNcgcIARIDU1RUGh4SCjIwMjctMDItMDdqBwgBEgNTVFRyBwgBEgNEU01AAUABQAJAAkACQAJAA0gBcAGYAQE&tfu=EgIIAQ,
2026-08-31T20:19:44Z,dsm-stt-jan,serpapi,DSM,STT,2027-01-23,2027-01-28,6,2955.00,USD,American,2,https://www.google.com/travel/flights?hl=en&gl=us&curr=USD&tfs=CBwQAhoeEgoyMDI3LTAxLTIzagcIARIDRFNNcgcIARIDU1RUGh4SCjIwMjctMDEtMjhqBwgBEgNTVFRyBwgBEgNEU01AAUABQAJAAkACQAJAA0gBcAGYAQE&tfu=EgIIAQ,
2026-08-31T20:19:44Z,dsm-stt-jan,serpapi,DSM,STT,2027-01-23,2027-01-28,6,4101.00,USD,American,1,https://www.google.com/travel/flights?hl=en&gl=us&curr=USD&tfs=CBwQAhoeEgoyMDI3LTAxLTIzagcIARIDRFNNcgcIARIDU1RUGh4SCjIwMjctMDEtMjhqBwgBEgNTVFRyBwgBEgNEU01AAUABQAJAAkACQAJAA0gBcAGYAQE&tfu=EgIIAQ,
2026-08-31T20:19:44Z,dsm-stt-jan,serpapi,DSM,STT,2027-01-23,2027-01-28,6,4299.00,USD,American,1,https://www.google.com/travel/flights?hl=en&gl=us&curr=USD&tfs=CBwQAhoeEgoyMDI3LTAxLTIzagcIARIDRFNNcgcIARIDU1RUGh4SCjIwMjctMDEtMjhqBwgBEgNTVFRyBwgBEgNEU01AAUABQAJAAkACQAJAA0gBcAGYAQE&tfu=EgIIAQ,
2026-08-31T20:19:44Z,dsm-stt-jan,serpapi,DSM,STT,2027-01-23,2027-01-28,6,5166.00,USD,Delta,1,https://www.google.com/travel/flights?hl=en&gl=us&curr=USD&tfs=CBwQAhoeEgoyMDI3LTAxLTIzagcIARIDRFNNcgcIARIDU1RUGh4SCjIwMjctMDEtMjhqBwgBEgNTVFRyBwgBEgNEU01AAUABQAJAAkACQAJAA0gBcAGYAQE&tfu=EgIIAQ,
2026-08-31T20:19:44Z,dsm-stt-jan,serpapi,DSM,STT,2027-01-23,2027-01-28,6,2955.00,USD,American,1,https://www.google.com/travel/flights?hl=en&gl=us&curr=USD&tfs=CBwQAhoeEgoyMDI3LTAxLTIzagcIARIDRFNNcgcIARIDU1RUGh4SCjIwMjctMDEtMjhqBwgBEgNTVFRyBwgBEgNEU01AAUABQAJAAkACQAJAA0gBcAGYAQE&tfu=EgIIAQ,
2026-08-31T20:19:44Z,dsm-stt-jan,serpapi,DSM,STT,2027-01-23,2027-01-28,6,4226.00,USD,United,2,https://www.google.com/travel/flights?hl=en&gl=us&curr=USD&tfs=CBwQAhoeEgoyMDI3LTAxLTIzagcIARIDRFNNcgcIARIDU1RUGh4SCjIwMjctMDEtMjhqBwgBEgNTVFRyBwgBEgNEU01AAUABQAJAAkACQAJAA0gBcAGYAQE&tfu=EgIIAQ,
2026-08-31T20:19:44Z,dsm-stt-jan,serpapi,DSM,STT,2027-01-23,2027-01-28,6,6420.00,USD,United,2,https://www.google.com/travel/flights?hl=en&gl=us&curr=USD&tfs=CBwQAhoeEgoyMDI3LTAxLTIzagcIARIDRFNNcgcIARIDU1RUGh4SCjIwMjctMDEtMjhqBwgBEgNTVFRyBwgBEgNEU01AAUABQAJAAkACQAJAA0gBcAGYAQE&tfu=EgIIAQ,
2026-08-31T20:19:46Z,dsm-stt-jan,serpapi,DSM,STT,2027-01-23,2027-01-28,1,492.00,USD,American,2,https://www.google.com/travel/flights?hl=en&gl=us&curr=USD&tfs=CBwQAhoeEgoyMDI3LTAxLTIzagcIARIDRFNNcgcIARIDU1RUGh4SCjIwMjctMDEtMjhqBwgBEgNTVFRyBwgBEgNEU01AAUgBcAGYAQE&tfu=EgIIAQ,
2026-08-31T20:19:46Z,dsm-stt-jan,serpapi,DSM,STT,2027-01-23,2027-01-28,1,683.00,USD,American,1,https://www.google.com/travel/flights?hl=en&gl=us&curr=USD&tfs=CBwQAhoeEgoyMDI3LTAxLTIzagcIARIDRFNNcgcIARIDU1RUGh4SCjIwMjctMDEtMjhqBwgBEgNTVFRyBwgBEgNEU01AAUgBcAGYAQE&tfu=EgIIAQ,
2026-08-31T20:19:46Z,dsm-stt-jan,serpapi,DSM,STT,2027-01-23,2027-01-28,1,716.00,USD,American,1,https://www.google.com/travel/flights?hl=en&gl=us&curr=USD&tfs=CBwQAhoeEgoyMDI3LTAxLTIzagcIARIDRFNNcgcIARIDU1RUGh4SCjIwMjctMDEtMjhqBwgBEgNTVFRyBwgBEgNEU01AAUgBcAGYAQE&tfu=EgIIAQ,
2026-08-31T20:19:46Z,dsm-stt-jan,serpapi,DSM,STT,2027-01-23,2027-01-28,1,861.00,USD,Delta,1,https://www.google.com/travel/flights?hl=en&gl=us&curr=USD&tfs=CBwQAhoeEgoyMDI3LTAxLTIzagcIARIDRFNNcgcIARIDU1RUGh4SCjIwMjctMDEtMjhqBwgBEgNTVFRyBwgBEgNEU01AAUgBcAGYAQE&tfu=EgIIAQ,
2026-08-31T20:19:46Z,dsm-stt-jan,serpapi,DSM,STT,2027-01-23,2027-01-28,1,492.00,USD,American,1,https://www.google.com/travel/flights?hl=en&gl=us&curr=USD&tfs=CBwQAhoeEgoyMDI3LTAxLTIzagcIARIDRFNNcgcIARIDU1RUGh4SCjIwMjctMDEtMjhqBwgBEgNTVFRyBwgBEgNEU01AAUgBcAGYAQE&tfu=EgIIAQ,
2026-08-31T20:19:46Z,dsm-stt-jan,serpapi,DSM,STT,2027-01-23,2027-01-28,1,662.00,USD,United,2,https://www.google.com/travel/flights?hl=en&gl=us&curr=USD&tfs=CBwQAhoeEgoyMDI3LTAxLTIzagcIARIDRFNNcgcIARIDU1RUGh4SCjIwMjctMDEtMjhqBwgBEgNTVFRyBwgBEgNEU01AAUgBcAGYAQE&tfu=EgIIAQ,
2026-08-31T20:19:46Z,dsm-stt-jan,serpapi,DSM,STT,2027-01-23,2027-01-28,1,918.00,USD,United,2,https://www.google.com/travel/flights?hl=en&gl=us&curr=USD&tfs=CBwQAhoeEgoyMDI3LTAxLTIzagcIARIDRFNNcgcIARIDU1RUGh4SCjIwMjctMDEtMjhqBwgBEgNTVFRyBwgBEgNEU01AAUgBcAGYAQE&tfu=EgIIAQ,
2026-08-31T20:19:46Z,dsm-stt-jan,serpapi,DSM,STT,2027-01-23,2027-01-28,1,1037.00,USD,United,2,https://www.google.com/travel/flights?hl=en&gl=us&curr=USD&tfs=CBwQAhoeEgoyMDI3LTAxLTIzagcIARIDRFNNcgcIARIDU1RUGh4SCjIwMjctMDEtMjhqBwgBEgNTVFRyBwgBEgNEU01AAUgBcAGYAQE&tfu=EgIIAQ,
2026-08-31T20:19:46Z,dsm-stt-jan,serpapi,DSM,STT,2027-01-23,2027-01-28,1,1133.00,USD,United,2,https://www.google.com/travel/flights?hl=en&gl=us&curr=USD&tfs=CBwQAhoeEgoyMDI3LTAxLTIzagcIARIDRFNNcgcIARIDU1RUGh4SCjIwMjctMDEtMjhqBwgBEgNTVFRyBwgBEgNEU01AAUgBcAGYAQE&tfu=EgIIAQ,
2026-08-31T20:36:43Z,dsm-stt-jan-thursdays,serpapi,DSM,STT,2027-01-07,2027-01-12,6,2955.00,USD,American,2,https://www.google.com/travel/flights?hl=en&gl=us&curr=USD&tfs=CBwQAhoeEgoyMDI3LTAxLTA3agcIARIDRFNNcgcIARIDU1RUGh4SCjIwMjctMDEtMTJqBwgBEgNTVFRyBwgBEgNEU01AAUABQAJAAkACQAJAA0gBcAGYAQE&tfu=EgIIAQ,
2026-08-31T20:36:43Z,dsm-stt-jan-thursdays,serpapi,DSM,STT,2027-01-07,2027-01-12,6,4584.00,USD,Delta,1,https://www.google.com/travel/flights?hl=en&gl=us&curr=USD&tfs=CBwQAhoeEgoyMDI3LTAxLTA3agcIARIDRFNNcgcIARIDU1RUGh4SCjIwMjctMDEtMTJqBwgBEgNTVFRyBwgBEgNEU01AAUABQAJAAkACQAJAA0gBcAGYAQE&tfu=EgIIAQ,
2026-08-31T20:36:43Z,dsm-stt-jan-thursdays,serpapi,DSM,STT,2027-01-07,2027-01-12,6,4641.00,USD,United,1,https://www.google.com/travel/flights?hl=en&gl=us&curr=USD&tfs=CBwQAhoeEgoyMDI3LTAxLTA3agcIARIDRFNNcgcIARIDU1RUGh4SCjIwMjctMDEtMTJqBwgBEgNTVFRyBwgBEgNEU01AAUABQAJAAkACQAJAA0gBcAGYAQE&tfu=EgIIAQ,
2026-08-31T20:36:43Z,dsm-stt-jan-thursdays,serpapi,DSM,STT,2027-01-07,2027-01-12,6,5400.00,USD,Delta,1,https://www.google.com/travel/flights?hl=en&gl=us&curr=USD&tfs=CBwQAhoeEgoyMDI3LTAxLTA3agcIARIDRFNNcgcIARIDU1RUGh4SCjIwMjctMDEtMTJqBwgBEgNTVFRyBwgBEgNEU01AAUABQAJAAkACQAJAA0gBcAGYAQE&tfu=EgIIAQ,
2026-08-31T20:36:43Z,dsm-stt-jan-thursdays,serpapi,DSM,STT,2027-01-07,2027-01-12,6,3207.00,USD,American,2,https://www.google.com/travel/flights?hl=en&gl=us&curr=USD&tfs=CBwQAhoeEgoyMDI3LTAxLTA3agcIARIDRFNNcgcIARIDU1RUGh4SCjIwMjctMDEtMTJqBwgBEgNTVFRyBwgBEgNEU01AAUABQAJAAkACQAJAA0gBcAGYAQE&tfu=EgIIAQ,
2026-08-31T20:36:43Z,dsm-stt-jan-thursdays,serpapi,DSM,STT,2027-01-07,2027-01-12,6,4457.00,USD,United,2,https://www.google.com/travel/flights?hl=en&gl=us&curr=USD&tfs=CBwQAhoeEgoyMDI3LTAxLTA3agcIARIDRFNNcgcIARIDU1RUGh4SCjIwMjctMDEtMTJqBwgBEgNTVFRyBwgBEgNEU01AAUABQAJAAkACQAJAA0gBcAGYAQE&tfu=EgIIAQ,
2026-08-31T20:36:43Z,dsm-stt-jan-thursdays,serpapi,DSM,STT,2027-01-14,2027-01-19,6,4068.00,USD,American,2,https://www.google.com/travel/flights?hl=en&gl=us&curr=USD&tfs=CBwQAhoeEgoyMDI3LTAxLTE0agcIARIDRFNNcgcIARIDU1RUGh4SCjIwMjctMDEtMTlqBwgBEgNTVFRyBwgBEgNEU01AAUABQAJAAkACQAJAA0gBcAGYAQE&tfu=EgIIAQ,
2026-08-31T20:36:43Z,dsm-stt-jan-thursdays,serpapi,DSM,STT,2027-01-14,2027-01-19,6,5617.00,USD,United,1,https://www.google.com/travel/flights?hl=en&gl=us&curr=USD&tfs=CBwQAhoeEgoyMDI3LTAxLTE0agcIARIDRFNNcgcIARIDU1RUGh4SCjIwMjctMDEtMTlqBwgBEgNTVFRyBwgBEgNEU01AAUABQAJAAkACQAJAA0gBcAGYAQE&tfu=EgIIAQ,
2026-08-31T20:36:43Z,dsm-stt-jan-thursdays,serpapi,DSM,STT,2027-01-14,2027-01-19,6,5937.00,USD,American,1,https://www.google.com/travel/flights?hl=en&gl=us&curr=USD&tfs=CBwQAhoeEgoyMDI3LTAxLTE0agcIARIDRFNNcgcIARIDU1RUGh4SCjIwMjctMDEtMTlqBwgBEgNTVFRyBwgBEgNEU01AAUABQAJAAkACQAJAA0gBcAGYAQE&tfu=EgIIAQ,
2026-08-31T20:36:43Z,dsm-stt-jan-thursdays,serpapi,DSM,STT,2027-01-14,2027-01-19,6,3405.00,USD,American,2,https://www.google.com/travel/flights?hl=en&gl=us&curr=USD&tfs=CBwQAhoeEgoyMDI3LTAxLTE0agcIARIDRFNNcgcIARIDU1RUGh4SCjIwMjctMDEtMTlqBwgBEgNTVFRyBwgBEgNEU01AAUABQAJAAkACQAJAA0gBcAGYAQE&tfu=EgIIAQ,
2026-08-31T20:36:43Z,dsm-stt-jan-thursdays,serpapi,DSM,STT,2027-01-14,2027-01-19,6,4281.00,USD,American,2,https://www.google.com/travel/flights?hl=en&gl=us&curr=USD&tfs=CBwQAhoeEgoyMDI3LTAxLTE0agcIARIDRFNNcgcIARIDU1RUGh4SCjIwMjctMDEtMTlqBwgBEgNTVFRyBwgBEgNEU01AAUABQAJAAkACQAJAA0gBcAGYAQE&tfu=EgIIAQ,
2026-08-31T20:36:43Z,dsm-stt-jan-thursdays,serpapi,DSM,STT,2027-01-14,2027-01-19,6,10617.00,USD,Delta,1,https://www.google.com/travel/flights?hl=en&gl=us&curr=USD&tfs=CBwQAhoeEgoyMDI3LTAxLTE0agcIARIDRFNNcgcIARIDU1RUGh4SCjIwMjctMDEtMTlqBwgBEgNTVFRyBwgBEgNEU01AAUABQAJAAkACQAJAA0gBcAGYAQE&tfu=EgIIAQ,
2026-08-31T20:36:43Z,dsm-stt-jan-thursdays,serpapi,DSM,STT,2027-01-21,2027-01-26,6,3075.00,USD,American,2,https://www.google.com/travel/flights?hl=en&gl=us&curr=USD&tfs=CBwQAhoeEgoyMDI3LTAxLTIxagcIARIDRFNNcgcIARIDU1RUGh4SCjIwMjctMDEtMjZqBwgBEgNTVFRyBwgBEgNEU01AAUABQAJAAkACQAJAA0gBcAGYAQE&tfu=EgIIAQ,
2026-08-31T20:36:43Z,dsm-stt-jan-thursdays,serpapi,DSM,STT,2027-01-21,2027-01-26,6,3999.00,USD,American,1,https://www.google.com/travel/flights?hl=en&gl=us&curr=USD&tfs=CBwQAhoeEgoyMDI3LTAxLTIxagcIARIDRFNNcgcIARIDU1RUGh4SCjIwMjctMDEtMjZqBwgBEgNTVFRyBwgBEgNEU01AAUABQAJAAkACQAJAA0gBcAGYAQE&tfu=EgIIAQ,
2026-08-31T20:36:43Z,dsm-stt-jan-thursdays,serpapi,DSM,STT,2027-01-21,2027-01-26,6,4635.00,USD,United,1,https://www.google.com/travel/flights?hl=en&gl=us&curr=USD&tfs=CBwQAhoeEgoyMDI3LTAxLTIxagcIARIDRFNNcgcIARIDU1RUGh4SCjIwMjctMDEtMjZqBwgBEgNTVFRyBwgBEgNEU01AAUABQAJAAkACQAJAA0gBcAGYAQE&tfu=EgIIAQ,
2026-08-31T20:36:43Z,dsm-stt-jan-thursdays,serpapi,DSM,STT,2027-01-21,2027-01-26,6,5487.00,USD,American,1,https://www.google.com/travel/flights?hl=en&gl=us&curr=USD&tfs=CBwQAhoeEgoyMDI3LTAxLTIxagcIARIDRFNNcgcIARIDU1RUGh4SCjIwMjctMDEtMjZqBwgBEgNTVFRyBwgBEgNEU01AAUABQAJAAkACQAJAA0gBcAGYAQE&tfu=EgIIAQ,
2026-08-31T20:36:43Z,dsm-stt-jan-thursdays,serpapi,DSM,STT,2027-01-21,2027-01-26,6,3195.00,USD,American,2,https://www.google.com/travel/flights?hl=en&gl=us&curr=USD&tfs=CBwQAhoeEgoyMDI3LTAxLTIxagcIARIDRFNNcgcIARIDU1RUGh4SCjIwMjctMDEtMjZqBwgBEgNTVFRyBwgBEgNEU01AAUABQAJAAkACQAJAA0gBcAGYAQE&tfu=EgIIAQ,
2026-08-31T20:36:43Z,dsm-stt-jan-thursdays,serpapi,DSM,STT,2027-01-21,2027-01-26,6,6675.00,USD,Delta,1,https://www.google.com/travel/flights?hl=en&gl=us&curr=USD&tfs=CBwQAhoeEgoyMDI3LTAxLTIxagcIARIDRFNNcgcIARIDU1RUGh4SCjIwMjctMDEtMjZqBwgBEgNTVFRyBwgBEgNEU01AAUABQAJAAkACQAJAA0gBcAGYAQE&tfu=EgIIAQ,
2026-08-31T20:36:43Z,dsm-stt-jan-thursdays,serpapi,DSM,STT,2027-01-28,2027-02-02,6,3999.00,USD,American,1,https://www.google.com/travel/flights?hl=en&gl=us&curr=USD&tfs=CBwQAhoeEgoyMDI3LTAxLTI4agcIARIDRFNNcgcIARIDU1RUGh4SCjIwMjctMDItMDJqBwgBEgNTVFRyBwgBEgNEU01AAUABQAJAAkACQAJAA0gBcAGYAQE&tfu=EgIIAQ,
2026-08-31T20:36:43Z,dsm-stt-jan-thursdays,serpapi,DSM,STT,2027-01-28,2027-02-02,6,4269.00,USD,United,1,https://www.google.com/travel/flights?hl=en&gl=us&curr=USD&tfs=CBwQAhoeEgoyMDI3LTAxLTI4agcIARIDRFNNcgcIARIDU1RUGh4SCjIwMjctMDItMDJqBwgBEgNTVFRyBwgBEgNEU01AAUABQAJAAkACQAJAA0gBcAGYAQE&tfu=EgIIAQ,
2026-08-31T20:36:43Z,dsm-stt-jan-thursdays,serpapi,DSM,STT,2027-01-28,2027-02-02,6,4584.00,USD,Delta,1,https://www.google.com/travel/flights?hl=en&gl=us&curr=USD&tfs=CBwQAhoeEgoyMDI3LTAxLTI4agcIARIDRFNNcgcIARIDU1RUGh4SCjIwMjctMDItMDJqBwgBEgNTVFRyBwgBEgNEU01AAUABQAJAAkACQAJAA0gBcAGYAQE&tfu=EgIIAQ,
2026-08-31T20:36:43Z,dsm-stt-jan-thursdays,serpapi,DSM,STT,2027-01-28,2027-02-02,6,2955.00,USD,American,2,https://www.google.com/travel/flights?hl=en&gl=us&curr=USD&tfs=CBwQAhoeEgoyMDI3LTAxLTI4agcIARIDRFNNcgcIARIDU1RUGh4SCjIwMjctMDItMDJqBwgBEgNTVFRyBwgBEgNEU01AAUABQAJAAkACQAJAA0gBcAGYAQE&tfu=EgIIAQ,
2026-08-31T20:36:43Z,dsm-stt-jan-thursdays,serpapi,DSM,STT,2027-01-28,2027-02-02,6,3075.00,USD,American,2,https://www.google.com/travel/flights?hl=en&gl=us&curr=USD&tfs=CBwQAhoeEgoyMDI3LTAxLTI4agcIARIDRFNNcgcIARIDU1RUGh4SCjIwMjctMDItMDJqBwgBEgNTVFRyBwgBEgNEU01AAUABQAJAAkACQAJAA0gBcAGYAQE&tfu=EgIIAQ,
2026-08-31T20:36:43Z,dsm-stt-jan-thursdays,serpapi,DSM,STT,2027-01-28,2027-02-02,6,3207.00,USD,American,2,https://www.google.com/travel/flights?hl=en&gl=us&curr=USD&tfs=CBwQAhoeEgoyMDI3LTAxLTI4agcIARIDRFNNcgcIARIDU1RUGh4SCjIwMjctMDItMDJqBwgBEgNTVFRyBwgBEgNEU01AAUABQAJAAkACQAJAA0gBcAGYAQE&tfu=EgIIAQ,
2026-08-31T20:36:43Z,dsm-stt-jan-thursdays,serpapi,DSM,STT,2027-01-28,2027-02-02,6,5177.00,USD,United,1,https://www.google.com/travel/flights?hl=en&gl=us&curr=USD&tfs=CBwQAhoeEgoyMDI3LTAxLTI4agcIARIDRFNNcgcIARIDU1RUGh4SCjIwMjctMDItMDJqBwgBEgNTVFRyBwgBEgNEU01AAUABQAJAAkACQAJAA0gBcAGYAQE&tfu=EgIIAQ,
2026-08-31T20:36:43Z,dsm-stt-jan-thursdays,serpapi,DSM,STT,2027-01-28,2027-02-02,6,5400.00,USD,Delta,1,https://www.google.com/travel/flights?hl=en&gl=us&curr=USD&tfs=CBwQAhoeEgoyMDI3LTAxLTI4agcIARIDRFNNcgcIARIDU1RUGh4SCjIwMjctMDItMDJqBwgBEgNTVFRyBwgBEgNEU01AAUABQAJAAkACQAJAA0gBcAGYAQE&tfu=EgIIAQ,
2026-08-31T20:36:46Z,dsm-stt-jan-thursdays,serpapi,DSM,STT,2027-01-07,2027-01-12,1,492.00,USD,American,2,https://www.google.com/travel/flights?hl=en&gl=us&curr=USD&tfs=CBwQAhoeEgoyMDI3LTAxLTA3agcIARIDRFNNcgcIARIDU1RUGh4SCjIwMjctMDEtMTJqBwgBEgNTVFRyBwgBEgNEU01AAUgBcAGYAQE&tfu=EgIIAQ,
2026-08-31T20:36:46Z,dsm-stt-jan-thursdays,serpapi,DSM,STT,2027-01-07,2027-01-12,1,690.00,USD,United,1,https://www.google.com/travel/flights?hl=en&gl=us&curr=USD&tfs=CBwQAhoeEgoyMDI3LTAxLTA3agcIARIDRFNNcgcIARIDU1RUGh4SCjIwMjctMDEtMTJqBwgBEgNTVFRyBwgBEgNEU01AAUgBcAGYAQE&tfu=EgIIAQ,
2026-08-31T20:36:46Z,dsm-stt-jan-thursdays,serpapi,DSM,STT,2027-01-07,2027-01-12,1,764.00,USD,Delta,1,https://www.google.com/travel/flights?hl=en&gl=us&curr=USD&tfs=CBwQAhoeEgoyMDI3LTAxLTA3agcIARIDRFNNcgcIARIDU1RUGh4SCjIwMjctMDEtMTJqBwgBEgNTVFRyBwgBEgNEU01AAUgBcAGYAQE&tfu=EgIIAQ,
2026-08-31T20:36:46Z,dsm-stt-jan-thursdays,serpapi,DSM,STT,2027-01-07,2027-01-12,1,900.00,USD,Delta,1,https://www.google.com/travel/flights?hl=en&gl=us&curr=USD&tfs=CBwQAhoeEgoyMDI3LTAxLTA3agcIARIDRFNNcgcIARIDU1RUGh4SCjIwMjctMDEtMTJqBwgBEgNTVFRyBwgBEgNEU01AAUgBcAGYAQE&tfu=EgIIAQ,
2026-08-31T20:36:46Z,dsm-stt-jan-thursdays,serpapi,DSM,STT,2027-01-07,2027-01-12,1,914.00,USD,American,1,https://www.google.com/travel/flights?hl=en&gl=us&curr=USD&tfs=CBwQAhoeEgoyMDI3LTAxLTA3agcIARIDRFNNcgcIARIDU1RUGh4SCjIwMjctMDEtMTJqBwgBEgNTVFRyBwgBEgNEU01AAUgBcAGYAQE&tfu=EgIIAQ,
2026-08-31T20:36:46Z,dsm-stt-jan-thursdays,serpapi,DSM,STT,2027-01-07,2027-01-12,1,554.00,USD,American,2,https://www.google.com/travel/flights?hl=en&gl=us&curr=USD&tfs=CBwQAhoeEgoyMDI3LTAxLTA3agcIARIDRFNNcgcIARIDU1RUGh4SCjIwMjctMDEtMTJqBwgBEgNTVFRyBwgBEgNEU01AAUgBcAGYAQE&tfu=EgIIAQ,
2026-08-31T20:36:46Z,dsm-stt-jan-thursdays,serpapi,DSM,STT,2027-01-07,2027-01-12,1,811.00,USD,United,2,https://www.google.com/travel/flights?hl=en&gl=us&curr=USD&tfs=CBwQAhoeEgoyMDI3LTAxLTA3agcIARIDRFNNcgcIARIDU1RUGh4SCjIwMjctMDEtMTJqBwgBEgNTVFRyBwgBEgNEU01AAUgBcAGYAQE&tfu=EgIIAQ,
2026-08-31T20:36:48Z,dsm-stt-jan-thursdays,serpapi,DSM,STT,2027-01-14,2027-01-19,1,567.00,USD,American,2,https://www.google.com/travel/flights?hl=en&gl=us&curr=USD&tfs=CBwQAhoeEgoyMDI3LTAxLTE0agcIARIDRFNNcgcIARIDU1RUGh4SCjIwMjctMDEtMTlqBwgBEgNTVFRyBwgBEgNEU01AAUgBcAGYAQE&tfu=EgIIAQ,
2026-08-31T20:36:48Z,dsm-stt-jan-thursdays,serpapi,DSM,STT,2027-01-14,2027-01-19,1,785.00,USD,American,1,https://www.google.com/travel/flights?hl=en&gl=us&curr=USD&tfs=CBwQAhoeEgoyMDI3LTAxLTE0agcIARIDRFNNcgcIARIDU1RUGh4SCjIwMjctMDEtMTlqBwgBEgNTVFRyBwgBEgNEU01AAUgBcAGYAQE&tfu=EgIIAQ,
2026-08-31T20:36:48Z,dsm-stt-jan-thursdays,serpapi,DSM,STT,2027-01-14,2027-01-19,1,927.00,USD,United,1,https://www.google.com/travel/flights?hl=en&gl=us&curr=USD&tfs=CBwQAhoeEgoyMDI3LTAxLTE0agcIARIDRFNNcgcIARIDU1RUGh4SCjIwMjctMDEtMTlqBwgBEgNTVFRyBwgBEgNEU01AAUgBcAGYAQE&tfu=EgIIAQ,
2026-08-31T20:36:48Z,dsm-stt-jan-thursdays,serpapi,DSM,STT,2027-01-14,2027-01-19,1,675.00,USD,American,2,https://www.google.com/travel/flights?hl=en&gl=us&curr=USD&tfs=CBwQAhoeEgoyMDI3LTAxLTE0agcIARIDRFNNcgcIARIDU1RUGh4SCjIwMjctMDEtMTlqBwgBEgNTVFRyBwgBEgNEU01AAUgBcAGYAQE&tfu=EgIIAQ,
2026-08-31T20:36:48Z,dsm-stt-jan-thursdays,serpapi,DSM,STT,2027-01-14,2027-01-19,1,721.00,USD,American,2,https://www.google.com/travel/flights?hl=en&gl=us&curr=USD&tfs=CBwQAhoeEgoyMDI3LTAxLTE0agcIARIDRFNNcgcIARIDU1RUGh4SCjIwMjctMDEtMTlqBwgBEgNTVFRyBwgBEgNEU01AAUgBcAGYAQE&tfu=EgIIAQ,
2026-08-31T20:36:48Z,dsm-stt-jan-thursdays,serpapi,DSM,STT,2027-01-14,2027-01-19,1,1093.00,USD,United,2,https://www.google.com/travel/flights?hl=en&gl=us&curr=USD&tfs=CBwQAhoeEgoyMDI3LTAxLTE0agcIARIDRFNNcgcIARIDU1RUGh4SCjIwMjctMDEtMTlqBwgBEgNTVFRyBwgBEgNEU01AAUgBcAGYAQE&tfu=EgIIAQ,
2026-08-31T20:36:48Z,dsm-stt-jan-thursdays,serpapi,DSM,STT,2027-01-14,2027-01-19,1,1769.00,USD,Delta,1,https://www.google.com/travel/flights?hl=en&gl=us&curr=USD&tfs=CBwQAhoeEgoyMDI3LTAxLTE0agcIARIDRFNNcgcIARIDU1RUGh4SCjIwMjctMDEtMTlqBwgBEgNTVFRyBwgBEgNEU01AAUgBcAGYAQE&tfu=EgIIAQ,
2026-08-31T20:36:50Z,dsm-stt-jan-thursdays,serpapi,DSM,STT,2027-01-21,2027-01-26,1,492.00,USD,American,2,https://www.google.com/travel/flights?hl=en&gl=us&curr=USD&tfs=CBwQAhoeEgoyMDI3LTAxLTIxagcIARIDRFNNcgcIARIDU1RUGh4SCjIwMjctMDEtMjZqBwgBEgNTVFRyBwgBEgNEU01AAUgBcAGYAQE&tfu=EgIIAQ,
2026-08-31T20:36:50Z,dsm-stt-jan-thursdays,serpapi,DSM,STT,2027-01-21,2027-01-26,1,666.00,USD,American,1,https://www.google.com/travel/flights?hl=en&gl=us&curr=USD&tfs=CBwQAhoeEgoyMDI3LTAxLTIxagcIARIDRFNNcgcIARIDU1RUGh4SCjIwMjctMDEtMjZqBwgBEgNTVFRyBwgBEgNEU01AAUgBcAGYAQE&tfu=EgIIAQ,
2026-08-31T20:36:50Z,dsm-stt-jan-thursdays,serpapi,DSM,STT,2027-01-21,2027-01-26,1,708.00,USD,United,1,https://www.google.com/travel/flights?hl=en&gl=us&curr=USD&tfs=CBwQAhoeEgoyMDI3LTAxLTIxagcIARIDRFNNcgcIARIDU1RUGh4SCjIwMjctMDEtMjZqBwgBEgNTVFRyBwgBEgNEU01AAUgBcAGYAQE&tfu=EgIIAQ,
2026-08-31T20:36:50Z,dsm-stt-jan-thursdays,serpapi,DSM,STT,2027-01-21,2027-01-26,1,914.00,USD,American,1,https://www.google.com/travel/flights?hl=en&gl=us&curr=USD&tfs=CBwQAhoeEgoyMDI3LTAxLTIxagcIARIDRFNNcgcIARIDU1RUGh4SCjIwMjctMDEtMjZqBwgBEgNTVFRyBwgBEgNEU01AAUgBcAGYAQE&tfu=EgIIAQ,
2026-08-31T20:36:50Z,dsm-stt-jan-thursdays,serpapi,DSM,STT,2027-01-21,2027-01-26,1,1112.00,USD,Delta,1,https://www.google.com/travel/flights?hl=en&gl=us&curr=USD&tfs=CBwQAhoeEgoyMDI3LTAxLTIxagcIARIDRFNNcgcIARIDU1RUGh4SCjIwMjctMDEtMjZqBwgBEgNTVFRyBwgBEgNEU01AAUgBcAGYAQE&tfu=EgIIAQ,
2026-08-31T20:36:50Z,dsm-stt-jan-thursdays,serpapi,DSM,STT,2027-01-21,2027-01-26,1,886.00,USD,United,2,https://www.google.com/travel/flights?hl=en&gl=us&curr=USD&tfs=CBwQAhoeEgoyMDI3LTAxLTIxagcIARIDRFNNcgcIARIDU1RUGh4SCjIwMjctMDEtMjZqBwgBEgNTVFRyBwgBEgNEU01AAUgBcAGYAQE&tfu=EgIIAQ,
2026-08-31T20:36:52Z,dsm-stt-jan-thursdays,serpapi,DSM,STT,2027-01-28,2027-02-02,1,666.00,USD,American,1,https://www.google.com/travel/flights?hl=en&gl=us&curr=USD&tfs=CBwQAhoeEgoyMDI3LTAxLTI4agcIARIDRFNNcgcIARIDU1RUGh4SCjIwMjctMDItMDJqBwgBEgNTVFRyBwgBEgNEU01AAUgBcAGYAQE&tfu=EgIIAQ,
2026-08-31T20:36:52Z,dsm-stt-jan-thursdays,serpapi,DSM,STT,2027-01-28,2027-02-02,1,706.00,USD,United,1,https://www.google.com/travel/flights?hl=en&gl=us&curr=USD&tfs=CBwQAhoeEgoyMDI3LTAxLTI4agcIARIDRFNNcgcIARIDU1RUGh4SCjIwMjctMDItMDJqBwgBEgNTVFRyBwgBEgNEU01AAUgBcAGYAQE&tfu=EgIIAQ,
2026-08-31T20:36:52Z,dsm-stt-jan-thursdays,serpapi,DSM,STT,2027-01-28,2027-02-02,1,725.00,USD,Delta,1,https://www.google.com/travel/flights?hl=en&gl=us&curr=USD&tfs=CBwQAhoeEgoyMDI3LTAxLTI4agcIARIDRFNNcgcIARIDU1RUGh4SCjIwMjctMDItMDJqBwgBEgNTVFRyBwgBEgNEU01AAUgBcAGYAQE&tfu=EgIIAQ,
2026-08-31T20:36:52Z,dsm-stt-jan-thursdays,serpapi,DSM,STT,2027-01-28,2027-02-02,1,492.00,USD,American,2,https://www.google.com/travel/flights?hl=en&gl=us&curr=USD&tfs=CBwQAhoeEgoyMDI3LTAxLTI4agcIARIDRFNNcgcIARIDU1RUGh4SCjIwMjctMDItMDJqBwgBEgNTVFRyBwgBEgNEU01AAUgBcAGYAQE&tfu=EgIIAQ,
2026-08-31T20:36:52Z,dsm-stt-jan-thursdays,serpapi,DSM,STT,2027-01-28,2027-02-02,1,534.00,USD,American,2,https://www.google.com/travel/flights?hl=en&gl=us&curr=USD&tfs=CBwQAhoeEgoyMDI3LTAxLTI4agcIARIDRFNNcgcIARIDU1RUGh4SCjIwMjctMDItMDJqBwgBEgNTVFRyBwgBEgNEU01AAUgBcAGYAQE&tfu=EgIIAQ,
2026-08-31T20:36:52Z,dsm-stt-jan-thursdays,serpapi,DSM,STT,2027-01-28,2027-02-02,1,861.00,USD,Delta,1,https://www.google.com/travel/flights?hl=en&gl=us&curr=USD&tfs=CBwQAhoeEgoyMDI3LTAxLTI4agcIARIDRFNNcgcIARIDU1RUGh4SCjIwMjctMDItMDJqBwgBEgNTVFRyBwgBEgNEU01AAUgBcAGYAQE&tfu=EgIIAQ,
2026-08-31T20:36:52Z,dsm-stt-jan-thursdays,serpapi,DSM,STT,2027-01-28,2027-02-02,1,958.00,USD,United,2,https://www.google.com/travel/flights?hl=en&gl=us&curr=USD&tfs=CBwQAhoeEgoyMDI3LTAxLTI4agcIARIDRFNNcgcIARIDU1RUGh4SCjIwMjctMDItMDJqBwgBEgNTVFRyBwgBEgNEU01AAUgBcAGYAQE&tfu=EgIIAQ,
2026-09-01T15:22:04Z,dsm-stt-jan-saturdays,serpapi,DSM,STT,2027-01-02,2027-01-09,6,4311.00,USD,American,1,https://www.google.com/travel/flights?hl=en&gl=us&curr=USD&tfs=CBwQAhoeEgoyMDI3LTAxLTAyagcIARIDRFNNcgcIARIDU1RUGh4SCjIwMjctMDEtMDlqBwgBEgNTVFRyBwgBEgNEU01AAUABQAJAAkACQAJAA0gBcAGYAQE&tfu=EgIIAQ,
2026-09-01T15:22:04Z,dsm-stt-jan-saturdays,serpapi,DSM,STT,2027-01-02,2027-01-09,6,6361.00,USD,United,1,https://www.google.com/travel/flights?hl=en&gl=us&curr=USD&tfs=CBwQAhoeEgoyMDI3LTAxLTAyagcIARIDRFNNcgcIARIDU1RUGh4SCjIwMjctMDEtMDlqBwgBEgNTVFRyBwgBEgNEU01AAUABQAJAAkACQAJAA0gBcAGYAQE&tfu=EgIIAQ,
2026-09-01T15:22:04Z,dsm-stt-jan-saturdays,serpapi,DSM,STT,2027-01-02,2027-01-09,6,6561.00,USD,Delta,1,https://www.google.com/travel/flights?hl=en&gl=us&curr=USD&tfs=CBwQAhoeEgoyMDI3LTAxLTAyagcIARIDRFNNcgcIARIDU1RUGh4SCjIwMjctMDEtMDlqBwgBEgNTVFRyBwgBEgNEU01AAUABQAJAAkACQAJAA0gBcAGYAQE&tfu=EgIIAQ,
2026-09-01T15:22:04Z,dsm-stt-jan-saturdays,serpapi,DSM,STT,2027-01-02,2027-01-09,6,3165.00,USD,American,2,https://www.google.com/travel/flights?hl=en&gl=us&curr=USD&tfs=CBwQAhoeEgoyMDI3LTAxLTAyagcIARIDRFNNcgcIARIDU1RUGh4SCjIwMjctMDEtMDlqBwgBEgNTVFRyBwgBEgNEU01AAUABQAJAAkACQAJAA0gBcAGYAQE&tfu=EgIIAQ,
2026-09-01T15:22:04Z,dsm-stt-jan-saturdays,serpapi,DSM,STT,2027-01-02,2027-01-09,6,3165.00,USD,American,1,https://www.google.com/travel/flights?hl=en&gl=us&curr=USD&tfs=CBwQAhoeEgoyMDI3LTAxLTAyagcIARIDRFNNcgcIARIDU1RUGh4SCjIwMjctMDEtMDlqBwgBEgNTVFRyBwgBEgNEU01AAUABQAJAAkACQAJAA0gBcAGYAQE&tfu=EgIIAQ,
2026-09-01T15:22:04Z,dsm-stt-jan-saturdays,serpapi,DSM,STT,2027-01-02,2027-01-09,6,3285.00,USD,American,2,https://www.google.com/travel/flights?hl=en&gl=us&curr=USD&tfs=CBwQAhoeEgoyMDI3LTAxLTAyagcIARIDRFNNcgcIARIDU1RUGh4SCjIwMjctMDEtMDlqBwgBEgNTVFRyBwgBEgNEU01AAUABQAJAAkACQAJAA0gBcAGYAQE&tfu=EgIIAQ,
2026-09-01T15:22:04Z,dsm-stt-jan-saturdays,serpapi,DSM,STT,2027-01-02,2027-01-09,6,7491.00,USD,American,1,https://www.google.com/travel/flights?hl=en&gl=us&curr=USD&tfs=CBwQAhoeEgoyMDI3LTAxLTAyagcIARIDRFNNcgcIARIDU1RUGh4SCjIwMjctMDEtMDlqBwgBEgNTVFRyBwgBEgNEU01AAUABQAJAAkACQAJAA0gBcAGYAQE&tfu=EgIIAQ,
2026-09-01T15:22:04Z,dsm-stt-jan-saturdays,serpapi,DSM,STT,2027-01-02,2027-01-09,6,7837.00,USD,American,1,https://www.google.com/travel/flights?hl=en&gl=us&curr=USD&tfs=CBwQAhoeEgoyMDI3LTAxLTAyagcIARIDRFNNcgcIARIDU1RUGh4SCjIwMjctMDEtMDlqBwgBEgNTVFRyBwgBEgNEU01AAUABQAJAAkACQAJAA0gBcAGYAQE&tfu=EgIIAQ,
2026-09-01T15:22:04Z,dsm-stt-jan-saturdays,serpapi,DSM,STT,2027-01-02,2027-01-09,6,8070.00,USD,Delta,1,https://www.google.com/travel/flights?hl=en&gl=us&curr=USD&tfs=CBwQAhoeEgoyMDI3LTAxLTAyagcIARIDRFNNcgcIARIDU1RUGh4SCjIwMjctMDEtMDlqBwgBEgNTVFRyBwgBEgNEU01AAUABQAJAAkACQAJAA0gBcAGYAQE&tfu=EgIIAQ,
2026-09-01T15:22:17Z,dsm-stt-jan-saturdays,serpapi,DSM,STT,2027-01-09,2027-01-16,6,3165.00,USD,American,2,https://www.google.com/travel/flights?hl=en&gl=us&curr=USD&tfs=CBwQAhoeEgoyMDI3LTAxLTA5agcIARIDRFNNcgcIARIDU1RUGh4SCjIwMjctMDEtMTZqBwgBEgNTVFRyBwgBEgNEU01AAUABQAJAAkACQAJAA0gBcAGYAQE&tfu=EgIIAQ,
2026-09-01T15:22:17Z,dsm-stt-jan-saturdays,serpapi,DSM,STT,2027-01-09,2027-01-16,6,3165.00,USD,American,1,https://www.google.com/travel/flights?hl=en&gl=us&curr=USD&tfs=CBwQAhoeEgoyMDI3LTAxLTA5agcIARIDRFNNcgcIARIDU1RUGh4SCjIwMjctMDEtMTZqBwgBEgNTVFRyBwgBEgNEU01AAUABQAJAAkACQAJAA0gBcAGYAQE&tfu=EgIIAQ,
2026-09-01T15:22:17Z,dsm-stt-jan-saturdays,serpapi,DSM,STT,2027-01-09,2027-01-16,6,4713.00,USD,American,1,https://www.google.com/travel/flights?hl=en&gl=us&curr=USD&tfs=CBwQAhoeEgoyMDI3LTAxLTA5agcIARIDRFNNcgcIARIDU1RUGh4SCjIwMjctMDEtMTZqBwgBEgNTVFRyBwgBEgNEU01AAUABQAJAAkACQAJAA0gBcAGYAQE&tfu=EgIIAQ,
2026-09-01T15:22:17Z,dsm-stt-jan-saturdays,serpapi,DSM,STT,2027-01-09,2027-01-16,6,5415.00,USD,American,1,https://www.google.com/travel/flights?hl=en&gl=us&curr=USD&tfs=CBwQAhoeEgoyMDI3LTAxLTA5agcIARIDRFNNcgcIARIDU1RUGh4SCjIwMjctMDEtMTZqBwgBEgNTVFRyBwgBEgNEU01AAUABQAJAAkACQAJAA0gBcAGYAQE&tfu=EgIIAQ,
2026-09-01T15:22:17Z,dsm-stt-jan-saturdays,serpapi,DSM,STT,2027-01-09,2027-01-16,6,5697.00,USD,American,1,https://www.google.com/travel/flights?hl=en&gl=us&curr=USD&tfs=CBwQAhoeEgoyMDI3LTAxLTA5agcIARIDRFNNcgcIARIDU1RUGh4SCjIwMjctMDEtMTZqBwgBEgNTVFRyBwgBEgNEU01AAUABQAJAAkACQAJAA0gBcAGYAQE&tfu=EgIIAQ,
2026-09-01T15:22:17Z,dsm-stt-jan-saturdays,serpapi,DSM,STT,2027-01-09,2027-01-16,6,5415.00,USD,United,2,https://www.google.com/travel/flights?hl=en&gl=us&curr=USD&tfs=CBwQAhoeEgoyMDI3LTAxLTA5agcIARIDRFNNcgcIARIDU1RUGh4SCjIwMjctMDEtMTZqBwgBEgNTVFRyBwgBEgNEU01AAUABQAJAAkACQAJAA0gBcAGYAQE&tfu=EgIIAQ,
2026-09-01T15:22:17Z,dsm-stt-jan-saturdays,serpapi,DSM,STT,2027-01-09,2027-01-16,6,6663.00,USD,United,2,https://www.google.com/travel/flights?hl=en&gl=us&curr=USD&tfs=CBwQAhoeEgoyMDI3LTAxLTA5agcIARIDRFNNcgcIARIDU1RUGh4SCjIwMjctMDEtMTZqBwgBEgNTVFRyBwgBEgNEU01AAUABQAJAAkACQAJAA0gBcAGYAQE&tfu=EgIIAQ,
2026-09-01T15:22:17Z,dsm-stt-jan-saturdays,serpapi,DSM,STT,2027-01-09,2027-01-16,6,11559.00,USD,Delta,1,https://www.google.com/travel/flights?hl=en&gl=us&curr=USD&tfs=CBwQAhoeEgoyMDI3LTAxLTA5agcIARIDRFNNcgcIARIDU1RUGh4SCjIwMjctMDEtMTZqBwgBEgNTVFRyBwgBEgNEU01AAUABQAJAAkACQAJAA0gBcAGYAQE&tfu=EgIIAQ,
2026-09-01T15:22:24Z,dsm-stt-jan-saturdays,serpapi,DSM,STT,2027-01-16,2027-01-23,6,3465.00,USD,American,2,https://www.google.com/travel/flights?hl=en&gl=us&curr=USD&tfs=CBwQAhoeEgoyMDI3LTAxLTE2agcIARIDRFNNcgcIARIDU1RUGh4SCjIwMjctMDEtMjNqBwgBEgNTVFRyBwgBEgNEU01AAUABQAJAAkACQAJAA0gBcAGYAQE&tfu=EgIIAQ,
2026-09-01T15:22:24Z,dsm-stt-jan-saturdays,serpapi,DSM,STT,2027-01-16,2027-01-23,6,3465.00,USD,American,1,https://www.google.com/travel/flights?hl=en&gl=us&curr=USD&tfs=CBwQAhoeEgoyMDI3LTAxLTE2agcIARIDRFNNcgcIARIDU1RUGh4SCjIwMjctMDEtMjNqBwgBEgNTVFRyBwgBEgNEU01AAUABQAJAAkACQAJAA0gBcAGYAQE&tfu=EgIIAQ,
2026-09-01T15:22:24Z,dsm-stt-jan-saturdays,serpapi,DSM,STT,2027-01-16,2027-01-23,6,9036.00,USD,Delta,1,https://www.google.com/travel/flights?hl=en&gl=us&curr=USD&tfs=CBwQAhoeEgoyMDI3LTAxLTE2agcIARIDRFNNcgcIARIDU1RUGh4SCjIwMjctMDEtMjNqBwgBEgNTVFRyBwgBEgNEU01AAUABQAJAAkACQAJAA0gBcAGYAQE&tfu=EgIIAQ,
2026-09-01T15:22:24Z,dsm-stt-jan-saturdays,serpapi,DSM,STT,2027-01-16,2027-01-23,6,5330.00,USD,United,2,https://www.google.com/travel/flights?hl=en&gl=us&curr=USD&tfs=CBwQAhoeEgoyMDI3LTAxLTE2agcIARIDRFNNcgcIARIDU1RUGh4SCjIwMjctMDEtMjNqBwgBEgNTVFRyBwgBEgNEU01AAUABQAJAAkACQAJAA0gBcAGYAQE&tfu=EgIIAQ,
2026-09-01T15:22:24Z,dsm-stt-jan-saturdays,serpapi,DSM,STT,2027-01-16,2027-01-23,6,7043.00,USD,American,1,https://www.google.com/travel/flights?hl=en&gl=us&curr=USD&tfs=CBwQAhoeEgoyMDI3LTAxLTE2agcIARIDRFNNcgcIARIDU1RUGh4SCjIwMjctMDEtMjNqBwgBEgNTVFRyBwgBEgNEU01AAUABQAJAAkACQAJAA0gBcAGYAQE&tfu=EgIIAQ,
2026-09-01T15:22:24Z,dsm-stt-jan-saturdays,serpapi,DSM,STT,2027-01-16,2027-01-23,6,7797.00,USD,American,1,https://www.google.com/travel/flights?hl=en&gl=us&curr=USD&tfs=CBwQAhoeEgoyMDI3LTAxLTE2agcIARIDRFNNcgcIARIDU1RUGh4SCjIwMjctMDEtMjNqBwgBEgNTVFRyBwgBEgNEU01AAUABQAJAAkACQAJAA0gBcAGYAQE&tfu=EgIIAQ,
2026-09-01T15:22:24Z,dsm-stt-jan-saturdays,serpapi,DSM,STT,2027-01-16,2027-01-23,6,8943.00,USD,United,2,https://www.google.com/travel/flights?hl=en&gl=us&curr=USD&tfs=CBwQAhoeEgoyMDI3LTAxLTE2agcIARIDRFNNcgcIARIDU1RUGh4SCjIwMjctMDEtMjNqBwgBEgNTVFRyBwgBEgNEU01AAUABQAJAAkACQAJAA0gBcAGYAQE&tfu=EgIIAQ,
2026-09-01T15:22:30Z,dsm-stt-jan-saturdays,serpapi,DSM,STT,2027-01-23,2027-01-30,6,4311.00,USD,American,1,https://www.google.com/travel/flights?hl=en&gl=us&curr=USD&tfs=CBwQAhoeEgoyMDI3LTAxLTIzagcIARIDRFNNcgcIARIDU1RUGh4SCjIwMjctMDEtMzBqBwgBEgNTVFRyBwgBEgNEU01AAUABQAJAAkACQAJAA0gBcAGYAQE&tfu=EgIIAQ,
2026-09-01T15:22:30Z,dsm-stt-jan-saturdays,serpapi,DSM,STT,2027-01-23,2027-01-30,6,4509.00,USD,American,1,https://www.google.com/travel/flights?hl=en&gl=us&curr=USD&tfs=CBwQAhoeEgoyMDI3LTAxLTIzagcIARIDRFNNcgcIARIDU1RUGh4SCjIwMjctMDEtMzBqBwgBEgNTVFRyBwgBEgNEU01AAUABQAJAAkACQAJAA0gBcAGYAQE&tfu=EgIIAQ,
2026-09-01T15:22:30Z,dsm-stt-jan-saturdays,serpapi,DSM,STT,2027-01-23,2027-01-30,6,7377.00,USD,Delta,1,https://www.google.com/travel/flights?hl=en&gl=us&curr=USD&tfs=CBwQAhoeEgoyMDI3LTAxLTIzagcIARIDRFNNcgcIARIDU1RUGh4SCjIwMjctMDEtMzBqBwgBEgNTVFRyBwgBEgNEU01AAUABQAJAAkACQAJAA0gBcAGYAQE&tfu=EgIIAQ,
2026-09-01T15:22:30Z,dsm-stt-jan-saturdays,serpapi,DSM,STT,2027-01-23,2027-01-30,6,3465.00,USD,American,2,https://www.google.com/travel/flights?hl=en&gl=us&curr=USD&tfs=CBwQAhoeEgoyMDI3LTAxLTIzagcIARIDRFNNcgcIARIDU1RUGh4SCjIwMjctMDEtMzBqBwgBEgNTVFRyBwgBEgNEU01AAUABQAJAAkACQAJAA0gBcAGYAQE&tfu=EgIIAQ,
2026-09-01T15:22:30Z,dsm-stt-jan-saturdays,serpapi,DSM,STT,2027-01-23,2027-01-30,6,3465.00,USD,American,1,https://www.google.com/travel/flights?hl=en&gl=us&curr=USD&tfs=CBwQAhoeEgoyMDI3LTAxLTIzagcIARIDRFNNcgcIARIDU1RUGh4SCjIwMjctMDEtMzBqBwgBEgNTVFRyBwgBEgNEU01AAUABQAJAAkACQAJAA0gBcAGYAQE&tfu=EgIIAQ,
2026-09-01T15:22:30Z,dsm-stt-jan-saturdays,serpapi,DSM,STT,2027-01-23,2027-01-30,6,5041.00,USD,United,2,https://www.google.com/travel/flights?hl=en&gl=us&curr=USD&tfs=CBwQAhoeEgoyMDI3LTAxLTIzagcIARIDRFNNcgcIARIDU1RUGh4SCjIwMjctMDEtMzBqBwgBEgNTVFRyBwgBEgNEU01AAUABQAJAAkACQAJAA0gBcAGYAQE&tfu=EgIIAQ,
2026-09-01T15:22:30Z,dsm-stt-jan-saturdays,serpapi,DSM,STT,2027-01-23,2027-01-30,6,5415.00,USD,United,2,https://www.google.com/travel/flights?hl=en&gl=us&curr=USD&tfs=CBwQAhoeEgoyMDI3LTAxLTIzagcIARIDRFNNcgcIARIDU1RUGh4SCjIwMjctMDEtMzBqBwgBEgNTVFRyBwgBEgNEU01AAUABQAJAAkACQAJAA0gBcAGYAQE&tfu=EgIIAQ,
2026-09-01T15:22:30Z,dsm-stt-jan-saturdays,serpapi,DSM,STT,2027-01-23,2027-01-30,6,6264.00,USD,United,2,https://www.google.com/travel/flights?hl=en&gl=us&curr=USD&tfs=CBwQAhoeEgoyMDI3LTAxLTIzagcIARIDRFNNcgcIARIDU1RUGh4SCjIwMjctMDEtMzBqBwgBEgNTVFRyBwgBEgNEU01AAUABQAJAAkACQAJAA0gBcAGYAQE&tfu=EgIIAQ,
2026-09-01T15:22:30Z,dsm-stt-jan-saturdays,serpapi,DSM,STT,2027-01-23,2027-01-30,6,6561.00,USD,Delta,1,https://www.google.com/travel/flights?hl=en&gl=us&curr=USD&tfs=CBwQAhoeEgoyMDI3LTAxLTIzagcIARIDRFNNcgcIARIDU1RUGh4SCjIwMjctMDEtMzBqBwgBEgNTVFRyBwgBEgNEU01AAUABQAJAAkACQAJAA0gBcAGYAQE&tfu=EgIIAQ,
2026-09-01T15:22:35Z,dsm-stt-jan-saturdays,serpapi,DSM,STT,2027-01-30,2027-02-06,6,3165.00,USD,American,1,https://www.google.com/travel/flights?hl=en&gl=us&curr=USD&tfs=CBwQAhoeEgoyMDI3LTAxLTMwagcIARIDRFNNcgcIARIDU1RUGh4SCjIwMjctMDItMDZqBwgBEgNTVFRyBwgBEgNEU01AAUABQAJAAkACQAJAA0gBcAGYAQE&tfu=EgIIAQ,
2026-09-01T15:22:35Z,dsm-stt-jan-saturdays,serpapi,DSM,STT,2027-01-30,2027-02-06,6,4713.00,USD,American,1,https://www.google.com/travel/flights?hl=en&gl=us&curr=USD&tfs=CBwQAhoeEgoyMDI3LTAxLTMwagcIARIDRFNNcgcIARIDU1RUGh4SCjIwMjctMDItMDZqBwgBEgNTVFRyBwgBEgNEU01AAUABQAJAAkACQAJAA0gBcAGYAQE&tfu=EgIIAQ,
2026-09-01T15:22:35Z,dsm-stt-jan-saturdays,serpapi,DSM,STT,2027-01-30,2027-02-06,6,9036.00,USD,Delta,1,https://www.google.com/travel/flights?hl=en&gl=us&curr=USD&tfs=CBwQAhoeEgoyMDI3LTAxLTMwagcIARIDRFNNcgcIARIDU1RUGh4SCjIwMjctMDItMDZqBwgBEgNTVFRyBwgBEgNEU01AAUABQAJAAkACQAJAA0gBcAGYAQE&tfu=EgIIAQ,
2026-09-01T15:22:35Z,dsm-stt-jan-saturdays,serpapi,DSM,STT,2027-01-30,2027-02-06,6,3165.00,USD,American,2,https://www.google.com/travel/flights?hl=en&gl=us&curr=USD&tfs=CBwQAhoeEgoyMDI3LTAxLTMwagcIARIDRFNNcgcIARIDU1RUGh4SCjIwMjctMDItMDZqBwgBEgNTVFRyBwgBEgNEU01AAUABQAJAAkACQAJAA0gBcAGYAQE&tfu=EgIIAQ,
2026-09-01T15:22:35Z,dsm-stt-jan-saturdays,serpapi,DSM,STT,2027-01-30,2027-02-06,6,4837.00,USD,United,2,https://www.google.com/travel/flights?hl=en&gl=us&curr=USD&tfs=CBwQAhoeEgoyMDI3LTAxLTMwagcIARIDRFNNcgcIARIDU1RUGh4SCjIwMjctMDItMDZqBwgBEgNTVFRyBwgBEgNEU01AAUABQAJAAkACQAJAA0gBcAGYAQE&tfu=EgIIAQ,
2026-09-01T15:22:35Z,dsm-stt-jan-saturdays,serpapi,DSM,STT,2027-01-30,2027-02-06,6,5147.00,USD,United,1,https://www.google.com/travel/flights?hl=en&gl=us&curr=USD&tfs=CBwQAhoeEgoyMDI3LTAxLTMwagcIARIDRFNNcgcIARIDU1RUGh4SCjIwMjctMDItMDZqBwgBEgNTVFRyBwgBEgNEU01AAUABQAJAAkACQAJAA0gBcAGYAQE&tfu=EgIIAQ,
2026-09-01T15:22:35Z,dsm-stt-jan-saturdays,serpapi,DSM,STT,2027-01-30,2027-02-06,6,6246.00,USD,United,2,https://www.google.com/travel/flights?hl=en&gl=us&curr=USD&tfs=CBwQAhoeEgoyMDI3LTAxLTMwagcIARIDRFNNcgcIARIDU1RUGh4SCjIwMjctMDItMDZqBwgBEgNTVFRyBwgBEgNEU01AAUABQAJAAkACQAJAA0gBcAGYAQE&tfu=EgIIAQ,
2026-09-01T15:22:35Z,dsm-stt-jan-saturdays,serpapi,DSM,STT,2027-01-30,2027-02-06,6,7497.00,USD,American,1,https://www.google.com/travel/flights?hl=en&gl=us&curr=USD&tfs=CBwQAhoeEgoyMDI3LTAxLTMwagcIARIDRFNNcgcIARIDU1RUGh4SCjIwMjctMDItMDZqBwgBEgNTVFRyBwgBEgNEU01AAUABQAJAAkACQAJAA0gBcAGYAQE&tfu=EgIIAQ,
2026-09-01T15:22:37Z,dsm-stt-jan-saturdays,serpapi,DSM,STT,2027-01-02,2027-01-09,1,652.00,USD,American,1,https://www.google.com/travel/flights?hl=en&gl=us&curr=USD&tfs=CBwQAhoeEgoyMDI3LTAxLTAyagcIARIDRFNNcgcIARIDU1RUGh4SCjIwMjctMDEtMDlqBwgBEgNTVFRyBwgBEgNEU01AAUgBcAGYAQE&tfu=EgIIAQ,
2026-09-01T15:22:37Z,dsm-stt-jan-saturdays,serpapi,DSM,STT,2027-01-02,2027-01-09,1,1053.00,USD,United,1,https://www.google.com/travel/flights?hl=en&gl=us&curr=USD&tfs=CBwQAhoeEgoyMDI3LTAxLTAyagcIARIDRFNNcgcIARIDU1RUGh4SCjIwMjctMDEtMDlqBwgBEgNTVFRyBwgBEgNEU01AAUgBcAGYAQE&tfu=EgIIAQ,
2026-09-01T15:22:37Z,dsm-stt-jan-saturdays,serpapi,DSM,STT,2027-01-02,2027-01-09,1,1093.00,USD,Delta,1,https://www.google.com/travel/flights?hl=en&gl=us&curr=USD&tfs=CBwQAhoeEgoyMDI3LTAxLTAyagcIARIDRFNNcgcIARIDU1RUGh4SCjIwMjctMDEtMDlqBwgBEgNTVFRyBwgBEgNEU01AAUgBcAGYAQE&tfu=EgIIAQ,
2026-09-01T15:22:37Z,dsm-stt-jan-saturdays,serpapi,DSM,STT,2027-01-02,2027-01-09,1,527.00,USD,American,2,https://www.google.com/travel/flights?hl=en&gl=us&curr=USD&tfs=CBwQAhoeEgoyMDI3LTAxLTAyagcIARIDRFNNcgcIARIDU1RUGh4SCjIwMjctMDEtMDlqBwgBEgNTVFRyBwgBEgNEU01AAUgBcAGYAQE&tfu=EgIIAQ,
2026-09-01T15:22:37Z,dsm-stt-jan-saturdays,serpapi,DSM,STT,2027-01-02,2027-01-09,1,527.00,USD,American,1,https://www.google.com/travel/flights?hl=en&gl=us&curr=USD&tfs=CBwQAhoeEgoyMDI3LTAxLTAyagcIARIDRFNNcgcIARIDU1RUGh4SCjIwMjctMDEtMDlqBwgBEgNTVFRyBwgBEgNEU01AAUgBcAGYAQE&tfu=EgIIAQ,
2026-09-01T15:22:37Z,dsm-stt-jan-saturdays,serpapi,DSM,STT,2027-01-02,2027-01-09,1,949.00,USD,American,1,https://www.google.com/travel/flights?hl=en&gl=us&curr=USD&tfs=CBwQAhoeEgoyMDI3LTAxLTAyagcIARIDRFNNcgcIARIDU1RUGh4SCjIwMjctMDEtMDlqBwgBEgNTVFRyBwgBEgNEU01AAUgBcAGYAQE&tfu=EgIIAQ,
2026-09-01T15:22:37Z,dsm-stt-jan-saturdays,serpapi,DSM,STT,2027-01-02,2027-01-09,1,1248.00,USD,American,1,https://www.google.com/travel/flights?hl=en&gl=us&curr=USD&tfs=CBwQAhoeEgoyMDI3LTAxLTAyagcIARIDRFNNcgcIARIDU1RUGh4SCjIwMjctMDEtMDlqBwgBEgNTVFRyBwgBEgNEU01AAUgBcAGYAQE&tfu=EgIIAQ,
2026-09-01T15:22:37Z,dsm-stt-jan-saturdays,serpapi,DSM,STT,2027-01-02,2027-01-09,1,1308.00,USD,United,2,https://www.google.com/travel/flights?hl=en&gl=us&curr=USD&tfs=CBwQAhoeEgoyMDI3LTAxLTAyagcIARIDRFNNcgcIARIDU1RUGh4SCjIwMjctMDEtMDlqBwgBEgNTVFRyBwgBEgNEU01AAUgBcAGYAQE&tfu=EgIIAQ,
2026-09-01T15:22:37Z,dsm-stt-jan-saturdays,serpapi,DSM,STT,2027-01-02,2027-01-09,1,1345.00,USD,Delta,1,https://www.google.com/travel/flights?hl=en&gl=us&curr=USD&tfs=CBwQAhoeEgoyMDI3LTAxLTAyagcIARIDRFNNcgcIARIDU1RUGh4SCjIwMjctMDEtMDlqBwgBEgNTVFRyBwgBEgNEU01AAUgBcAGYAQE&tfu=EgIIAQ,
2026-09-01T15:22:40Z,dsm-stt-jan-saturdays,serpapi,DSM,STT,2027-01-09,2027-01-16,1,527.00,USD,American,2,https://www.google.com/travel/flights?hl=en&gl=us&curr=USD&tfs=CBwQAhoeEgoyMDI3LTAxLTA5agcIARIDRFNNcgcIARIDU1RUGh4SCjIwMjctMDEtMTZqBwgBEgNTVFRyBwgBEgNEU01AAUgBcAGYAQE&tfu=EgIIAQ,
2026-09-01T15:22:40Z,dsm-stt-jan-saturdays,serpapi,DSM,STT,2027-01-09,2027-01-16,1,751.00,USD,American,1,https://www.google.com/travel/flights?hl=en&gl=us&curr=USD&tfs=CBwQAhoeEgoyMDI3LTAxLTA5agcIARIDRFNNcgcIARIDU1RUGh4SCjIwMjctMDEtMTZqBwgBEgNTVFRyBwgBEgNEU01AAUgBcAGYAQE&tfu=EgIIAQ,
2026-09-01T15:22:40Z,dsm-stt-jan-saturdays,serpapi,DSM,STT,2027-01-09,2027-01-16,1,785.00,USD,American,1,https://www.google.com/travel/flights?hl=en&gl=us&curr=USD&tfs=CBwQAhoeEgoyMDI3LTAxLTA5agcIARIDRFNNcgcIARIDU1RUGh4SCjIwMjctMDEtMTZqBwgBEgNTVFRyBwgBEgNEU01AAUgBcAGYAQE&tfu=EgIIAQ,
2026-09-01T15:22:40Z,dsm-stt-jan-saturdays,serpapi,DSM,STT,2027-01-09,2027-01-16,1,527.00,USD,American,1,https://www.google.com/travel/flights?hl=en&gl=us&curr=USD&tfs=CBwQAhoeEgoyMDI3LTAxLTA5agcIARIDRFNNcgcIARIDU1RUGh4SCjIwMjctMDEtMTZqBwgBEgNTVFRyBwgBEgNEU01AAUgBcAGYAQE&tfu=EgIIAQ,
2026-09-01T15:22:40Z,dsm-stt-jan-saturdays,serpapi,DSM,STT,2027-01-09,2027-01-16,1,902.00,USD,United,2,https://www.google.com/travel/flights?hl=en&gl=us&curr=USD&tfs=CBwQAhoeEgoyMDI3LTAxLTA5agcIARIDRFNNcgcIARIDU1RUGh4SCjIwMjctMDEtMTZqBwgBEgNTVFRyBwgBEgNEU01AAUgBcAGYAQE&tfu=EgIIAQ,
2026-09-01T15:22:40Z,dsm-stt-jan-saturdays,serpapi,DSM,STT,2027-01-09,2027-01-16,1,920.00,USD,United,2,https://www.google.com/travel/flights?hl=en&gl=us&curr=USD&tfs=CBwQAhoeEgoyMDI3LTAxLTA5agcIARIDRFNNcgcIARIDU1RUGh4SCjIwMjctMDEtMTZqBwgBEgNTVFRyBwgBEgNEU01AAUgBcAGYAQE&tfu=EgIIAQ,
2026-09-01T15:22:40Z,dsm-stt-jan-saturdays,serpapi,DSM,STT,2027-01-09,2027-01-16,1,1068.00,USD,United,2,https://www.google.com/travel/flights?hl=en&gl=us&curr=USD&tfs=CBwQAhoeEgoyMDI3LTAxLTA5agcIARIDRFNNcgcIARIDU1RUGh4SCjIwMjctMDEtMTZqBwgBEgNTVFRyBwgBEgNEU01AAUgBcAGYAQE&tfu=EgIIAQ,
2026-09-01T15:22:40Z,dsm-stt-jan-saturdays,serpapi,DSM,STT,2027-01-09,2027-01-16,1,1612.00,USD,Delta,1,https://www.google.com/travel/flights?hl=en&gl=us&curr=USD&tfs=CBwQAhoeEgoyMDI3LTAxLTA5agcIARIDRFNNcgcIARIDU1RUGh4SCjIwMjctMDEtMTZqBwgBEgNTVFRyBwgBEgNEU01AAUgBcAGYAQE&tfu=EgIIAQ,
2026-09-01T15:22:40Z,dsm-stt-jan-saturdays,serpapi,DSM,STT,2027-01-09,2027-01-16,1,1769.00,USD,Delta,1,https://www.google.com/travel/flights?hl=en&gl=us&curr=USD&tfs=CBwQAhoeEgoyMDI3LTAxLTA5agcIARIDRFNNcgcIARIDU1RUGh4SCjIwMjctMDEtMTZqBwgBEgNTVFRyBwgBEgNEU01AAUgBcAGYAQE&tfu=EgIIAQ,
2026-09-01T15:22:40Z,dsm-stt-jan-saturdays,serpapi,DSM,STT,2027-01-09,2027-01-16,1,3285.00,USD,Delta,2,https://www.google.com/travel/flights?hl=en&gl=us&curr=USD&tfs=CBwQAhoeEgoyMDI3LTAxLTA5agcIARIDRFNNcgcIARIDU1RUGh4SCjIwMjctMDEtMTZqBwgBEgNTVFRyBwgBEgNEU01AAUgBcAGYAQE&tfu=EgIIAQ,
2026-09-01T15:22:42Z,dsm-stt-jan-saturdays,serpapi,DSM,STT,2027-01-16,2027-01-23,1,577.00,USD,American,2,https://www.google.com/travel/flights?hl=en&gl=us&curr=USD&tfs=CBwQAhoeEgoyMDI3LTAxLTE2agcIARIDRFNNcgcIARIDU1RUGh4SCjIwMjctMDEtMjNqBwgBEgNTVFRyBwgBEgNEU01AAUgBcAGYAQE&tfu=EgIIAQ,
2026-09-01T15:22:42Z,dsm-stt-jan-saturdays,serpapi,DSM,STT,2027-01-16,2027-01-23,1,577.00,USD,American,1,https://www.google.com/travel/flights?hl=en&gl=us&curr=USD&tfs=CBwQAhoeEgoyMDI3LTAxLTE2agcIARIDRFNNcgcIARIDU1RUGh4SCjIwMjctMDEtMjNqBwgBEgNTVFRyBwgBEgNEU01AAUgBcAGYAQE&tfu=EgIIAQ,
2026-09-01T15:22:42Z,dsm-stt-jan-saturdays,serpapi,DSM,STT,2027-01-16,2027-01-23,1,999.00,USD,American,1,https://www.google.com/travel/flights?hl=en&gl=us&curr=USD&tfs=CBwQAhoeEgoyMDI3LTAxLTE2agcIARIDRFNNcgcIARIDU1RUGh4SCjIwMjctMDEtMjNqBwgBEgNTVFRyBwgBEgNEU01AAUgBcAGYAQE&tfu=EgIIAQ,
2026-09-01T15:22:42Z,dsm-stt-jan-saturdays,serpapi,DSM,STT,2027-01-16,2027-01-23,1,1506.00,USD,Delta,1,https://www.google.com/travel/flights?hl=en&gl=us&curr=USD&tfs=CBwQAhoeEgoyMDI3LTAxLTE2agcIARIDRFNNcgcIARIDU1RUGh4SCjIwMjctMDEtMjNqBwgBEgNTVFRyBwgBEgNEU01AAUgBcAGYAQE&tfu=EgIIAQ,
2026-09-01T15:22:42Z,dsm-stt-jan-saturdays,serpapi,DSM,STT,2027-01-16,2027-01-23,1,888.00,USD,United,2,https://www.google.com/travel/flights?hl=en&gl=us&curr=USD&tfs=CBwQAhoeEgoyMDI3LTAxLTE2agcIARIDRFNNcgcIARIDU1RUGh4SCjIwMjctMDEtMjNqBwgBEgNTVFRyBwgBEgNEU01AAUgBcAGYAQE&tfu=EgIIAQ,
2026-09-01T15:22:42Z,dsm-stt-jan-saturdays,serpapi,DSM,STT,2027-01-16,2027-01-23,1,947.00,USD,United,2,https://www.google.com/travel/flights?hl=en&gl=us&curr=USD&tfs=CBwQAhoeEgoyMDI3LTAxLTE2agcIARIDRFNNcgcIARIDU1RUGh4SCjIwMjctMDEtMjNqBwgBEgNTVFRyBwgBEgNEU01AAUgBcAGYAQE&tfu=EgIIAQ,
2026-09-01T15:22:42Z,dsm-stt-jan-saturdays,serpapi,DSM,STT,2027-01-16,2027-01-23,1,1208.00,USD,United,2,https://www.google.com/travel/flights?hl=en&gl=us&curr=USD&tfs=CBwQAhoeEgoyMDI3LTAxLTE2agcIARIDRFNNcgcIARIDU1RUGh4SCjIwMjctMDEtMjNqBwgBEgNTVFRyBwgBEgNEU01AAUgBcAGYAQE&tfu=EgIIAQ,
2026-09-01T15:22:42Z,dsm-stt-jan-saturdays,serpapi,DSM,STT,2027-01-16,2027-01-23,1,1292.00,USD,United,2,https://www.google.com/travel/flights?hl=en&gl=us&curr=USD&tfs=CBwQAhoeEgoyMDI3LTAxLTE2agcIARIDRFNNcgcIARIDU1RUGh4SCjIwMjctMDEtMjNqBwgBEgNTVFRyBwgBEgNEU01AAUgBcAGYAQE&tfu=EgIIAQ,
2026-09-01T15:22:42Z,dsm-stt-jan-saturdays,serpapi,DSM,STT,2027-01-16,2027-01-23,1,1299.00,USD,American,1,https://www.google.com/travel/flights?hl=en&gl=us&curr=USD&tfs=CBwQAhoeEgoyMDI3LTAxLTE2agcIARIDRFNNcgcIARIDU1RUGh4SCjIwMjctMDEtMjNqBwgBEgNTVFRyBwgBEgNEU01AAUgBcAGYAQE&tfu=EgIIAQ,
2026-09-01T15:22:44Z,dsm-stt-jan-saturdays,serpapi,DSM,STT,2027-01-23,2027-01-30,1,718.00,USD,American,1,https://www.google.com/travel/flights?hl=en&gl=us&curr=USD&tfs=CBwQAhoeEgoyMDI3LTAxLTIzagcIARIDRFNNcgcIARIDU1RUGh4SCjIwMjctMDEtMzBqBwgBEgNTVFRyBwgBEgNEU01AAUgBcAGYAQE&tfu=EgIIAQ,
2026-09-01T15:22:44Z,dsm-stt-jan-saturdays,serpapi,DSM,STT,2027-01-23,2027-01-30,1,1093.00,USD,Delta,1,https://www.google.com/travel/flights?hl=en&gl=us&curr=USD&tfs=CBwQAhoeEgoyMDI3LTAxLTIzagcIARIDRFNNcgcIARIDU1RUGh4SCjIwMjctMDEtMzBqBwgBEgNTVFRyBwgBEgNEU01AAUgBcAGYAQE&tfu=EgIIAQ,
2026-09-01T15:22:44Z,dsm-stt-jan-saturdays,serpapi,DSM,STT,2027-01-23,2027-01-30,1,527.00,USD,American,2,https://www.google.com/travel/flights?hl=en&gl=us&curr=USD&tfs=CBwQAhoeEgoyMDI3LTAxLTIzagcIARIDRFNNcgcIARIDU1RUGh4SCjIwMjctMDEtMzBqBwgBEgNTVFRyBwgBEgNEU01AAUgBcAGYAQE&tfu=EgIIAQ,
2026-09-01T15:22:44Z,dsm-stt-jan-saturdays,serpapi,DSM,STT,2027-01-23,2027-01-30,1,527.00,USD,American,1,https://www.google.com/travel/flights?hl=en&gl=us&curr=USD&tfs=CBwQAhoeEgoyMDI3LTAxLTIzagcIARIDRFNNcgcIARIDU1RUGh4SCjIwMjctMDEtMzBqBwgBEgNTVFRyBwgBEgNEU01AAUgBcAGYAQE&tfu=EgIIAQ,
2026-09-01T15:22:44Z,dsm-stt-jan-saturdays,serpapi,DSM,STT,2027-01-23,2027-01-30,1,840.00,USD,United,2,https://www.google.com/travel/flights?hl=en&gl=us&curr=USD&tfs=CBwQAhoeEgoyMDI3LTAxLTIzagcIARIDRFNNcgcIARIDU1RUGh4SCjIwMjctMDEtMzBqBwgBEgNTVFRyBwgBEgNEU01AAUgBcAGYAQE&tfu=EgIIAQ,
2026-09-01T15:22:44Z,dsm-stt-jan-saturdays,serpapi,DSM,STT,2027-01-23,2027-01-30,1,920.00,USD,United,2,https://www.google.com/travel/flights?hl=en&gl=us&curr=USD&tfs=CBwQAhoeEgoyMDI3LTAxLTIzagcIARIDRFNNcgcIARIDU1RUGh4SCjIwMjctMDEtMzBqBwgBEgNTVFRyBwgBEgNEU01AAUgBcAGYAQE&tfu=EgIIAQ,
2026-09-01T15:22:44Z,dsm-stt-jan-saturdays,serpapi,DSM,STT,2027-01-23,2027-01-30,1,1035.00,USD,United,2,https://www.google.com/travel/flights?hl=en&gl=us&curr=USD&tfs=CBwQAhoeEgoyMDI3LTAxLTIzagcIARIDRFNNcgcIARIDU1RUGh4SCjIwMjctMDEtMzBqBwgBEgNTVFRyBwgBEgNEU01AAUgBcAGYAQE&tfu=EgIIAQ,
2026-09-01T15:22:45Z,dsm-stt-jan-saturdays,serpapi,DSM,STT,2027-01-30,2027-02-06,1,527.00,USD,American,2,https://www.google.com/travel/flights?hl=en&gl=us&curr=USD&tfs=CBwQAhoeEgoyMDI3LTAxLTMwagcIARIDRFNNcgcIARIDU1RUGh4SCjIwMjctMDItMDZqBwgBEgNTVFRyBwgBEgNEU01AAUgBcAGYAQE&tfu=EgIIAQ,
2026-09-01T15:22:45Z,dsm-stt-jan-saturdays,serpapi,DSM,STT,2027-01-30,2027-02-06,1,785.00,USD,American,1,https://www.google.com/travel/flights?hl=en&gl=us&curr=USD&tfs=CBwQAhoeEgoyMDI3LTAxLTMwagcIARIDRFNNcgcIARIDU1RUGh4SCjIwMjctMDItMDZqBwgBEgNTVFRyBwgBEgNEU01AAUgBcAGYAQE&tfu=EgIIAQ,
2026-09-01T15:22:45Z,dsm-stt-jan-saturdays,serpapi,DSM,STT,2027-01-30,2027-02-06,1,902.00,USD,American,1,https://www.google.com/travel/flights?hl=en&gl=us&curr=USD&tfs=CBwQAhoeEgoyMDI3LTAxLTMwagcIARIDRFNNcgcIARIDU1RUGh4SCjIwMjctMDItMDZqBwgBEgNTVFRyBwgBEgNEU01AAUgBcAGYAQE&tfu=EgIIAQ,
2026-09-01T15:22:45Z,dsm-stt-jan-saturdays,serpapi,DSM,STT,2027-01-30,2027-02-06,1,1506.00,USD,Delta,1,https://www.google.com/travel/flights?hl=en&gl=us&curr=USD&tfs=CBwQAhoeEgoyMDI3LTAxLTMwagcIARIDRFNNcgcIARIDU1RUGh4SCjIwMjctMDItMDZqBwgBEgNTVFRyBwgBEgNEU01AAUgBcAGYAQE&tfu=EgIIAQ,
2026-09-01T15:22:45Z,dsm-stt-jan-saturdays,serpapi,DSM,STT,2027-01-30,2027-02-06,1,527.00,USD,American,1,https://www.google.com/travel/flights?hl=en&gl=us&curr=USD&tfs=CBwQAhoeEgoyMDI3LTAxLTMwagcIARIDRFNNcgcIARIDU1RUGh4SCjIwMjctMDItMDZqBwgBEgNTVFRyBwgBEgNEU01AAUgBcAGYAQE&tfu=EgIIAQ,
2026-09-01T15:22:45Z,dsm-stt-jan-saturdays,serpapi,DSM,STT,2027-01-30,2027-02-06,1,763.00,USD,American,2,https://www.google.com/travel/flights?hl=en&gl=us&curr=USD&tfs=CBwQAhoeEgoyMDI3LTAxLTMwagcIARIDRFNNcgcIARIDU1RUGh4SCjIwMjctMDItMDZqBwgBEgNTVFRyBwgBEgNEU01AAUgBcAGYAQE&tfu=EgIIAQ,
2026-09-01T15:22:45Z,dsm-stt-jan-saturdays,serpapi,DSM,STT,2027-01-30,2027-02-06,1,806.00,USD,United,2,https://www.google.com/travel/flights?hl=en&gl=us&curr=USD&tfs=CBwQAhoeEgoyMDI3LTAxLTMwagcIARIDRFNNcgcIARIDU1RUGh4SCjIwMjctMDItMDZqBwgBEgNTVFRyBwgBEgNEU01AAUgBcAGYAQE&tfu=EgIIAQ,
2026-09-01T15:22:45Z,dsm-stt-jan-saturdays,serpapi,DSM,STT,2027-01-30,2027-02-06,1,935.00,USD,United,2,https://www.google.com/travel/flights?hl=en&gl=us&curr=USD&tfs=CBwQAhoeEgoyMDI3LTAxLTMwagcIARIDRFNNcgcIARIDU1RUGh4SCjIwMjctMDItMDZqBwgBEgNTVFRyBwgBEgNEU01AAUgBcAGYAQE&tfu=EgIIAQ,
2026-09-01T15:22:45Z,dsm-stt-jan-saturdays,serpapi,DSM,STT,2027-01-30,2027-02-06,1,944.00,USD,United,1,https://www.google.com/travel/flights?hl=en&gl=us&curr=USD&tfs=CBwQAhoeEgoyMDI3LTAxLTMwagcIARIDRFNNcgcIARIDU1RUGh4SCjIwMjctMDItMDZqBwgBEgNTVFRyBwgBEgNEU01AAUgBcAGYAQE&tfu=EgIIAQ,
2026-09-01T15:22:45Z,dsm-stt-jan-saturdays,serpapi,DSM,STT,2027-01-30,2027-02-06,1,1047.00,USD,United,2,https://www.google.com/travel/flights?hl=en&gl=us&curr=USD&tfs=CBwQAhoeEgoyMDI3LTAxLTMwagcIARIDRFNNcgcIARIDU1RUGh4SCjIwMjctMDItMDZqBwgBEgNTVFRyBwgBEgNEU01AAUgBcAGYAQE&tfu=EgIIAQ,
2026-09-01T15:22:45Z,dsm-stt-jan-saturdays,serpapi,DSM,STT,2027-01-30,2027-02-06,1,3355.00,USD,Delta,2,https://www.google.com/travel/flights?hl=en&gl=us&curr=USD&tfs=CBwQAhoeEgoyMDI3LTAxLTMwagcIARIDRFNNcgcIARIDU1RUGh4SCjIwMjctMDItMDZqBwgBEgNTVFRyBwgBEgNEU01AAUgBcAGYAQE&tfu=EgIIAQ,
2026-09-01T15:22:52Z,dsm-sju-jan-saturdays,serpapi,DSM,SJU,2027-01-02,2027-01-09,6,3336.00,USD,American,1,https://www.google.com/travel/flights?hl=en&gl=us&curr=USD&tfs=CBwQAhoeEgoyMDI3LTAxLTAyagcIARIDRFNNcgcIARIDU0pVGh4SCjIwMjctMDEtMDlqBwgBEgNTSlVyBwgBEgNEU01AAUABQAJAAkACQAJAA0gBcAGYAQE&tfu=EgIIAQ,
2026-09-01T15:22:52Z,dsm-sju-jan-saturdays,serpapi,DSM,SJU,2027-01-02,2027-01-09,6,3840.00,USD,Southwest,1,https://www.google.com/travel/flights?hl=en&gl=us&curr=USD&tfs=CBwQAhoeEgoyMDI3LTAxLTAyagcIARIDRFNNcgcIARIDU0pVGh4SCjIwMjctMDEtMDlqBwgBEgNTSlVyBwgBEgNEU01AAUABQAJAAkACQAJAA0gBcAGYAQE&tfu=EgIIAQ,
2026-09-01T15:22:52Z,dsm-sju-jan-saturdays,serpapi,DSM,SJU,2027-01-02,2027-01-09,6,5320.00,USD,United,1,https://www.google.com/travel/flights?hl=en&gl=us&curr=USD&tfs=CBwQAhoeEgoyMDI3LTAxLTAyagcIARIDRFNNcgcIARIDU0pVGh4SCjIwMjctMDEtMDlqBwgBEgNTSlVyBwgBEgNEU01AAUABQAJAAkACQAJAA0gBcAGYAQE&tfu=EgIIAQ,
2026-09-01T15:22:52Z,dsm-sju-jan-saturdays,serpapi,DSM,SJU,2027-01-02,2027-01-09,6,5844.00,USD,United,1,https://www.google.com/travel/flights?hl=en&gl=us&curr=USD&tfs=CBwQAhoeEgoyMDI3LTAxLTAyagcIARIDRFNNcgcIARIDU0pVGh4SCjIwMjctMDEtMDlqBwgBEgNTSlVyBwgBEgNEU01AAUABQAJAAkACQAJAA0gBcAGYAQE&tfu=EgIIAQ,
2026-09-01T15:22:52Z,dsm-sju-jan-saturdays,serpapi,DSM,SJU,2027-01-02,2027-01-09,6,6504.00,USD,Delta,1,https://www.google.com/travel/flights?hl=en&gl=us&curr=USD&tfs=CBwQAhoeEgoyMDI3LTAxLTAyagcIARIDRFNNcgcIARIDU0pVGh4SCjIwMjctMDEtMDlqBwgBEgNTSlVyBwgBEgNEU01AAUABQAJAAkACQAJAA0gBcAGYAQE&tfu=EgIIAQ,
2026-09-01T15:22:52Z,dsm-sju-jan-saturdays,serpapi,DSM,SJU,2027-01-02,2027-01-09,6,5244.00,USD,American,1,https://www.google.com/travel/flights?hl=en&gl=us&curr=USD&tfs=CBwQAhoeEgoyMDI3LTAxLTAyagcIARIDRFNNcgcIARIDU0pVGh4SCjIwMjctMDEtMDlqBwgBEgNTSlVyBwgBEgNEU01AAUABQAJAAkACQAJAA0gBcAGYAQE&tfu=EgIIAQ,
2026-09-01T15:22:52Z,dsm-sju-jan-saturdays,serpapi,DSM,SJU,2027-01-02,2027-01-09,6,7992.00,USD,Delta,1,https://www.google.com/travel/flights?hl=en&gl=us&curr=USD&tfs=CBwQAhoeEgoyMDI3LTAxLTAyagcIARIDRFNNcgcIARIDU0pVGh4SCjIwMjctMDEtMDlqBwgBEgNTSlVyBwgBEgNEU01AAUABQAJAAkACQAJAA0gBcAGYAQE&tfu=EgIIAQ,
2026-09-01T15:22:57Z,dsm-sju-jan-saturdays,serpapi,DSM,SJU,2027-01-09,2027-01-16,6,3306.00,USD,Southwest,1,https://www.google.com/travel/flights?hl=en&gl=us&curr=USD&tfs=CBwQAhoeEgoyMDI3LTAxLTA5agcIARIDRFNNcgcIARIDU0pVGh4SCjIwMjctMDEtMTZqBwgBEgNTSlVyBwgBEgNEU01AAUABQAJAAkACQAJAA0gBcAGYAQE&tfu=EgIIAQ,
2026-09-01T15:22:57Z,dsm-sju-jan-saturdays,serpapi,DSM,SJU,2027-01-09,2027-01-16,6,3330.00,USD,United,1,https://www.google.com/travel/flights?hl=en&gl=us&curr=USD&tfs=CBwQAhoeEgoyMDI3LTAxLTA5agcIARIDRFNNcgcIARIDU0pVGh4SCjIwMjctMDEtMTZqBwgBEgNTSlVyBwgBEgNEU01AAUABQAJAAkACQAJAA0gBcAGYAQE&tfu=EgIIAQ,
2026-09-01T15:22:57Z,dsm-sju-jan-saturdays,serpapi,DSM,SJU,2027-01-09,2027-01-16,6,3336.00,USD,American,1,https://www.google.com/travel/flights?hl=en&gl=us&curr=USD&tfs=CBwQAhoeEgoyMDI3LTAxLTA5agcIARIDRFNNcgcIARIDU0pVGh4SCjIwMjctMDEtMTZqBwgBEgNTSlVyBwgBEgNEU01AAUABQAJAAkACQAJAA0gBcAGYAQE&tfu=EgIIAQ,
2026-09-01T15:22:57Z,dsm-sju-jan-saturdays,serpapi,DSM,SJU,2027-01-09,2027-01-16,6,2916.00,USD,United,1,https://www.google.com/travel/flights?hl=en&gl=us&curr=USD&tfs=CBwQAhoeEgoyMDI3LTAxLTA5agcIARIDRFNNcgcIARIDU0pVGh4SCjIwMjctMDEtMTZqBwgBEgNTSlVyBwgBEgNEU01AAUABQAJAAkACQAJAA0gBcAGYAQE&tfu=EgIIAQ,
2026-09-01T15:22:57Z,dsm-sju-jan-saturdays,serpapi,DSM,SJU,2027-01-09,2027-01-16,6,3066.00,USD,American,2,https://www.google.com/travel/flights?hl=en&gl=us&curr=USD&tfs=CBwQAhoeEgoyMDI3LTAxLTA5agcIARIDRFNNcgcIARIDU0pVGh4SCjIwMjctMDEtMTZqBwgBEgNTSlVyBwgBEgNEU01AAUABQAJAAkACQAJAA0gBcAGYAQE&tfu=EgIIAQ,
2026-09-01T15:22:57Z,dsm-sju-jan-saturdays,serpapi,DSM,SJU,2027-01-09,2027-01-16,6,3066.00,USD,American,1,https://www.google.com/travel/flights?hl=en&gl=us&curr=USD&tfs=CBwQAhoeEgoyMDI3LTAxLTA5agcIARIDRFNNcgcIARIDU0pVGh4SCjIwMjctMDEtMTZqBwgBEgNTSlVyBwgBEgNEU01AAUABQAJAAkACQAJAA0gBcAGYAQE&tfu=EgIIAQ,
2026-09-01T15:22:57Z,dsm-sju-jan-saturdays,serpapi,DSM,SJU,2027-01-09,2027-01-16,6,3576.00,USD,American,1,https://www.google.com/travel/flights?hl=en&gl=us&curr=USD&tfs=CBwQAhoeEgoyMDI3LTAxLTA5agcIARIDRFNNcgcIARIDU0pVGh4SCjIwMjctMDEtMTZqBwgBEgNTSlVyBwgBEgNEU01AAUABQAJAAkACQAJAA0gBcAGYAQE&tfu=EgIIAQ,
2026-09-01T15:22:57Z,dsm-sju-jan-saturdays,serpapi,DSM,SJU,2027-01-09,2027-01-16,6,4422.00,USD,United,1,https://www.google.com/travel/flights?hl=en&gl=us&curr=USD&tfs=CBwQAhoeEgoyMDI3LTAxLTA5agcIARIDRFNNcgcIARIDU0pVGh4SCjIwMjctMDEtMTZqBwgBEgNTSlVyBwgBEgNEU01AAUABQAJAAkACQAJAA0gBcAGYAQE&tfu=EgIIAQ,
2026-09-01T15:22:57Z,dsm-sju-jan-saturdays,serpapi,DSM,SJU,2027-01-09,2027-01-16,6,7347.00,USD,Delta,1,https://www.google.com/travel/flights?hl=en&gl=us&curr=USD&tfs=CBwQAhoeEgoyMDI3LTAxLTA5agcIARIDRFNNcgcIARIDU0pVGh4SCjIwMjctMDEtMTZqBwgBEgNTSlVyBwgBEgNEU01AAUABQAJAAkACQAJAA0gBcAGYAQE&tfu=EgIIAQ,
2026-09-01T15:23:04Z,dsm-sju-jan-saturdays,serpapi,DSM,SJU,2027-01-16,2027-01-23,6,3036.00,USD,Delta,2,https://www.google.com/travel/flights?hl=en&gl=us&curr=USD&tfs=CBwQAhoeEgoyMDI3LTAxLTE2agcIARIDRFNNcgcIARIDU0pVGh4SCjIwMjctMDEtMjNqBwgBEgNTSlVyBwgBEgNEU01AAUABQAJAAkACQAJAA0gBcAGYAQE&tfu=EgIIAQ,
2026-09-01T15:23:04Z,dsm-sju-jan-saturdays,serpapi,DSM,SJU,2027-01-16,2027-01-23,6,3306.00,USD,United,1,https://www.google.com/travel/flights?hl=en&gl=us&curr=USD&tfs=CBwQAhoeEgoyMDI3LTAxLTE2agcIARIDRFNNcgcIARIDU0pVGh4SCjIwMjctMDEtMjNqBwgBEgNTSlVyBwgBEgNEU01AAUABQAJAAkACQAJAA0gBcAGYAQE&tfu=EgIIAQ,
2026-09-01T15:23:04Z,dsm-sju-jan-saturdays,serpapi,DSM,SJU,2027-01-16,2027-01-23,6,3486.00,USD,American,1,https://www.google.com/travel/flights?hl=en&gl=us&curr=USD&tfs=CBwQAhoeEgoyMDI3LTAxLTE2agcIARIDRFNNcgcIARIDU0pVGh4SCjIwMjctMDEtMjNqBwgBEgNTSlVyBwgBEgNEU01AAUABQAJAAkACQAJAA0gBcAGYAQE&tfu=EgIIAQ,
2026-09-01T15:23:04Z,dsm-sju-jan-saturdays,serpapi,DSM,SJU,2027-01-16,2027-01-23,6,3072.00,USD,United,2,https://www.google.com/travel/flights?hl=en&gl=us&curr=USD&tfs=CBwQAhoeEgoyMDI3LTAxLTE2agcIARIDRFNNcgcIARIDU0pVGh4SCjIwMjctMDEtMjNqBwgBEgNTSlVyBwgBEgNEU01AAUABQAJAAkACQAJAA0gBcAGYAQE&tfu=EgIIAQ,
2026-09-01T15:23:04Z,dsm-sju-jan-saturdays,serpapi,DSM,SJU,2027-01-16,2027-01-23,6,3186.00,USD,Southwest,2,https://www.google.com/travel/flights?hl=en&gl=us&curr=USD&tfs=CBwQAhoeEgoyMDI3LTAxLTE2agcIARIDRFNNcgcIARIDU0pVGh4SCjIwMjctMDEtMjNqBwgBEgNTSlVyBwgBEgNEU01AAUABQAJAAkACQAJAA0gBcAGYAQE&tfu=EgIIAQ,
2026-09-01T15:23:04Z,dsm-sju-jan-saturdays,serpapi,DSM,SJU,2027-01-16,2027-01-23,6,3216.00,USD,American,2,https://www.google.com/travel/flights?hl=en&gl=us&curr=USD&tfs=CBwQAhoeEgoyMDI3LTAxLTE2agcIARIDRFNNcgcIARIDU0pVGh4SCjIwMjctMDEtMjNqBwgBEgNTSlVyBwgBEgNEU01AAUABQAJAAkACQAJAA0gBcAGYAQE&tfu=EgIIAQ,
2026-09-01T15:23:04Z,dsm-sju-jan-saturdays,serpapi,DSM,SJU,2027-01-16,2027-01-23,6,3726.00,USD,American,1,https://www.google.com/travel/flights?hl=en&gl=us&curr=USD&tfs=CBwQAhoeEgoyMDI3LTAxLTE2agcIARIDRFNNcgcIARIDU0pVGh4SCjIwMjctMDEtMjNqBwgBEgNTSlVyBwgBEgNEU01AAUABQAJAAkACQAJAA0gBcAGYAQE&tfu=EgIIAQ,
2026-09-01T15:23:04Z,dsm-sju-jan-saturdays,serpapi,DSM,SJU,2027-01-16,2027-01-23,6,3831.00,USD,Delta,1,https://www.google.com/travel/flights?hl=en&gl=us&curr=USD&tfs=CBwQAhoeEgoyMDI3LTAxLTE2agcIARIDRFNNcgcIARIDU0pVGh4SCjIwMjctMDEtMjNqBwgBEgNTSlVyBwgBEgNEU01AAUABQAJAAkACQAJAA0gBcAGYAQE&tfu=EgIIAQ,
2026-09-01T15:23:04Z,dsm-sju-jan-saturdays,serpapi,DSM,SJU,2027-01-16,2027-01-23,6,3978.00,USD,United,1,https://www.google.com/travel/flights?hl=en&gl=us&curr=USD&tfs=CBwQAhoeEgoyMDI3LTAxLTE2agcIARIDRFNNcgcIARIDU0pVGh4SCjIwMjctMDEtMjNqBwgBEgNTSlVyBwgBEgNEU01AAUABQAJAAkACQAJAA0gBcAGYAQE&tfu=EgIIAQ,
2026-09-01T15:23:04Z,dsm-sju-jan-saturdays,serpapi,DSM,SJU,2027-01-16,2027-01-23,6,4134.00,USD,Southwest,1,https://www.google.com/travel/flights?hl=en&gl=us&curr=USD&tfs=CBwQAhoeEgoyMDI3LTAxLTE2agcIARIDRFNNcgcIARIDU0pVGh4SCjIwMjctMDEtMjNqBwgBEgNTSlVyBwgBEgNEU01AAUABQAJAAkACQAJAA0gBcAGYAQE&tfu=EgIIAQ,
2026-09-01T15:23:04Z,dsm-sju-jan-saturdays,serpapi,DSM,SJU,2027-01-16,2027-01-23,6,4206.00,USD,American,1,https://www.google.com/travel/flights?hl=en&gl=us&curr=USD&tfs=CBwQAhoeEgoyMDI3LTAxLTE2agcIARIDRFNNcgcIARIDU0pVGh4SCjIwMjctMDEtMjNqBwgBEgNTSlVyBwgBEgNEU01AAUABQAJAAkACQAJAA0gBcAGYAQE&tfu=EgIIAQ,
2026-09-01T15:23:04Z,dsm-sju-jan-saturdays,serpapi,DSM,SJU,2027-01-16,2027-01-23,6,4326.00,USD,Delta,1,https://www.google.com/travel/flights?hl=en&gl=us&curr=USD&tfs=CBwQAhoeEgoyMDI3LTAxLTE2agcIARIDRFNNcgcIARIDU0pVGh4SCjIwMjctMDEtMjNqBwgBEgNTSlVyBwgBEgNEU01AAUABQAJAAkACQAJAA0gBcAGYAQE&tfu=EgIIAQ,
2026-09-01T15:23:04Z,dsm-sju-jan-saturdays,serpapi,DSM,SJU,2027-01-16,2027-01-23,6,5649.00,USD,United,1,https://www.google.com/travel/flights?hl=en&gl=us&curr=USD&tfs=CBwQAhoeEgoyMDI3LTAxLTE2agcIARIDRFNNcgcIARIDU0pVGh4SCjIwMjctMDEtMjNqBwgBEgNTSlVyBwgBEgNEU01AAUABQAJAAkACQAJAA0gBcAGYAQE&tfu=EgIIAQ,
2026-09-01T15:23:10Z,dsm-sju-jan-saturdays,serpapi,DSM,SJU,2027-01-23,2027-01-30,6,3036.00,USD,Southwest,1,https://www.google.com/travel/flights?hl=en&gl=us&curr=USD&tfs=CBwQAhoeEgoyMDI3LTAxLTIzagcIARIDRFNNcgcIARIDU0pVGh4SCjIwMjctMDEtMzBqBwgBEgNTSlVyBwgBEgNEU01AAUABQAJAAkACQAJAA0gBcAGYAQE&tfu=EgIIAQ,
2026-09-01T15:23:10Z,dsm-sju-jan-saturdays,serpapi,DSM,SJU,2027-01-23,2027-01-30,6,3036.00,USD,American,1,https://www.google.com/travel/flights?hl=en&gl=us&curr=USD&tfs=CBwQAhoeEgoyMDI3LTAxLTIzagcIARIDRFNNcgcIARIDU0pVGh4SCjIwMjctMDEtMzBqBwgBEgNTSlVyBwgBEgNEU01AAUABQAJAAkACQAJAA0gBcAGYAQE&tfu=EgIIAQ,
2026-09-01T15:23:10Z,dsm-sju-jan-saturdays,serpapi,DSM,SJU,2027-01-23,2027-01-30,6,3054.00,USD,United,1,https://www.google.com/travel/flights?hl=en&gl=us&curr=USD&tfs=CBwQAhoeEgoyMDI3LTAxLTIzagcIARIDRFNNcgcIARIDU0pVGh4SCjIwMjctMDEtMzBqBwgBEgNTSlVyBwgBEgNEU01AAUABQAJAAkACQAJAA0gBcAGYAQE&tfu=EgIIAQ,
2026-09-01T15:23:10Z,dsm-sju-jan-saturdays,serpapi,DSM,SJU,2027-01-23,2027-01-30,6,2916.00,USD,United,1,https://www.google.com/travel/flights?hl=en&gl=us&curr=USD&tfs=CBwQAhoeEgoyMDI3LTAxLTIzagcIARIDRFNNcgcIARIDU0pVGh4SCjIwMjctMDEtMzBqBwgBEgNTSlVyBwgBEgNEU01AAUABQAJAAkACQAJAA0gBcAGYAQE&tfu=EgIIAQ,
2026-09-01T15:23:10Z,dsm-sju-jan-saturdays,serpapi,DSM,SJU,2027-01-23,2027-01-30,6,2916.00,USD,United,2,https://www.google.com/travel/flights?hl=en&gl=us&curr=USD&tfs=CBwQAhoeEgoyMDI3LTAxLTIzagcIARIDRFNNcgcIARIDU0pVGh4SCjIwMjctMDEtMzBqBwgBEgNTSlVyBwgBEgNEU01AAUABQAJAAkACQAJAA0gBcAGYAQE&tfu=EgIIAQ,
2026-09-01T15:23:10Z,dsm-sju-jan-saturdays,serpapi,DSM,SJU,2027-01-23,2027-01-30,6,2916.00,USD,American,2,https://www.google.com/travel/flights?hl=en&gl=us&curr=USD&tfs=CBwQAhoeEgoyMDI3LTAxLTIzagcIARIDRFNNcgcIARIDU0pVGh4SCjIwMjctMDEtMzBqBwgBEgNTSlVyBwgBEgNEU01AAUABQAJAAkACQAJAA0gBcAGYAQE&tfu=EgIIAQ,
2026-09-01T15:23:10Z,dsm-sju-jan-saturdays,serpapi,DSM,SJU,2027-01-23,2027-01-30,6,2916.00,USD,American,1,https://www.google.com/travel/flights?hl=en&gl=us&curr=USD&tfs=CBwQAhoeEgoyMDI3LTAxLTIzagcIARIDRFNNcgcIARIDU0pVGh4SCjIwMjctMDEtMzBqBwgBEgNTSlVyBwgBEgNEU01AAUABQAJAAkACQAJAA0gBcAGYAQE&tfu=EgIIAQ,
2026-09-01T15:23:10Z,dsm-sju-jan-saturdays,serpapi,DSM,SJU,2027-01-23,2027-01-30,6,3036.00,USD,Delta,2,https://www.google.com/travel/flights?hl=en&gl=us&curr=USD&tfs=CBwQAhoeEgoyMDI3LTAxLTIzagcIARIDRFNNcgcIARIDU0pVGh4SCjIwMjctMDEtMzBqBwgBEgNTSlVyBwgBEgNEU01AAUABQAJAAkACQAJAA0gBcAGYAQE&tfu=EgIIAQ,
2026-09-01T15:23:10Z,dsm-sju-jan-saturdays,serpapi,DSM,SJU,2027-01-23,2027-01-30,6,3426.00,USD,American,1,https://www.google.com/travel/flights?hl=en&gl=us&curr=USD&tfs=CBwQAhoeEgoyMDI3LTAxLTIzagcIARIDRFNNcgcIARIDU0pVGh4SCjIwMjctMDEtMzBqBwgBEgNTSlVyBwgBEgNEU01AAUABQAJAAkACQAJAA0gBcAGYAQE&tfu=EgIIAQ,
2026-09-01T15:23:10Z,dsm-sju-jan-saturdays,serpapi,DSM,SJU,2027-01-23,2027-01-30,6,4383.00,USD,United,1,https://www.google.com/travel/flights?hl=en&gl=us&curr=USD&tfs=CBwQAhoeEgoyMDI3LTAxLTIzagcIARIDRFNNcgcIARIDU0pVGh4SCjIwMjctMDEtMzBqBwgBEgNTSlVyBwgBEgNEU01AAUABQAJAAkACQAJAA0gBcAGYAQE&tfu=EgIIAQ,
2026-09-01T15:23:10Z,dsm-sju-jan-saturdays,serpapi,DSM,SJU,2027-01-23,2027-01-30,6,5214.00,USD,Delta,1,https://www.google.com/travel/flights?hl=en&gl=us&curr=USD&tfs=CBwQAhoeEgoyMDI3LTAxLTIzagcIARIDRFNNcgcIARIDU0pVGh4SCjIwMjctMDEtMzBqBwgBEgNTSlVyBwgBEgNEU01AAUABQAJAAkACQAJAA0gBcAGYAQE&tfu=EgIIAQ,
2026-09-01T15:23:16Z,dsm-sju-jan-saturdays,serpapi,DSM,SJU,2027-01-30,2027-02-06,6,3036.00,USD,Southwest,1,https://www.google.com/travel/flights?hl=en&gl=us&curr=USD&tfs=CBwQAhoeEgoyMDI3LTAxLTMwagcIARIDRFNNcgcIARIDU0pVGh4SCjIwMjctMDItMDZqBwgBEgNTSlVyBwgBEgNEU01AAUABQAJAAkACQAJAA0gBcAGYAQE&tfu=EgIIAQ,
2026-09-01T15:23:16Z,dsm-sju-jan-saturdays,serpapi,DSM,SJU,2027-01-30,2027-02-06,6,3036.00,USD,American,1,https://www.google.com/travel/flights?hl=en&gl=us&curr=USD&tfs=CBwQAhoeEgoyMDI3LTAxLTMwagcIARIDRFNNcgcIARIDU0pVGh4SCjIwMjctMDItMDZqBwgBEgNTSlVyBwgBEgNEU01AAUABQAJAAkACQAJAA0gBcAGYAQE&tfu=EgIIAQ,
2026-09-01T15:23:16Z,dsm-sju-jan-saturdays,serpapi,DSM,SJU,2027-01-30,2027-02-06,6,3054.00,USD,United,1,https://www.google.com/travel/flights?hl=en&gl=us&curr=USD&tfs=CBwQAhoeEgoyMDI3LTAxLTMwagcIARIDRFNNcgcIARIDU0pVGh4SCjIwMjctMDItMDZqBwgBEgNTSlVyBwgBEgNEU01AAUABQAJAAkACQAJAA0gBcAGYAQE&tfu=EgIIAQ,
2026-09-01T15:23:16Z,dsm-sju-jan-saturdays,serpapi,DSM,SJU,2027-01-30,2027-02-06,6,3186.00,USD,American,1,https://www.google.com/travel/flights?hl=en&gl=us&curr=USD&tfs=CBwQAhoeEgoyMDI3LTAxLTMwagcIARIDRFNNcgcIARIDU0pVGh4SCjIwMjctMDItMDZqBwgBEgNTSlVyBwgBEgNEU01AAUABQAJAAkACQAJAA0gBcAGYAQE&tfu=EgIIAQ,
2026-09-01T15:23:16Z,dsm-sju-jan-saturdays,serpapi,DSM,SJU,2027-01-30,2027-02-06,6,2916.00,USD,United,2,https://www.google.com/travel/flights?hl=en&gl=us&curr=USD&tfs=CBwQAhoeEgoyMDI3LTAxLTMwagcIARIDRFNNcgcIARIDU0pVGh4SCjIwMjctMDItMDZqBwgBEgNTSlVyBwgBEgNEU01AAUABQAJAAkACQAJAA0gBcAGYAQE&tfu=EgIIAQ,
2026-09-01T15:23:16Z,dsm-sju-jan-saturdays,serpapi,DSM,SJU,2027-01-30,2027-02-06,6,2916.00,USD,American,2,https://www.google.com/travel/flights?hl=en&gl=us&curr=USD&tfs=CBwQAhoeEgoyMDI3LTAxLTMwagcIARIDRFNNcgcIARIDU0pVGh4SCjIwMjctMDItMDZqBwgBEgNTSlVyBwgBEgNEU01AAUABQAJAAkACQAJAA0gBcAGYAQE&tfu=EgIIAQ,
2026-09-01T15:23:16Z,dsm-sju-jan-saturdays,serpapi,DSM,SJU,2027-01-30,2027-02-06,6,2916.00,USD,American,1,https://www.google.com/travel/flights?hl=en&gl=us&curr=USD&tfs=CBwQAhoeEgoyMDI3LTAxLTMwagcIARIDRFNNcgcIARIDU0pVGh4SCjIwMjctMDItMDZqBwgBEgNTSlVyBwgBEgNEU01AAUABQAJAAkACQAJAA0gBcAGYAQE&tfu=EgIIAQ,
2026-09-01T15:23:16Z,dsm-sju-jan-saturdays,serpapi,DSM,SJU,2027-01-30,2027-02-06,6,3831.00,USD,Delta,2,https://www.google.com/travel/flights?hl=en&gl=us&curr=USD&tfs=CBwQAhoeEgoyMDI3LTAxLTMwagcIARIDRFNNcgcIARIDU0pVGh4SCjIwMjctMDItMDZqBwgBEgNTSlVyBwgBEgNEU01AAUABQAJAAkACQAJAA0gBcAGYAQE&tfu=EgIIAQ,
2026-09-01T15:23:16Z,dsm-sju-jan-saturdays,serpapi,DSM,SJU,2027-01-30,2027-02-06,6,3831.00,USD,Delta,1,https://www.google.com/travel/flights?hl=en&gl=us&curr=USD&tfs=CBwQAhoeEgoyMDI3LTAxLTMwagcIARIDRFNNcgcIARIDU0pVGh4SCjIwMjctMDItMDZqBwgBEgNTSlVyBwgBEgNEU01AAUABQAJAAkACQAJAA0gBcAGYAQE&tfu=EgIIAQ,
2026-09-01T15:23:16Z,dsm-sju-jan-saturdays,serpapi,DSM,SJU,2027-01-30,2027-02-06,6,4836.00,USD,United,1,https://www.google.com/travel/flights?hl=en&gl=us&curr=USD&tfs=CBwQAhoeEgoyMDI3LTAxLTMwagcIARIDRFNNcgcIARIDU0pVGh4SCjIwMjctMDItMDZqBwgBEgNTSlVyBwgBEgNEU01AAUABQAJAAkACQAJAA0gBcAGYAQE&tfu=EgIIAQ,
2026-09-01T15:23:16Z,dsm-sju-jan-saturdays,serpapi,DSM,SJU,2027-01-30,2027-02-06,6,5121.00,USD,Delta,1,https://www.google.com/travel/flights?hl=en&gl=us&curr=USD&tfs=CBwQAhoeEgoyMDI3LTAxLTMwagcIARIDRFNNcgcIARIDU0pVGh4SCjIwMjctMDItMDZqBwgBEgNTSlVyBwgBEgNEU01AAUABQAJAAkACQAJAA0gBcAGYAQE&tfu=EgIIAQ,
2026-09-01T15:23:17Z,dsm-sju-jan-saturdays,serpapi,DSM,SJU,2027-01-02,2027-01-09,1,521.00,USD,American,1,https://www.google.com/travel/flights?hl=en&gl=us&curr=USD&tfs=CBwQAhoeEgoyMDI3LTAxLTAyagcIARIDRFNNcgcIARIDU0pVGh4SCjIwMjctMDEtMDlqBwgBEgNTSlVyBwgBEgNEU01AAUgBcAGYAQE&tfu=EgIIAQ,
2026-09-01T15:23:17Z,dsm-sju-jan-saturdays,serpapi,DSM,SJU,2027-01-02,2027-01-09,1,596.00,USD,American,1,https://www.google.com/travel/flights?hl=en&gl=us&curr=USD&tfs=CBwQAhoeEgoyMDI3LTAxLTAyagcIARIDRFNNcgcIARIDU0pVGh4SCjIwMjctMDEtMDlqBwgBEgNTSlVyBwgBEgNEU01AAUgBcAGYAQE&tfu=EgIIAQ,
2026-09-01T15:23:17Z,dsm-sju-jan-saturdays,serpapi,DSM,SJU,2027-01-02,2027-01-09,1,640.00,USD,Southwest,1,https://www.google.com/travel/flights?hl=en&gl=us&curr=USD&tfs=CBwQAhoeEgoyMDI3LTAxLTAyagcIARIDRFNNcgcIARIDU0pVGh4SCjIwMjctMDEtMDlqBwgBEgNTSlVyBwgBEgNEU01AAUgBcAGYAQE&tfu=EgIIAQ,
2026-09-01T15:23:17Z,dsm-sju-jan-saturdays,serpapi,DSM,SJU,2027-01-02,2027-01-09,1,651.00,USD,American,2,https://www.google.com/travel/flights?hl=en&gl=us&curr=USD&tfs=CBwQAhoeEgoyMDI3LTAxLTAyagcIARIDRFNNcgcIARIDU0pVGh4SCjIwMjctMDEtMDlqBwgBEgNTSlVyBwgBEgNEU01AAUgBcAGYAQE&tfu=EgIIAQ,
2026-09-01T15:23:17Z,dsm-sju-jan-saturdays,serpapi,DSM,SJU,2027-01-02,2027-01-09,1,729.00,USD,American,1,https://www.google.com/travel/flights?hl=en&gl=us&curr=USD&tfs=CBwQAhoeEgoyMDI3LTAxLTAyagcIARIDRFNNcgcIARIDU0pVGh4SCjIwMjctMDEtMDlqBwgBEgNTSlVyBwgBEgNEU01AAUgBcAGYAQE&tfu=EgIIAQ,
2026-09-01T15:23:17Z,dsm-sju-jan-saturdays,serpapi,DSM,SJU,2027-01-02,2027-01-09,1,887.00,USD,United,1,https://www.google.com/travel/flights?hl=en&gl=us&curr=USD&tfs=CBwQAhoeEgoyMDI3LTAxLTAyagcIARIDRFNNcgcIARIDU0pVGh4SCjIwMjctMDEtMDlqBwgBEgNTSlVyBwgBEgNEU01AAUgBcAGYAQE&tfu=EgIIAQ,
2026-09-01T15:23:17Z,dsm-sju-jan-saturdays,serpapi,DSM,SJU,2027-01-02,2027-01-09,1,974.00,USD,United,1,https://www.google.com/travel/flights?hl=en&gl=us&curr=USD&tfs=CBwQAhoeEgoyMDI3LTAxLTAyagcIARIDRFNNcgcIARIDU0pVGh4SCjIwMjctMDEtMDlqBwgBEgNTSlVyBwgBEgNEU01AAUgBcAGYAQE&tfu=EgIIAQ,
2026-09-01T15:23:17Z,dsm-sju-jan-saturdays,serpapi,DSM,SJU,2027-01-02,2027-01-09,1,1002.00,USD,Delta,1,https://www.google.com/travel/flights?hl=en&gl=us&curr=USD&tfs=CBwQAhoeEgoyMDI3LTAxLTAyagcIARIDRFNNcgcIARIDU0pVGh4SCjIwMjctMDEtMDlqBwgBEgNTSlVyBwgBEgNEU01AAUgBcAGYAQE&tfu=EgIIAQ,
2026-09-01T15:23:17Z,dsm-sju-jan-saturdays,serpapi,DSM,SJU,2027-01-02,2027-01-09,1,1392.00,USD,Delta,1,https://www.google.com/travel/flights?hl=en&gl=us&curr=USD&tfs=CBwQAhoeEgoyMDI3LTAxLTAyagcIARIDRFNNcgcIARIDU0pVGh4SCjIwMjctMDEtMDlqBwgBEgNTSlVyBwgBEgNEU01AAUgBcAGYAQE&tfu=EgIIAQ,
2026-09-01T15:23:19Z,dsm-sju-jan-saturdays,serpapi,DSM,SJU,2027-01-09,2027-01-16,1,486.00,USD,United,1,https://www.google.com/travel/flights?hl=en&gl=us&curr=USD&tfs=CBwQAhoeEgoyMDI3LTAxLTA5agcIARIDRFNNcgcIARIDU0pVGh4SCjIwMjctMDEtMTZqBwgBEgNTSlVyBwgBEgNEU01AAUgBcAGYAQE&tfu=EgIIAQ,
2026-09-01T15:23:19Z,dsm-sju-jan-saturdays,serpapi,DSM,SJU,2027-01-09,2027-01-16,1,506.00,USD,American,1,https://www.google.com/travel/flights?hl=en&gl=us&curr=USD&tfs=CBwQAhoeEgoyMDI3LTAxLTA5agcIARIDRFNNcgcIARIDU0pVGh4SCjIwMjctMDEtMTZqBwgBEgNTSlVyBwgBEgNEU01AAUgBcAGYAQE&tfu=EgIIAQ,
2026-09-01T15:23:19Z,dsm-sju-jan-saturdays,serpapi,DSM,SJU,2027-01-09,2027-01-16,1,531.00,USD,Southwest,1,https://www.google.com/travel/flights?hl=en&gl=us&curr=USD&tfs=CBwQAhoeEgoyMDI3LTAxLTA5agcIARIDRFNNcgcIARIDU0pVGh4SCjIwMjctMDEtMTZqBwgBEgNTSlVyBwgBEgNEU01AAUgBcAGYAQE&tfu=EgIIAQ,
2026-09-01T15:23:19Z,dsm-sju-jan-saturdays,serpapi,DSM,SJU,2027-01-09,2027-01-16,1,531.00,USD,American,1,https://www.google.com/travel/flights?hl=en&gl=us&curr=USD&tfs=CBwQAhoeEgoyMDI3LTAxLTA5agcIARIDRFNNcgcIARIDU0pVGh4SCjIwMjctMDEtMTZqBwgBEgNTSlVyBwgBEgNEU01AAUgBcAGYAQE&tfu=EgIIAQ,
2026-09-01T15:23:19Z,dsm-sju-jan-saturdays,serpapi,DSM,SJU,2027-01-09,2027-01-16,1,486.00,USD,American,2,https://www.google.com/travel/flights?hl=en&gl=us&curr=USD&tfs=CBwQAhoeEgoyMDI3LTAxLTA5agcIARIDRFNNcgcIARIDU0pVGh4SCjIwMjctMDEtMTZqBwgBEgNTSlVyBwgBEgNEU01AAUgBcAGYAQE&tfu=EgIIAQ,
2026-09-01T15:23:19Z,dsm-sju-jan-saturdays,serpapi,DSM,SJU,2027-01-09,2027-01-16,1,486.00,USD,American,1,https://www.google.com/travel/flights?hl=en&gl=us&curr=USD&tfs=CBwQAhoeEgoyMDI3LTAxLTA5agcIARIDRFNNcgcIARIDU0pVGh4SCjIwMjctMDEtMTZqBwgBEgNTSlVyBwgBEgNEU01AAUgBcAGYAQE&tfu=EgIIAQ,
2026-09-01T15:23:19Z,dsm-sju-jan-saturdays,serpapi,DSM,SJU,2027-01-09,2027-01-16,1,506.00,USD,Southwest,2,https://www.google.com/travel/flights?hl=en&gl=us&curr=USD&tfs=CBwQAhoeEgoyMDI3LTAxLTA5agcIARIDRFNNcgcIARIDU0pVGh4SCjIwMjctMDEtMTZqBwgBEgNTSlVyBwgBEgNEU01AAUgBcAGYAQE&tfu=EgIIAQ,
2026-09-01T15:23:19Z,dsm-sju-jan-saturdays,serpapi,DSM,SJU,2027-01-09,2027-01-16,1,551.00,USD,United,1,https://www.google.com/travel/flights?hl=en&gl=us&curr=USD&tfs=CBwQAhoeEgoyMDI3LTAxLTA5agcIARIDRFNNcgcIARIDU0pVGh4SCjIwMjctMDEtMTZqBwgBEgNTSlVyBwgBEgNEU01AAUgBcAGYAQE&tfu=EgIIAQ,
2026-09-01T15:23:19Z,dsm-sju-jan-saturdays,serpapi,DSM,SJU,2027-01-09,2027-01-16,1,551.00,USD,Delta,1,https://www.google.com/travel/flights?hl=en&gl=us&curr=USD&tfs=CBwQAhoeEgoyMDI3LTAxLTA5agcIARIDRFNNcgcIARIDU0pVGh4SCjIwMjctMDEtMTZqBwgBEgNTSlVyBwgBEgNEU01AAUgBcAGYAQE&tfu=EgIIAQ,
2026-09-01T15:23:19Z,dsm-sju-jan-saturdays,serpapi,DSM,SJU,2027-01-09,2027-01-16,1,571.00,USD,American,1,https://www.google.com/travel/flights?hl=en&gl=us&curr=USD&tfs=CBwQAhoeEgoyMDI3LTAxLTA5agcIARIDRFNNcgcIARIDU0pVGh4SCjIwMjctMDEtMTZqBwgBEgNTSlVyBwgBEgNEU01AAUgBcAGYAQE&tfu=EgIIAQ,
2026-09-01T15:23:19Z,dsm-sju-jan-saturdays,serpapi,DSM,SJU,2027-01-09,2027-01-16,1,734.00,USD,United,1,https://www.google.com/travel/flights?hl=en&gl=us&curr=USD&tfs=CBwQAhoeEgoyMDI3LTAxLTA5agcIARIDRFNNcgcIARIDU0pVGh4SCjIwMjctMDEtMTZqBwgBEgNTSlVyBwgBEgNEU01AAUgBcAGYAQE&tfu=EgIIAQ,
2026-09-01T15:23:24Z,dsm-sju-jan-saturdays,serpapi,DSM,SJU,2027-01-16,2027-01-23,1,506.00,USD,Delta,2,https://www.google.com/travel/flights?hl=en&gl=us&curr=USD&tfs=CBwQAhoeEgoyMDI3LTAxLTE2agcIARIDRFNNcgcIARIDU0pVGh4SCjIwMjctMDEtMjNqBwgBEgNTSlVyBwgBEgNEU01AAUgBcAGYAQE&tfu=EgIIAQ,
2026-09-01T15:23:24Z,dsm-sju-jan-saturdays,serpapi,DSM,SJU,2027-01-16,2027-01-23,1,509.00,USD,United,1,https://www.google.com/travel/flights?hl=en&gl=us&curr=USD&tfs=CBwQAhoeEgoyMDI3LTAxLTE2agcIARIDRFNNcgcIARIDU0pVGh4SCjIwMjctMDEtMjNqBwgBEgNTSlVyBwgBEgNEU01AAUgBcAGYAQE&tfu=EgIIAQ,
2026-09-01T15:23:24Z,dsm-sju-jan-saturdays,serpapi,DSM,SJU,2027-01-16,2027-01-23,1,556.00,USD,American,1,https://www.google.com/travel/flights?hl=en&gl=us&curr=USD&tfs=CBwQAhoeEgoyMDI3LTAxLTE2agcIARIDRFNNcgcIARIDU0pVGh4SCjIwMjctMDEtMjNqBwgBEgNTSlVyBwgBEgNEU01AAUgBcAGYAQE&tfu=EgIIAQ,
2026-09-01T15:23:24Z,dsm-sju-jan-saturdays,serpapi,DSM,SJU,2027-01-16,2027-01-23,1,506.00,USD,Southwest,2,https://www.google.com/travel/flights?hl=en&gl=us&curr=USD&tfs=CBwQAhoeEgoyMDI3LTAxLTE2agcIARIDRFNNcgcIARIDU0pVGh4SCjIwMjctMDEtMjNqBwgBEgNTSlVyBwgBEgNEU01AAUgBcAGYAQE&tfu=EgIIAQ,
2026-09-01T15:23:24Z,dsm-sju-jan-saturdays,serpapi,DSM,SJU,2027-01-16,2027-01-23,1,509.00,USD,United,2,https://www.google.com/travel/flights?hl=en&gl=us&curr=USD&tfs=CBwQAhoeEgoyMDI3LTAxLTE2agcIARIDRFNNcgcIARIDU0pVGh4SCjIwMjctMDEtMjNqBwgBEgNTSlVyBwgBEgNEU01AAUgBcAGYAQE&tfu=EgIIAQ,
2026-09-01T15:23:24Z,dsm-sju-jan-saturdays,serpapi,DSM,SJU,2027-01-16,2027-01-23,1,536.00,USD,American,2,https://www.google.com/travel/flights?hl=en&gl=us&curr=USD&tfs=CBwQAhoeEgoyMDI3LTAxLTE2agcIARIDRFNNcgcIARIDU0pVGh4SCjIwMjctMDEtMjNqBwgBEgNTSlVyBwgBEgNEU01AAUgBcAGYAQE&tfu=EgIIAQ,
2026-09-01T15:23:24Z,dsm-sju-jan-saturdays,serpapi,DSM,SJU,2027-01-16,2027-01-23,1,638.00,USD,United,1,https://www.google.com/travel/flights?hl=en&gl=us&curr=USD&tfs=CBwQAhoeEgoyMDI3LTAxLTE2agcIARIDRFNNcgcIARIDU0pVGh4SCjIwMjctMDEtMjNqBwgBEgNTSlVyBwgBEgNEU01AAUgBcAGYAQE&tfu=EgIIAQ,
2026-09-01T15:23:24Z,dsm-sju-jan-saturdays,serpapi,DSM,SJU,2027-01-16,2027-01-23,1,639.00,USD,Delta,1,https://www.google.com/travel/flights?hl=en&gl=us&curr=USD&tfs=CBwQAhoeEgoyMDI3LTAxLTE2agcIARIDRFNNcgcIARIDU0pVGh4SCjIwMjctMDEtMjNqBwgBEgNTSlVyBwgBEgNEU01AAUgBcAGYAQE&tfu=EgIIAQ,
2026-09-01T15:23:24Z,dsm-sju-jan-saturdays,serpapi,DSM,SJU,2027-01-16,2027-01-23,1,689.00,USD,Southwest,1,https://www.google.com/travel/flights?hl=en&gl=us&curr=USD&tfs=CBwQAhoeEgoyMDI3LTAxLTE2agcIARIDRFNNcgcIARIDU0pVGh4SCjIwMjctMDEtMjNqBwgBEgNTSlVyBwgBEgNEU01AAUgBcAGYAQE&tfu=EgIIAQ,
2026-09-01T15:23:24Z,dsm-sju-jan-saturdays,serpapi,DSM,SJU,2027-01-16,2027-01-23,1,701.00,USD,American,1,https://www.google.com/travel/flights?hl=en&gl=us&curr=USD&tfs=CBwQAhoeEgoyMDI3LTAxLTE2agcIARIDRFNNcgcIARIDU0pVGh4SCjIwMjctMDEtMjNqBwgBEgNTSlVyBwgBEgNEU01AAUgBcAGYAQE&tfu=EgIIAQ,
2026-09-01T15:23:24Z,dsm-sju-jan-saturdays,serpapi,DSM,SJU,2027-01-16,2027-01-23,1,721.00,USD,Delta,1,https://www.google.com/travel/flights?hl=en&gl=us&curr=USD&tfs=CBwQAhoeEgoyMDI3LTAxLTE2agcIARIDRFNNcgcIARIDU0pVGh4SCjIwMjctMDEtMjNqBwgBEgNTSlVyBwgBEgNEU01AAUgBcAGYAQE&tfu=EgIIAQ,
2026-09-01T15:23:24Z,dsm-sju-jan-saturdays,serpapi,DSM,SJU,2027-01-16,2027-01-23,1,812.00,USD,United,1,https://www.google.com/travel/flights?hl=en&gl=us&curr=USD&tfs=CBwQAhoeEgoyMDI3LTAxLTE2agcIARIDRFNNcgcIARIDU0pVGh4SCjIwMjctMDEtMjNqBwgBEgNTSlVyBwgBEgNEU01AAUgBcAGYAQE&tfu=EgIIAQ,
2026-09-01T15:23:26Z,dsm-sju-jan-saturdays,serpapi,DSM,SJU,2027-01-23,2027-01-30,1,486.00,USD,United,1,https://www.google.com/travel/flights?hl=en&gl=us&curr=USD&tfs=CBwQAhoeEgoyMDI3LTAxLTIzagcIARIDRFNNcgcIARIDU0pVGh4SCjIwMjctMDEtMzBqBwgBEgNTSlVyBwgBEgNEU01AAUgBcAGYAQE&tfu=EgIIAQ,
2026-09-01T15:23:26Z,dsm-sju-jan-saturdays,serpapi,DSM,SJU,2027-01-23,2027-01-30,1,506.00,USD,Southwest,1,https://www.google.com/travel/flights?hl=en&gl=us&curr=USD&tfs=CBwQAhoeEgoyMDI3LTAxLTIzagcIARIDRFNNcgcIARIDU0pVGh4SCjIwMjctMDEtMzBqBwgBEgNTSlVyBwgBEgNEU01AAUgBcAGYAQE&tfu=EgIIAQ,
2026-09-01T15:23:26Z,dsm-sju-jan-saturdays,serpapi,DSM,SJU,2027-01-23,2027-01-30,1,506.00,USD,American,1,https://www.google.com/travel/flights?hl=en&gl=us&curr=USD&tfs=CBwQAhoeEgoyMDI3LTAxLTIzagcIARIDRFNNcgcIARIDU0pVGh4SCjIwMjctMDEtMzBqBwgBEgNTSlVyBwgBEgNEU01AAUgBcAGYAQE&tfu=EgIIAQ,
2026-09-01T15:23:26Z,dsm-sju-jan-saturdays,serpapi,DSM,SJU,2027-01-23,2027-01-30,1,486.00,USD,United,2,https://www.google.com/travel/flights?hl=en&gl=us&curr=USD&tfs=CBwQAhoeEgoyMDI3LTAxLTIzagcIARIDRFNNcgcIARIDU0pVGh4SCjIwMjctMDEtMzBqBwgBEgNTSlVyBwgBEgNEU01AAUgBcAGYAQE&tfu=EgIIAQ,
2026-09-01T15:23:26Z,dsm-sju-jan-saturdays,serpapi,DSM,SJU,2027-01-23,2027-01-30,1,486.00,USD,American,2,https://www.google.com/travel/flights?hl=en&gl=us&curr=USD&tfs=CBwQAhoeEgoyMDI3LTAxLTIzagcIARIDRFNNcgcIARIDU0pVGh4SCjIwMjctMDEtMzBqBwgBEgNTSlVyBwgBEgNEU01AAUgBcAGYAQE&tfu=EgIIAQ,
2026-09-01T15:23:26Z,dsm-sju-jan-saturdays,serpapi,DSM,SJU,2027-01-23,2027-01-30,1,486.00,USD,American,1,https://www.google.com/travel/flights?hl=en&gl=us&curr=USD&tfs=CBwQAhoeEgoyMDI3LTAxLTIzagcIARIDRFNNcgcIARIDU0pVGh4SCjIwMjctMDEtMzBqBwgBEgNTSlVyBwgBEgNEU01AAUgBcAGYAQE&tfu=EgIIAQ,
2026-09-01T15:23:26Z,dsm-sju-jan-saturdays,serpapi,DSM,SJU,2027-01-23,2027-01-30,1,506.00,USD,Delta,2,https://www.google.com/travel/flights?hl=en&gl=us&curr=USD&tfs=CBwQAhoeEgoyMDI3LTAxLTIzagcIARIDRFNNcgcIARIDU0pVGh4SCjIwMjctMDEtMzBqBwgBEgNTSlVyBwgBEgNEU01AAUgBcAGYAQE&tfu=EgIIAQ,
2026-09-01T15:23:26Z,dsm-sju-jan-saturdays,serpapi,DSM,SJU,2027-01-23,2027-01-30,1,571.00,USD,American,1,https://www.google.com/travel/flights?hl=en&gl=us&curr=USD&tfs=CBwQAhoeEgoyMDI3LTAxLTIzagcIARIDRFNNcgcIARIDU0pVGh4SCjIwMjctMDEtMzBqBwgBEgNTSlVyBwgBEgNEU01AAUgBcAGYAQE&tfu=EgIIAQ,
2026-09-01T15:23:26Z,dsm-sju-jan-saturdays,serpapi,DSM,SJU,2027-01-23,2027-01-30,1,677.00,USD,United,1,https://www.google.com/travel/flights?hl=en&gl=us&curr=USD&tfs=CBwQAhoeEgoyMDI3LTAxLTIzagcIARIDRFNNcgcIARIDU0pVGh4SCjIwMjctMDEtMzBqBwgBEgNTSlVyBwgBEgNEU01AAUgBcAGYAQE&tfu=EgIIAQ,
2026-09-01T15:23:26Z,dsm-sju-jan-saturdays,serpapi,DSM,SJU,2027-01-23,2027-01-30,1,869.00,USD,Delta,1,https://www.google.com/travel/flights?hl=en&gl=us&curr=USD&tfs=CBwQAhoeEgoyMDI3LTAxLTIzagcIARIDRFNNcgcIARIDU0pVGh4SCjIwMjctMDEtMzBqBwgBEgNTSlVyBwgBEgNEU01AAUgBcAGYAQE&tfu=EgIIAQ,
2026-09-01T15:23:28Z,dsm-sju-jan-saturdays,serpapi,DSM,SJU,2027-01-30,2027-02-06,1,506.00,USD,Southwest,1,https://www.google.com/travel/flights?hl=en&gl=us&curr=USD&tfs=CBwQAhoeEgoyMDI3LTAxLTMwagcIARIDRFNNcgcIARIDU0pVGh4SCjIwMjctMDItMDZqBwgBEgNTSlVyBwgBEgNEU01AAUgBcAGYAQE&tfu=EgIIAQ,
2026-09-01T15:23:28Z,dsm-sju-jan-saturdays,serpapi,DSM,SJU,2027-01-30,2027-02-06,1,506.00,USD,American,1,https://www.google.com/travel/flights?hl=en&gl=us&curr=USD&tfs=CBwQAhoeEgoyMDI3LTAxLTMwagcIARIDRFNNcgcIARIDU0pVGh4SCjIwMjctMDItMDZqBwgBEgNTSlVyBwgBEgNEU01AAUgBcAGYAQE&tfu=EgIIAQ,
2026-09-01T15:23:28Z,dsm-sju-jan-saturdays,serpapi,DSM,SJU,2027-01-30,2027-02-06,1,531.00,USD,American,1,https://www.google.com/travel/flights?hl=en&gl=us&curr=USD&tfs=CBwQAhoeEgoyMDI3LTAxLTMwagcIARIDRFNNcgcIARIDU0pVGh4SCjIwMjctMDItMDZqBwgBEgNTSlVyBwgBEgNEU01AAUgBcAGYAQE&tfu=EgIIAQ,
2026-09-01T15:23:28Z,dsm-sju-jan-saturdays,serpapi,DSM,SJU,2027-01-30,2027-02-06,1,533.00,USD,United,1,https://www.google.com/travel/flights?hl=en&gl=us&curr=USD&tfs=CBwQAhoeEgoyMDI3LTAxLTMwagcIARIDRFNNcgcIARIDU0pVGh4SCjIwMjctMDItMDZqBwgBEgNTSlVyBwgBEgNEU01AAUgBcAGYAQE&tfu=EgIIAQ,
2026-09-01T15:23:28Z,dsm-sju-jan-saturdays,serpapi,DSM,SJU,2027-01-30,2027-02-06,1,486.00,USD,United,2,https://www.google.com/travel/flights?hl=en&gl=us&curr=USD&tfs=CBwQAhoeEgoyMDI3LTAxLTMwagcIARIDRFNNcgcIARIDU0pVGh4SCjIwMjctMDItMDZqBwgBEgNTSlVyBwgBEgNEU01AAUgBcAGYAQE&tfu=EgIIAQ,
2026-09-01T15:23:28Z,dsm-sju-jan-saturdays,serpapi,DSM,SJU,2027-01-30,2027-02-06,1,486.00,USD,American,2,https://www.google.com/travel/flights?hl=en&gl=us&curr=USD&tfs=CBwQAhoeEgoyMDI3LTAxLTMwagcIARIDRFNNcgcIARIDU0pVGh4SCjIwMjctMDItMDZqBwgBEgNTSlVyBwgBEgNEU01AAUgBcAGYAQE&tfu=EgIIAQ,
2026-09-01T15:23:28Z,dsm-sju-jan-saturdays,serpapi,DSM,SJU,2027-01-30,2027-02-06,1,486.00,USD,American,1,https://www.google.com/travel/flights?hl=en&gl=us&curr=USD&tfs=CBwQAhoeEgoyMDI3LTAxLTMwagcIARIDRFNNcgcIARIDU0pVGh4SCjIwMjctMDItMDZqBwgBEgNTSlVyBwgBEgNEU01AAUgBcAGYAQE&tfu=EgIIAQ,
2026-09-01T15:23:28Z,dsm-sju-jan-saturdays,serpapi,DSM,SJU,2027-01-30,2027-02-06,1,506.00,USD,Delta,2,https://www.google.com/travel/flights?hl=en&gl=us&curr=USD&tfs=CBwQAhoeEgoyMDI3LTAxLTMwagcIARIDRFNNcgcIARIDU0pVGh4SCjIwMjctMDItMDZqBwgBEgNTSlVyBwgBEgNEU01AAUgBcAGYAQE&tfu=EgIIAQ,
2026-09-01T15:23:28Z,dsm-sju-jan-saturdays,serpapi,DSM,SJU,2027-01-30,2027-02-06,1,509.00,USD,United,1,https://www.google.com/travel/flights?hl=en&gl=us&curr=USD&tfs=CBwQAhoeEgoyMDI3LTAxLTMwagcIARIDRFNNcgcIARIDU0pVGh4SCjIwMjctMDItMDZqBwgBEgNTSlVyBwgBEgNEU01AAUgBcAGYAQE&tfu=EgIIAQ,
2026-09-01T15:23:28Z,dsm-sju-jan-saturdays,serpapi,DSM,SJU,2027-01-30,2027-02-06,1,764.00,USD,United,1,https://www.google.com/travel/flights?hl=en&gl=us&curr=USD&tfs=CBwQAhoeEgoyMDI3LTAxLTMwagcIARIDRFNNcgcIARIDU0pVGh4SCjIwMjctMDItMDZqBwgBEgNTSlVyBwgBEgNEU01AAUgBcAGYAQE&tfu=EgIIAQ,
2026-09-01T15:23:28Z,dsm-sju-jan-saturdays,serpapi,DSM,SJU,2027-01-30,2027-02-06,1,854.00,USD,Delta,1,https://www.google.com/travel/flights?hl=en&gl=us&curr=USD&tfs=CBwQAhoeEgoyMDI3LTAxLTMwagcIARIDRFNNcgcIARIDU0pVGh4SCjIwMjctMDItMDZqBwgBEgNTSlVyBwgBEgNEU01AAUgBcAGYAQE&tfu=EgIIAQ,
2026-09-01T15:23:46Z,dsm-stt-apr-may-saturdays,serpapi,DSM,STT,2027-04-24,2027-05-01,6,3165.00,USD,American,2,https://www.google.com/travel/flights?hl=en&gl=us&curr=USD&tfs=CBwQAhoeEgoyMDI3LTA0LTI0agcIARIDRFNNcgcIARIDU1RUGh4SCjIwMjctMDUtMDFqBwgBEgNTVFRyBwgBEgNEU01AAUABQAJAAkACQAJAA0gBcAGYAQE&tfu=EgIIAQ,
2026-09-01T15:23:46Z,dsm-stt-apr-may-saturdays,serpapi,DSM,STT,2027-04-24,2027-05-01,6,4311.00,USD,American,1,https://www.google.com/travel/flights?hl=en&gl=us&curr=USD&tfs=CBwQAhoeEgoyMDI3LTA0LTI0agcIARIDRFNNcgcIARIDU1RUGh4SCjIwMjctMDUtMDFqBwgBEgNTVFRyBwgBEgNEU01AAUABQAJAAkACQAJAA0gBcAGYAQE&tfu=EgIIAQ,
2026-09-01T15:23:46Z,dsm-stt-apr-may-saturdays,serpapi,DSM,STT,2027-04-24,2027-05-01,6,4938.00,USD,United,1,https://www.google.com/travel/flights?hl=en&gl=us&curr=USD&tfs=CBwQAhoeEgoyMDI3LTA0LTI0agcIARIDRFNNcgcIARIDU1RUGh4SCjIwMjctMDUtMDFqBwgBEgNTVFRyBwgBEgNEU01AAUABQAJAAkACQAJAA0gBcAGYAQE&tfu=EgIIAQ,
2026-09-01T15:23:46Z,dsm-stt-apr-may-saturdays,serpapi,DSM,STT,2027-04-24,2027-05-01,6,6345.00,USD,Delta,1,https://www.google.com/travel/flights?hl=en&gl=us&curr=USD&tfs=CBwQAhoeEgoyMDI3LTA0LTI0agcIARIDRFNNcgcIARIDU1RUGh4SCjIwMjctMDUtMDFqBwgBEgNTVFRyBwgBEgNEU01AAUABQAJAAkACQAJAA0gBcAGYAQE&tfu=EgIIAQ,
2026-09-01T15:23:46Z,dsm-stt-apr-may-saturdays,serpapi,DSM,STT,2027-04-24,2027-05-01,6,6231.00,USD,United,1,https://www.google.com/travel/flights?hl=en&gl=us&curr=USD&tfs=CBwQAhoeEgoyMDI3LTA0LTI0agcIARIDRFNNcgcIARIDU1RUGh4SCjIwMjctMDUtMDFqBwgBEgNTVFRyBwgBEgNEU01AAUABQAJAAkACQAJAA0gBcAGYAQE&tfu=EgIIAQ,
2026-09-01T15:23:46Z,dsm-stt-apr-may-saturdays,serpapi,DSM,STT,2027-04-24,2027-05-01,6,7313.00,USD,American,1,https://www.google.com/travel/flights?hl=en&gl=us&curr=USD&tfs=CBwQAhoeEgoyMDI3LTA0LTI0agcIARIDRFNNcgcIARIDU1RUGh4SCjIwMjctMDUtMDFqBwgBEgNTVFRyBwgBEgNEU01AAUABQAJAAkACQAJAA0gBcAGYAQE&tfu=EgIIAQ,
2026-09-01T15:23:46Z,dsm-stt-apr-may-saturdays,serpapi,DSM,STT,2027-04-24,2027-05-01,6,23451.00,USD,Delta,2,https://www.google.com/travel/flights?hl=en&gl=us&curr=USD&tfs=CBwQAhoeEgoyMDI3LTA0LTI0agcIARIDRFNNcgcIARIDU1RUGh4SCjIwMjctMDUtMDFqBwgBEgNTVFRyBwgBEgNEU01AAUABQAJAAkACQAJAA0gBcAGYAQE&tfu=EgIIAQ,
2026-09-01T15:23:46Z,dsm-stt-apr-may-saturdays,serpapi,DSM,STT,2027-04-24,2027-05-01,6,23743.00,USD,Delta,1,https://www.google.com/travel/flights?hl=en&gl=us&curr=USD&tfs=CBwQAhoeEgoyMDI3LTA0LTI0agcIARIDRFNNcgcIARIDU1RUGh4SCjIwMjctMDUtMDFqBwgBEgNTVFRyBwgBEgNEU01AAUABQAJAAkACQAJAA0gBcAGYAQE&tfu=EgIIAQ,
2026-09-01T15:24:06Z,dsm-stt-apr-may-saturdays,serpapi,DSM,STT,2027-05-01,2027-05-08,6,3165.00,USD,American,2,https://www.google.com/travel/flights?hl=en&gl=us&curr=USD&tfs=CBwQAhoeEgoyMDI3LTA1LTAxagcIARIDRFNNcgcIARIDU1RUGh4SCjIwMjctMDUtMDhqBwgBEgNTVFRyBwgBEgNEU01AAUABQAJAAkACQAJAA0gBcAGYAQE&tfu=EgIIAQ,
2026-09-01T15:24:06Z,dsm-stt-apr-may-saturdays,serpapi,DSM,STT,2027-05-01,2027-05-08,6,4311.00,USD,American,1,https://www.google.com/travel/flights?hl=en&gl=us&curr=USD&tfs=CBwQAhoeEgoyMDI3LTA1LTAxagcIARIDRFNNcgcIARIDU1RUGh4SCjIwMjctMDUtMDhqBwgBEgNTVFRyBwgBEgNEU01AAUABQAJAAkACQAJAA0gBcAGYAQE&tfu=EgIIAQ,
2026-09-01T15:24:06Z,dsm-stt-apr-may-saturdays,serpapi,DSM,STT,2027-05-01,2027-05-08,6,4938.00,USD,United,1,https://www.google.com/travel/flights?hl=en&gl=us&curr=USD&tfs=CBwQAhoeEgoyMDI3LTA1LTAxagcIARIDRFNNcgcIARIDU1RUGh4SCjIwMjctMDUtMDhqBwgBEgNTVFRyBwgBEgNEU01AAUABQAJAAkACQAJAA0gBcAGYAQE&tfu=EgIIAQ,
2026-09-01T15:24:06Z,dsm-stt-apr-may-saturdays,serpapi,DSM,STT,2027-05-01,2027-05-08,6,6561.00,USD,Delta,1,https://www.google.com/travel/flights?hl=en&gl=us&curr=USD&tfs=CBwQAhoeEgoyMDI3LTA1LTAxagcIARIDRFNNcgcIARIDU1RUGh4SCjIwMjctMDUtMDhqBwgBEgNTVFRyBwgBEgNEU01AAUABQAJAAkACQAJAA0gBcAGYAQE&tfu=EgIIAQ,
2026-09-01T15:24:06Z,dsm-stt-apr-may-saturdays,serpapi,DSM,STT,2027-05-01,2027-05-08,6,5813.00,USD,American,2,https://www.google.com/travel/flights?hl=en&gl=us&curr=USD&tfs=CBwQAhoeEgoyMDI3LTA1LTAxagcIARIDRFNNcgcIARIDU1RUGh4SCjIwMjctMDUtMDhqBwgBEgNTVFRyBwgBEgNEU01AAUABQAJAAkACQAJAA0gBcAGYAQE&tfu=EgIIAQ,
2026-09-01T15:24:06Z,dsm-stt-apr-may-saturdays,serpapi,DSM,STT,2027-05-01,2027-05-08,6,6260.00,USD,United,1,https://www.google.com/travel/flights?hl=en&gl=us&curr=USD&tfs=CBwQAhoeEgoyMDI3LTA1LTAxagcIARIDRFNNcgcIARIDU1RUGh4SCjIwMjctMDUtMDhqBwgBEgNTVFRyBwgBEgNEU01AAUABQAJAAkACQAJAA0gBcAGYAQE&tfu=EgIIAQ,
2026-09-01T15:24:06Z,dsm-stt-apr-may-saturdays,serpapi,DSM,STT,2027-05-01,2027-05-08,6,6271.00,USD,American,2,https://www.google.com/travel/flights?hl=en&gl=us&curr=USD&tfs=CBwQAhoeEgoyMDI3LTA1LTAxagcIARIDRFNNcgcIARIDU1RUGh4SCjIwMjctMDUtMDhqBwgBEgNTVFRyBwgBEgNEU01AAUABQAJAAkACQAJAA0gBcAGYAQE&tfu=EgIIAQ,
2026-09-01T15:24:06Z,dsm-stt-apr-may-saturdays,serpapi,DSM,STT,2027-05-01,2027-05-08,6,23151.00,USD,Delta,2,https://www.google.com/travel/flights?hl=en&gl=us&curr=USD&tfs=CBwQAhoeEgoyMDI3LTA1LTAxagcIARIDRFNNcgcIARIDU1RUGh4SCjIwMjctMDUtMDhqBwgBEgNTVFRyBwgBEgNEU01AAUABQAJAAkACQAJAA0gBcAGYAQE&tfu=EgIIAQ,
2026-09-01T15:24:06Z,dsm-stt-apr-may-saturdays,serpapi,DSM,STT,2027-05-01,2027-05-08,6,23435.00,USD,Delta,1,https://www.google.com/travel/flights?hl=en&gl=us&curr=USD&tfs=CBwQAhoeEgoyMDI3LTA1LTAxagcIARIDRFNNcgcIARIDU1RUGh4SCjIwMjctMDUtMDhqBwgBEgNTVFRyBwgBEgNEU01AAUABQAJAAkACQAJAA0gBcAGYAQE&tfu=EgIIAQ,
2026-09-01T15:24:22Z,dsm-stt-apr-may-saturdays,serpapi,DSM,STT,2027-05-08,2027-05-15,6,3915.00,USD,American,1,https://www.google.com/travel/flights?hl=en&gl=us&curr=USD&tfs=CBwQAhoeEgoyMDI3LTA1LTA4agcIARIDRFNNcgcIARIDU1RUGh4SCjIwMjctMDUtMTVqBwgBEgNTVFRyBwgBEgNEU01AAUABQAJAAkACQAJAA0gBcAGYAQE&tfu=EgIIAQ,
2026-09-01T15:24:22Z,dsm-stt-apr-may-saturdays,serpapi,DSM,STT,2027-05-08,2027-05-15,6,4350.00,USD,Delta,1,https://www.google.com/travel/flights?hl=en&gl=us&curr=USD&tfs=CBwQAhoeEgoyMDI3LTA1LTA4agcIARIDRFNNcgcIARIDU1RUGh4SCjIwMjctMDUtMTVqBwgBEgNTVFRyBwgBEgNEU01AAUABQAJAAkACQAJAA0gBcAGYAQE&tfu=EgIIAQ,
2026-09-01T15:24:22Z,dsm-stt-apr-may-saturdays,serpapi,DSM,STT,2027-05-08,2027-05-15,6,4938.00,USD,United,1,https://www.google.com/travel/flights?hl=en&gl=us&curr=USD&tfs=CBwQAhoeEgoyMDI3LTA1LTA4agcIARIDRFNNcgcIARIDU1RUGh4SCjIwMjctMDUtMTVqBwgBEgNTVFRyBwgBEgNEU01AAUABQAJAAkACQAJAA0gBcAGYAQE&tfu=EgIIAQ,
2026-09-01T15:24:22Z,dsm-stt-apr-may-saturdays,serpapi,DSM,STT,2027-05-08,2027-05-15,6,3165.00,USD,American,2,https://www.google.com/travel/flights?hl=en&gl=us&curr=USD&tfs=CBwQAhoeEgoyMDI3LTA1LTA4agcIARIDRFNNcgcIARIDU1RUGh4SCjIwMjctMDUtMTVqBwgBEgNTVFRyBwgBEgNEU01AAUABQAJAAkACQAJAA0gBcAGYAQE&tfu=EgIIAQ,
2026-09-01T15:24:22Z,dsm-stt-apr-may-saturdays,serpapi,DSM,STT,2027-05-08,2027-05-15,6,3375.00,USD,American,1,https://www.google.com/travel/flights?hl=en&gl=us&curr=USD&tfs=CBwQAhoeEgoyMDI3LTA1LTA4agcIARIDRFNNcgcIARIDU1RUGh4SCjIwMjctMDUtMTVqBwgBEgNTVFRyBwgBEgNEU01AAUABQAJAAkACQAJAA0gBcAGYAQE&tfu=EgIIAQ,
2026-09-01T15:24:22Z,dsm-stt-apr-may-saturdays,serpapi,DSM,STT,2027-05-08,2027-05-15,6,5745.00,USD,Delta,1,https://www.google.com/travel/flights?hl=en&gl=us&curr=USD&tfs=CBwQAhoeEgoyMDI3LTA1LTA4agcIARIDRFNNcgcIARIDU1RUGh4SCjIwMjctMDUtMTVqBwgBEgNTVFRyBwgBEgNEU01AAUABQAJAAkACQAJAA0gBcAGYAQE&tfu=EgIIAQ,
2026-09-01T15:24:22Z,dsm-stt-apr-may-saturdays,serpapi,DSM,STT,2027-05-08,2027-05-15,6,20538.00,USD,United,2,https://www.google.com/travel/flights?hl=en&gl=us&curr=USD&tfs=CBwQAhoeEgoyMDI3LTA1LTA4agcIARIDRFNNcgcIARIDU1RUGh4SCjIwMjctMDUtMTVqBwgBEgNTVFRyBwgBEgNEU01AAUABQAJAAkACQAJAA0gBcAGYAQE&tfu=EgIIAQ,
2026-09-01T15:24:22Z,dsm-stt-apr-may-saturdays,serpapi,DSM,STT,2027-05-08,2027-05-15,6,21510.00,USD,United,2,https://www.google.com/travel/flights?hl=en&gl=us&curr=USD&tfs=CBwQAhoeEgoyMDI3LTA1LTA4agcIARIDRFNNcgcIARIDU1RUGh4SCjIwMjctMDUtMTVqBwgBEgNTVFRyBwgBEgNEU01AAUABQAJAAkACQAJAA0gBcAGYAQE&tfu=EgIIAQ,
2026-09-01T15:24:38Z,dsm-stt-apr-may-saturdays,serpapi,DSM,STT,2027-05-15,2027-05-22,6,4215.00,USD,American,1,https://www.google.com/travel/flights?hl=en&gl=us&curr=USD&tfs=CBwQAhoeEgoyMDI3LTA1LTE1agcIARIDRFNNcgcIARIDU1RUGh4SCjIwMjctMDUtMjJqBwgBEgNTVFRyBwgBEgNEU01AAUABQAJAAkACQAJAA0gBcAGYAQE&tfu=EgIIAQ,
2026-09-01T15:24:38Z,dsm-stt-apr-may-saturdays,serpapi,DSM,STT,2027-05-15,2027-05-22,6,4455.00,USD,American,1,https://www.google.com/travel/flights?hl=en&gl=us&curr=USD&tfs=CBwQAhoeEgoyMDI3LTA1LTE1agcIARIDRFNNcgcIARIDU1RUGh4SCjIwMjctMDUtMjJqBwgBEgNTVFRyBwgBEgNEU01AAUABQAJAAkACQAJAA0gBcAGYAQE&tfu=EgIIAQ,
2026-09-01T15:24:38Z,dsm-stt-apr-may-saturdays,serpapi,DSM,STT,2027-05-15,2027-05-22,6,5820.00,USD,United,1,https://www.google.com/travel/flights?hl=en&gl=us&curr=USD&tfs=CBwQAhoeEgoyMDI3LTA1LTE1agcIARIDRFNNcgcIARIDU1RUGh4SCjIwMjctMDUtMjJqBwgBEgNTVFRyBwgBEgNEU01AAUABQAJAAkACQAJAA0gBcAGYAQE&tfu=EgIIAQ,
2026-09-01T15:24:38Z,dsm-stt-apr-may-saturdays,serpapi,DSM,STT,2027-05-15,2027-05-22,6,6885.00,USD,Delta,1,https://www.google.com/travel/flights?hl=en&gl=us&curr=USD&tfs=CBwQAhoeEgoyMDI3LTA1LTE1agcIARIDRFNNcgcIARIDU1RUGh4SCjIwMjctMDUtMjJqBwgBEgNTVFRyBwgBEgNEU01AAUABQAJAAkACQAJAA0gBcAGYAQE&tfu=EgIIAQ,
2026-09-01T15:24:38Z,dsm-stt-apr-may-saturdays,serpapi,DSM,STT,2027-05-15,2027-05-22,6,5484.00,USD,United,1,https://www.google.com/travel/flights?hl=en&gl=us&curr=USD&tfs=CBwQAhoeEgoyMDI3LTA1LTE1agcIARIDRFNNcgcIARIDU1RUGh4SCjIwMjctMDUtMjJqBwgBEgNTVFRyBwgBEgNEU01AAUABQAJAAkACQAJAA0gBcAGYAQE&tfu=EgIIAQ,
2026-09-01T15:24:38Z,dsm-stt-apr-may-saturdays,serpapi,DSM,STT,2027-05-15,2027-05-22,6,7091.00,USD,American,1,https://www.google.com/travel/flights?hl=en&gl=us&curr=USD&tfs=CBwQAhoeEgoyMDI3LTA1LTE1agcIARIDRFNNcgcIARIDU1RUGh4SCjIwMjctMDUtMjJqBwgBEgNTVFRyBwgBEgNEU01AAUABQAJAAkACQAJAA0gBcAGYAQE&tfu=EgIIAQ,
2026-09-01T15:24:38Z,dsm-stt-apr-may-saturdays,serpapi,DSM,STT,2027-05-15,2027-05-22,6,8070.00,USD,Delta,1,https://www.google.com/travel/flights?hl=en&gl=us&curr=USD&tfs=CBwQAhoeEgoyMDI3LTA1LTE1agcIARIDRFNNcgcIARIDU1RUGh4SCjIwMjctMDUtMjJqBwgBEgNTVFRyBwgBEgNEU01AAUABQAJAAkACQAJAA0gBcAGYAQE&tfu=EgIIAQ,
2026-09-01T15:24:38Z,dsm-stt-apr-may-saturdays,serpapi,DSM,STT,2027-05-15,2027-05-22,6,23435.00,USD,Delta,1,https://www.google.com/travel/flights?hl=en&gl=us&curr=USD&tfs=CBwQAhoeEgoyMDI3LTA1LTE1agcIARIDRFNNcgcIARIDU1RUGh4SCjIwMjctMDUtMjJqBwgBEgNTVFRyBwgBEgNEU01AAUABQAJAAkACQAJAA0gBcAGYAQE&tfu=EgIIAQ,
2026-09-01T15:24:46Z,dsm-sju-apr-may-saturdays,serpapi,DSM,SJU,2027-04-24,2027-05-01,6,3036.00,USD,American,1,https://www.google.com/travel/flights?hl=en&gl=us&curr=USD&tfs=CBwQAhoeEgoyMDI3LTA0LTI0agcIARIDRFNNcgcIARIDU0pVGh4SCjIwMjctMDUtMDFqBwgBEgNTSlVyBwgBEgNEU01AAUABQAJAAkACQAJAA0gBcAGYAQE&tfu=EgIIAQ,
2026-09-01T15:24:46Z,dsm-sju-apr-may-saturdays,serpapi,DSM,SJU,2027-04-24,2027-05-01,6,3036.00,USD,Southwest,1,https://www.google.com/travel/flights?hl=en&gl=us&curr=USD&tfs=CBwQAhoeEgoyMDI3LTA0LTI0agcIARIDRFNNcgcIARIDU0pVGh4SCjIwMjctMDUtMDFqBwgBEgNTSlVyBwgBEgNEU01AAUABQAJAAkACQAJAA0gBcAGYAQE&tfu=EgIIAQ,
2026-09-01T15:24:46Z,dsm-sju-apr-may-saturdays,serpapi,DSM,SJU,2027-04-24,2027-05-01,6,3078.00,USD,United,1,https://www.google.com/travel/flights?hl=en&gl=us&curr=USD&tfs=CBwQAhoeEgoyMDI3LTA0LTI0agcIARIDRFNNcgcIARIDU0pVGh4SCjIwMjctMDUtMDFqBwgBEgNTSlVyBwgBEgNEU01AAUABQAJAAkACQAJAA0gBcAGYAQE&tfu=EgIIAQ,
2026-09-01T15:24:46Z,dsm-sju-apr-may-saturdays,serpapi,DSM,SJU,2027-04-24,2027-05-01,6,2916.00,USD,United,2,https://www.google.com/travel/flights?hl=en&gl=us&curr=USD&tfs=CBwQAhoeEgoyMDI3LTA0LTI0agcIARIDRFNNcgcIARIDU0pVGh4SCjIwMjctMDUtMDFqBwgBEgNTSlVyBwgBEgNEU01AAUABQAJAAkACQAJAA0gBcAGYAQE&tfu=EgIIAQ,
2026-09-01T15:24:46Z,dsm-sju-apr-may-saturdays,serpapi,DSM,SJU,2027-04-24,2027-05-01,6,2916.00,USD,American,2,https://www.google.com/travel/flights?hl=en&gl=us&curr=USD&tfs=CBwQAhoeEgoyMDI3LTA0LTI0agcIARIDRFNNcgcIARIDU0pVGh4SCjIwMjctMDUtMDFqBwgBEgNTSlVyBwgBEgNEU01AAUABQAJAAkACQAJAA0gBcAGYAQE&tfu=EgIIAQ,
2026-09-01T15:24:46Z,dsm-sju-apr-may-saturdays,serpapi,DSM,SJU,2027-04-24,2027-05-01,6,2916.00,USD,American,1,https://www.google.com/travel/flights?hl=en&gl=us&curr=USD&tfs=CBwQAhoeEgoyMDI3LTA0LTI0agcIARIDRFNNcgcIARIDU0pVGh4SCjIwMjctMDUtMDFqBwgBEgNTSlVyBwgBEgNEU01AAUABQAJAAkACQAJAA0gBcAGYAQE&tfu=EgIIAQ,
2026-09-01T15:24:46Z,dsm-sju-apr-may-saturdays,serpapi,DSM,SJU,2027-04-24,2027-05-01,6,3066.00,USD,United,1,https://www.google.com/travel/flights?hl=en&gl=us&curr=USD&tfs=CBwQAhoeEgoyMDI3LTA0LTI0agcIARIDRFNNcgcIARIDU0pVGh4SCjIwMjctMDUtMDFqBwgBEgNTSlVyBwgBEgNEU01AAUABQAJAAkACQAJAA0gBcAGYAQE&tfu=EgIIAQ,
2026-09-01T15:24:46Z,dsm-sju-apr-may-saturdays,serpapi,DSM,SJU,2027-04-24,2027-05-01,6,3636.00,USD,Delta,1,https://www.google.com/travel/flights?hl=en&gl=us&curr=USD&tfs=CBwQAhoeEgoyMDI3LTA0LTI0agcIARIDRFNNcgcIARIDU0pVGh4SCjIwMjctMDUtMDFqBwgBEgNTSlVyBwgBEgNEU01AAUABQAJAAkACQAJAA0gBcAGYAQE&tfu=EgIIAQ,
2026-09-01T15:25:14Z,dsm-sju-apr-may-saturdays,serpapi,DSM,SJU,2027-05-01,2027-05-08,6,3036.00,USD,American,1,https://www.google.com/travel/flights?hl=en&gl=us&curr=USD&tfs=CBwQAhoeEgoyMDI3LTA1LTAxagcIARIDRFNNcgcIARIDU0pVGh4SCjIwMjctMDUtMDhqBwgBEgNTSlVyBwgBEgNEU01AAUABQAJAAkACQAJAA0gBcAGYAQE&tfu=EgIIAQ,
2026-09-01T15:25:14Z,dsm-sju-apr-may-saturdays,serpapi,DSM,SJU,2027-05-01,2027-05-08,6,3036.00,USD,Delta,1,https://www.google.com/travel/flights?hl=en&gl=us&curr=USD&tfs=CBwQAhoeEgoyMDI3LTA1LTAxagcIARIDRFNNcgcIARIDU0pVGh4SCjIwMjctMDUtMDhqBwgBEgNTSlVyBwgBEgNEU01AAUABQAJAAkACQAJAA0gBcAGYAQE&tfu=EgIIAQ,
2026-09-01T15:25:14Z,dsm-sju-apr-may-saturdays,serpapi,DSM,SJU,2027-05-01,2027-05-08,6,3054.00,USD,United,1,https://www.google.com/travel/flights?hl=en&gl=us&curr=USD&tfs=CBwQAhoeEgoyMDI3LTA1LTAxagcIARIDRFNNcgcIARIDU0pVGh4SCjIwMjctMDUtMDhqBwgBEgNTSlVyBwgBEgNEU01AAUABQAJAAkACQAJAA0gBcAGYAQE&tfu=EgIIAQ,
2026-09-01T15:25:14Z,dsm-sju-apr-may-saturdays,serpapi,DSM,SJU,2027-05-01,2027-05-08,6,2916.00,USD,United,2,https://www.google.com/travel/flights?hl=en&gl=us&curr=USD&tfs=CBwQAhoeEgoyMDI3LTA1LTAxagcIARIDRFNNcgcIARIDU0pVGh4SCjIwMjctMDUtMDhqBwgBEgNTSlVyBwgBEgNEU01AAUABQAJAAkACQAJAA0gBcAGYAQE&tfu=EgIIAQ,
2026-09-01T15:25:14Z,dsm-sju-apr-may-saturdays,serpapi,DSM,SJU,2027-05-01,2027-05-08,6,2916.00,USD,American,2,https://www.google.com/travel/flights?hl=en&gl=us&curr=USD&tfs=CBwQAhoeEgoyMDI3LTA1LTAxagcIARIDRFNNcgcIARIDU0pVGh4SCjIwMjctMDUtMDhqBwgBEgNTSlVyBwgBEgNEU01AAUABQAJAAkACQAJAA0gBcAGYAQE&tfu=EgIIAQ,
2026-09-01T15:25:14Z,dsm-sju-apr-may-saturdays,serpapi,DSM,SJU,2027-05-01,2027-05-08,6,2916.00,USD,American,1,https://www.google.com/travel/flights?hl=en&gl=us&curr=USD&tfs=CBwQAhoeEgoyMDI3LTA1LTAxagcIARIDRFNNcgcIARIDU0pVGh4SCjIwMjctMDUtMDhqBwgBEgNTSlVyBwgBEgNEU01AAUABQAJAAkACQAJAA0gBcAGYAQE&tfu=EgIIAQ,
2026-09-01T15:25:14Z,dsm-sju-apr-may-saturdays,serpapi,DSM,SJU,2027-05-01,2027-05-08,6,3036.00,USD,Southwest,2,https://www.google.com/travel/flights?hl=en&gl=us&curr=USD&tfs=CBwQAhoeEgoyMDI3LTA1LTAxagcIARIDRFNNcgcIARIDU0pVGh4SCjIwMjctMDUtMDhqBwgBEgNTSlVyBwgBEgNEU01AAUABQAJAAkACQAJAA0gBcAGYAQE&tfu=EgIIAQ,
2026-09-01T15:25:14Z,dsm-sju-apr-may-saturdays,serpapi,DSM,SJU,2027-05-01,2027-05-08,6,3066.00,USD,United,1,https://www.google.com/travel/flights?hl=en&gl=us&curr=USD&tfs=CBwQAhoeEgoyMDI3LTA1LTAxagcIARIDRFNNcgcIARIDU0pVGh4SCjIwMjctMDUtMDhqBwgBEgNTSlVyBwgBEgNEU01AAUABQAJAAkACQAJAA0gBcAGYAQE&tfu=EgIIAQ,
2026-09-01T15:25:14Z,dsm-sju-apr-may-saturdays,serpapi,DSM,SJU,2027-05-01,2027-05-08,6,4326.00,USD,Delta,1,https://www.google.com/travel/flights?hl=en&gl=us&curr=USD&tfs=CBwQAhoeEgoyMDI3LTA1LTAxagcIARIDRFNNcgcIARIDU0pVGh4SCjIwMjctMDUtMDhqBwgBEgNTSlVyBwgBEgNEU01AAUABQAJAAkACQAJAA0gBcAGYAQE&tfu=EgIIAQ,
2026-09-01T15:25:14Z,dsm-sju-apr-may-saturdays,serpapi,DSM,SJU,2027-05-01,2027-05-08,6,6606.00,USD,Southwest,1,https://www.google.com/travel/flights?hl=en&gl=us&curr=USD&tfs=CBwQAhoeEgoyMDI3LTA1LTAxagcIARIDRFNNcgcIARIDU0pVGh4SCjIwMjctMDUtMDhqBwgBEgNTSlVyBwgBEgNEU01AAUABQAJAAkACQAJAA0gBcAGYAQE&tfu=EgIIAQ,
2026-09-01T15:25:14Z,dsm-sju-apr-may-saturdays,serpapi,DSM,SJU,2027-05-01,2027-05-08,6,20696.00,USD,United,1,https://www.google.com/travel/flights?hl=en&gl=us&curr=USD&tfs=CBwQAhoeEgoyMDI3LTA1LTAxagcIARIDRFNNcgcIARIDU0pVGh4SCjIwMjctMDUtMDhqBwgBEgNTSlVyBwgBEgNEU01AAUABQAJAAkACQAJAA0gBcAGYAQE&tfu=EgIIAQ,
2026-09-01T15:25:14Z,dsm-sju-apr-may-saturdays,serpapi,DSM,SJU,2027-05-01,2027-05-08,6,24258.00,USD,American,2,https://www.google.com/travel/flights?hl=en&gl=us&curr=USD&tfs=CBwQAhoeEgoyMDI3LTA1LTAxagcIARIDRFNNcgcIARIDU0pVGh4SCjIwMjctMDUtMDhqBwgBEgNTSlVyBwgBEgNEU01AAUABQAJAAkACQAJAA0gBcAGYAQE&tfu=EgIIAQ,
2026-09-01T15:25:33Z,dsm-sju-apr-may-saturdays,serpapi,DSM,SJU,2027-05-08,2027-05-15,6,3036.00,USD,American,1,https://www.google.com/travel/flights?hl=en&gl=us&curr=USD&tfs=CBwQAhoeEgoyMDI3LTA1LTA4agcIARIDRFNNcgcIARIDU0pVGh4SCjIwMjctMDUtMTVqBwgBEgNTSlVyBwgBEgNEU01AAUABQAJAAkACQAJAA0gBcAGYAQE&tfu=EgIIAQ,
2026-09-01T15:25:33Z,dsm-sju-apr-may-saturdays,serpapi,DSM,SJU,2027-05-08,2027-05-15,6,3036.00,USD,Southwest,1,https://www.google.com/travel/flights?hl=en&gl=us&curr=USD&tfs=CBwQAhoeEgoyMDI3LTA1LTA4agcIARIDRFNNcgcIARIDU0pVGh4SCjIwMjctMDUtMTVqBwgBEgNTSlVyBwgBEgNEU01AAUABQAJAAkACQAJAA0gBcAGYAQE&tfu=EgIIAQ,
2026-09-01T15:25:33Z,dsm-sju-apr-may-saturdays,serpapi,DSM,SJU,2027-05-08,2027-05-15,6,3036.00,USD,Delta,1,https://www.google.com/travel/flights?hl=en&gl=us&curr=USD&tfs=CBwQAhoeEgoyMDI3LTA1LTA4agcIARIDRFNNcgcIARIDU0pVGh4SCjIwMjctMDUtMTVqBwgBEgNTSlVyBwgBEgNEU01AAUABQAJAAkACQAJAA0gBcAGYAQE&tfu=EgIIAQ,
2026-09-01T15:25:33Z,dsm-sju-apr-may-saturdays,serpapi,DSM,SJU,2027-05-08,2027-05-15,6,3306.00,USD,Delta,1,https://www.google.com/travel/flights?hl=en&gl=us&curr=USD&tfs=CBwQAhoeEgoyMDI3LTA1LTA4agcIARIDRFNNcgcIARIDU0pVGh4SCjIwMjctMDUtMTVqBwgBEgNTSlVyBwgBEgNEU01AAUABQAJAAkACQAJAA0gBcAGYAQE&tfu=EgIIAQ,
2026-09-01T15:25:33Z,dsm-sju-apr-may-saturdays,serpapi,DSM,SJU,2027-05-08,2027-05-15,6,3600.00,USD,United,1,https://www.google.com/travel/flights?hl=en&gl=us&curr=USD&tfs=CBwQAhoeEgoyMDI3LTA1LTA4agcIARIDRFNNcgcIARIDU0pVGh4SCjIwMjctMDUtMTVqBwgBEgNTSlVyBwgBEgNEU01AAUABQAJAAkACQAJAA0gBcAGYAQE&tfu=EgIIAQ,
2026-09-01T15:25:33Z,dsm-sju-apr-may-saturdays,serpapi,DSM,SJU,2027-05-08,2027-05-15,6,3852.00,USD,United,1,https://www.google.com/travel/flights?hl=en&gl=us&curr=USD&tfs=CBwQAhoeEgoyMDI3LTA1LTA4agcIARIDRFNNcgcIARIDU0pVGh4SCjIwMjctMDUtMTVqBwgBEgNTSlVyBwgBEgNEU01AAUABQAJAAkACQAJAA0gBcAGYAQE&tfu=EgIIAQ,
2026-09-01T15:25:50Z,dsm-sju-apr-may-saturdays,serpapi,DSM,SJU,2027-05-15,2027-05-22,6,3036.00,USD,American,1,https://www.google.com/travel/flights?hl=en&gl=us&curr=USD&tfs=CBwQAhoeEgoyMDI3LTA1LTE1agcIARIDRFNNcgcIARIDU0pVGh4SCjIwMjctMDUtMjJqBwgBEgNTSlVyBwgBEgNEU01AAUABQAJAAkACQAJAA0gBcAGYAQE&tfu=EgIIAQ,
2026-09-01T15:25:50Z,dsm-sju-apr-may-saturdays,serpapi,DSM,SJU,2027-05-15,2027-05-22,6,3036.00,USD,Southwest,1,https://www.google.com/travel/flights?hl=en&gl=us&curr=USD&tfs=CBwQAhoeEgoyMDI3LTA1LTE1agcIARIDRFNNcgcIARIDU0pVGh4SCjIwMjctMDUtMjJqBwgBEgNTSlVyBwgBEgNEU01AAUABQAJAAkACQAJAA0gBcAGYAQE&tfu=EgIIAQ,
2026-09-01T15:25:50Z,dsm-sju-apr-may-saturdays,serpapi,DSM,SJU,2027-05-15,2027-05-22,6,3036.00,USD,Delta,1,https://www.google.com/travel/flights?hl=en&gl=us&curr=USD&tfs=CBwQAhoeEgoyMDI3LTA1LTE1agcIARIDRFNNcgcIARIDU0pVGh4SCjIwMjctMDUtMjJqBwgBEgNTSlVyBwgBEgNEU01AAUABQAJAAkACQAJAA0gBcAGYAQE&tfu=EgIIAQ,
2026-09-01T15:25:50Z,dsm-sju-apr-may-saturdays,serpapi,DSM,SJU,2027-05-15,2027-05-22,6,3186.00,USD,American,1,https://www.google.com/travel/flights?hl=en&gl=us&curr=USD&tfs=CBwQAhoeEgoyMDI3LTA1LTE1agcIARIDRFNNcgcIARIDU0pVGh4SCjIwMjctMDUtMjJqBwgBEgNTSlVyBwgBEgNEU01AAUABQAJAAkACQAJAA0gBcAGYAQE&tfu=EgIIAQ,
2026-09-01T15:25:50Z,dsm-sju-apr-may-saturdays,serpapi,DSM,SJU,2027-05-15,2027-05-22,6,4326.00,USD,Delta,1,https://www.google.com/travel/flights?hl=en&gl=us&curr=USD&tfs=CBwQAhoeEgoyMDI3LTA1LTE1agcIARIDRFNNcgcIARIDU0pVGh4SCjIwMjctMDUtMjJqBwgBEgNTSlVyBwgBEgNEU01AAUABQAJAAkACQAJAA0gBcAGYAQE&tfu=EgIIAQ,
2026-09-01T15:25:50Z,dsm-sju-apr-may-saturdays,serpapi,DSM,SJU,2027-05-15,2027-05-22,6,5040.00,USD,United,1,https://www.google.com/travel/flights?hl=en&gl=us&curr=USD&tfs=CBwQAhoeEgoyMDI3LTA1LTE1agcIARIDRFNNcgcIARIDU0pVGh4SCjIwMjctMDUtMjJqBwgBEgNTSlVyBwgBEgNEU01AAUABQAJAAkACQAJAA0gBcAGYAQE&tfu=EgIIAQ,
2026-09-01T16:07:42Z,dsm-stt-jan-thursdays,serpapi,DSM,STT,2027-01-07,2027-01-12,6,2955.00,USD,American,2,https://www.google.com/travel/flights?hl=en&gl=us&curr=USD&tfs=CBwQAhoeEgoyMDI3LTAxLTA3agcIARIDRFNNcgcIARIDU1RUGh4SCjIwMjctMDEtMTJqBwgBEgNTVFRyBwgBEgNEU01AAUABQAJAAkACQAJAA0gBcAGYAQE&tfu=EgIIAQ,
2026-09-01T16:07:42Z,dsm-stt-jan-thursdays,serpapi,DSM,STT,2027-01-07,2027-01-12,6,4641.00,USD,United,1,https://www.google.com/travel/flights?hl=en&gl=us&curr=USD&tfs=CBwQAhoeEgoyMDI3LTAxLTA3agcIARIDRFNNcgcIARIDU1RUGh4SCjIwMjctMDEtMTJqBwgBEgNTVFRyBwgBEgNEU01AAUABQAJAAkACQAJAA0gBcAGYAQE&tfu=EgIIAQ,
2026-09-01T16:07:42Z,dsm-stt-jan-thursdays,serpapi,DSM,STT,2027-01-07,2027-01-12,6,6411.00,USD,Delta,1,https://www.google.com/travel/flights?hl=en&gl=us&curr=USD&tfs=CBwQAhoeEgoyMDI3LTAxLTA3agcIARIDRFNNcgcIARIDU1RUGh4SCjIwMjctMDEtMTJqBwgBEgNTVFRyBwgBEgNEU01AAUABQAJAAkACQAJAA0gBcAGYAQE&tfu=EgIIAQ,
2026-09-01T16:07:42Z,dsm-stt-jan-thursdays,serpapi,DSM,STT,2027-01-07,2027-01-12,6,3207.00,USD,American,2,https://www.google.com/travel/flights?hl=en&gl=us&curr=USD&tfs=CBwQAhoeEgoyMDI3LTAxLTA3agcIARIDRFNNcgcIARIDU1RUGh4SCjIwMjctMDEtMTJqBwgBEgNTVFRyBwgBEgNEU01AAUABQAJAAkACQAJAA0gBcAGYAQE&tfu=EgIIAQ,
2026-09-01T16:07:42Z,dsm-stt-jan-thursdays,serpapi,DSM,STT,2027-01-07,2027-01-12,6,3459.00,USD,American,2,https://www.google.com/travel/flights?hl=en&gl=us&curr=USD&tfs=CBwQAhoeEgoyMDI3LTAxLTA3agcIARIDRFNNcgcIARIDU1RUGh4SCjIwMjctMDEtMTJqBwgBEgNTVFRyBwgBEgNEU01AAUABQAJAAkACQAJAA0gBcAGYAQE&tfu=EgIIAQ,
2026-09-01T16:07:42Z,dsm-stt-jan-thursdays,serpapi,DSM,STT,2027-01-07,2027-01-12,6,4250.00,USD,United,2,https://www.google.com/travel/flights?hl=en&gl=us&curr=USD&tfs=CBwQAhoeEgoyMDI3LTAxLTA3agcIARIDRFNNcgcIARIDU1RUGh4SCjIwMjctMDEtMTJqBwgBEgNTVFRyBwgBEgNEU01AAUABQAJAAkACQAJAA0gBcAGYAQE&tfu=EgIIAQ,
2026-09-01T16:07:42Z,dsm-stt-jan-thursdays,serpapi,DSM,STT,2027-01-07,2027-01-12,6,7920.00,USD,Delta,1,https://www.google.com/travel/flights?hl=en&gl=us&curr=USD&tfs=CBwQAhoeEgoyMDI3LTAxLTA3agcIARIDRFNNcgcIARIDU1RUGh4SCjIwMjctMDEtMTJqBwgBEgNTVFRyBwgBEgNEU01AAUABQAJAAkACQAJAA0gBcAGYAQE&tfu=EgIIAQ,
2026-09-01T16:07:46Z,dsm-stt-jan-thursdays,serpapi,DSM,STT,2027-01-14,2027-01-19,6,3931.00,USD,American,2,https://www.google.com/travel/flights?hl=en&gl=us&curr=USD&tfs=CBwQAhoeEgoyMDI3LTAxLTE0agcIARIDRFNNcgcIARIDU1RUGh4SCjIwMjctMDEtMTlqBwgBEgNTVFRyBwgBEgNEU01AAUABQAJAAkACQAJAA0gBcAGYAQE&tfu=EgIIAQ,
2026-09-01T16:07:46Z,dsm-stt-jan-thursdays,serpapi,DSM,STT,2027-01-14,2027-01-19,6,5685.00,USD,United,1,https://www.google.com/travel/flights?hl=en&gl=us&curr=USD&tfs=CBwQAhoeEgoyMDI3LTAxLTE0agcIARIDRFNNcgcIARIDU1RUGh4SCjIwMjctMDEtMTlqBwgBEgNTVFRyBwgBEgNEU01AAUABQAJAAkACQAJAA0gBcAGYAQE&tfu=EgIIAQ,
2026-09-01T16:07:46Z,dsm-stt-jan-thursdays,serpapi,DSM,STT,2027-01-14,2027-01-19,6,6057.00,USD,American,1,https://www.google.com/travel/flights?hl=en&gl=us&curr=USD&tfs=CBwQAhoeEgoyMDI3LTAxLTE0agcIARIDRFNNcgcIARIDU1RUGh4SCjIwMjctMDEtMTlqBwgBEgNTVFRyBwgBEgNEU01AAUABQAJAAkACQAJAA0gBcAGYAQE&tfu=EgIIAQ,
2026-09-01T16:07:46Z,dsm-stt-jan-thursdays,serpapi,DSM,STT,2027-01-14,2027-01-19,6,3525.00,USD,American,2,https://www.google.com/travel/flights?hl=en&gl=us&curr=USD&tfs=CBwQAhoeEgoyMDI3LTAxLTE0agcIARIDRFNNcgcIARIDU1RUGh4SCjIwMjctMDEtMTlqBwgBEgNTVFRyBwgBEgNEU01AAUABQAJAAkACQAJAA0gBcAGYAQE&tfu=EgIIAQ,
2026-09-01T16:07:46Z,dsm-stt-jan-thursdays,serpapi,DSM,STT,2027-01-14,2027-01-19,6,4281.00,USD,American,2,https://www.google.com/travel/flights?hl=en&gl=us&curr=USD&tfs=CBwQAhoeEgoyMDI3LTAxLTE0agcIARIDRFNNcgcIARIDU1RUGh4SCjIwMjctMDEtMTlqBwgBEgNTVFRyBwgBEgNEU01AAUABQAJAAkACQAJAA0gBcAGYAQE&tfu=EgIIAQ,
2026-09-01T16:07:46Z,dsm-stt-jan-thursdays,serpapi,DSM,STT,2027-01-14,2027-01-19,6,10617.00,USD,Delta,1,https://www.google.com/travel/flights?hl=en&gl=us&curr=USD&tfs=CBwQAhoeEgoyMDI3LTAxLTE0agcIARIDRFNNcgcIARIDU1RUGh4SCjIwMjctMDEtMTlqBwgBEgNTVFRyBwgBEgNEU01AAUABQAJAAkACQAJAA0gBcAGYAQE&tfu=EgIIAQ,
2026-09-01T16:07:52Z,dsm-stt-jan-thursdays,serpapi,DSM,STT,2027-01-21,2027-01-26,6,3999.00,USD,American,1,https://www.google.com/travel/flights?hl=en&gl=us&curr=USD&tfs=CBwQAhoeEgoyMDI3LTAxLTIxagcIARIDRFNNcgcIARIDU1RUGh4SCjIwMjctMDEtMjZqBwgBEgNTVFRyBwgBEgNEU01AAUABQAJAAkACQAJAA0gBcAGYAQE&tfu=EgIIAQ,
2026-09-01T16:07:52Z,dsm-stt-jan-thursdays,serpapi,DSM,STT,2027-01-21,2027-01-26,6,4251.00,USD,United,1,https://www.google.com/travel/flights?hl=en&gl=us&curr=USD&tfs=CBwQAhoeEgoyMDI3LTAxLTIxagcIARIDRFNNcgcIARIDU1RUGh4SCjIwMjctMDEtMjZqBwgBEgNTVFRyBwgBEgNEU01AAUABQAJAAkACQAJAA0gBcAGYAQE&tfu=EgIIAQ,
2026-09-01T16:07:52Z,dsm-stt-jan-thursdays,serpapi,DSM,STT,2027-01-21,2027-01-26,6,3075.00,USD,American,2,https://www.google.com/travel/flights?hl=en&gl=us&curr=USD&tfs=CBwQAhoeEgoyMDI3LTAxLTIxagcIARIDRFNNcgcIARIDU1RUGh4SCjIwMjctMDEtMjZqBwgBEgNTVFRyBwgBEgNEU01AAUABQAJAAkACQAJAA0gBcAGYAQE&tfu=EgIIAQ,
2026-09-01T16:07:52Z,dsm-stt-jan-thursdays,serpapi,DSM,STT,2027-01-21,2027-01-26,6,3195.00,USD,American,2,https://www.google.com/travel/flights?hl=en&gl=us&curr=USD&tfs=CBwQAhoeEgoyMDI3LTAxLTIxagcIARIDRFNNcgcIARIDU1RUGh4SCjIwMjctMDEtMjZqBwgBEgNTVFRyBwgBEgNEU01AAUABQAJAAkACQAJAA0gBcAGYAQE&tfu=EgIIAQ,
2026-09-01T16:07:52Z,dsm-stt-jan-thursdays,serpapi,DSM,STT,2027-01-21,2027-01-26,6,3327.00,USD,American,2,https://www.google.com/travel/flights?hl=en&gl=us&curr=USD&tfs=CBwQAhoeEgoyMDI3LTAxLTIxagcIARIDRFNNcgcIARIDU1RUGh4SCjIwMjctMDEtMjZqBwgBEgNTVFRyBwgBEgNEU01AAUABQAJAAkACQAJAA0gBcAGYAQE&tfu=EgIIAQ,
2026-09-01T16:07:52Z,dsm-stt-jan-thursdays,serpapi,DSM,STT,2027-01-21,2027-01-26,6,5487.00,USD,American,1,https://www.google.com/travel/flights?hl=en&gl=us&curr=USD&tfs=CBwQAhoeEgoyMDI3LTAxLTIxagcIARIDRFNNcgcIARIDU1RUGh4SCjIwMjctMDEtMjZqBwgBEgNTVFRyBwgBEgNEU01AAUABQAJAAkACQAJAA0gBcAGYAQE&tfu=EgIIAQ,
2026-09-01T16:07:52Z,dsm-stt-jan-thursdays,serpapi,DSM,STT,2027-01-21,2027-01-26,6,7617.00,USD,Delta,1,https://www.google.com/travel/flights?hl=en&gl=us&curr=USD&tfs=CBwQAhoeEgoyMDI3LTAxLTIxagcIARIDRFNNcgcIARIDU1RUGh4SCjIwMjctMDEtMjZqBwgBEgNTVFRyBwgBEgNEU01AAUABQAJAAkACQAJAA0gBcAGYAQE&tfu=EgIIAQ,
2026-09-01T16:08:02Z,dsm-stt-jan-thursdays,serpapi,DSM,STT,2027-01-28,2027-02-02,6,3999.00,USD,American,1,https://www.google.com/travel/flights?hl=en&gl=us&curr=USD&tfs=CBwQAhoeEgoyMDI3LTAxLTI4agcIARIDRFNNcgcIARIDU1RUGh4SCjIwMjctMDItMDJqBwgBEgNTVFRyBwgBEgNEU01AAUABQAJAAkACQAJAA0gBcAGYAQE&tfu=EgIIAQ,
2026-09-01T16:08:02Z,dsm-stt-jan-thursdays,serpapi,DSM,STT,2027-01-28,2027-02-02,6,4269.00,USD,United,1,https://www.google.com/travel/flights?hl=en&gl=us&curr=USD&tfs=CBwQAhoeEgoyMDI3LTAxLTI4agcIARIDRFNNcgcIARIDU1RUGh4SCjIwMjctMDItMDJqBwgBEgNTVFRyBwgBEgNEU01AAUABQAJAAkACQAJAA0gBcAGYAQE&tfu=EgIIAQ,
2026-09-01T16:08:02Z,dsm-stt-jan-thursdays,serpapi,DSM,STT,2027-01-28,2027-02-02,6,4350.00,USD,Delta,1,https://www.google.com/travel/flights?hl=en&gl=us&curr=USD&tfs=CBwQAhoeEgoyMDI3LTAxLTI4agcIARIDRFNNcgcIARIDU1RUGh4SCjIwMjctMDItMDJqBwgBEgNTVFRyBwgBEgNEU01AAUABQAJAAkACQAJAA0gBcAGYAQE&tfu=EgIIAQ,
2026-09-01T16:08:02Z,dsm-stt-jan-thursdays,serpapi,DSM,STT,2027-01-28,2027-02-02,6,5166.00,USD,Delta,1,https://www.google.com/travel/flights?hl=en&gl=us&curr=USD&tfs=CBwQAhoeEgoyMDI3LTAxLTI4agcIARIDRFNNcgcIARIDU1RUGh4SCjIwMjctMDItMDJqBwgBEgNTVFRyBwgBEgNEU01AAUABQAJAAkACQAJAA0gBcAGYAQE&tfu=EgIIAQ,
2026-09-01T16:08:02Z,dsm-stt-jan-thursdays,serpapi,DSM,STT,2027-01-28,2027-02-02,6,2955.00,USD,American,2,https://www.google.com/travel/flights?hl=en&gl=us&curr=USD&tfs=CBwQAhoeEgoyMDI3LTAxLTI4agcIARIDRFNNcgcIARIDU1RUGh4SCjIwMjctMDItMDJqBwgBEgNTVFRyBwgBEgNEU01AAUABQAJAAkACQAJAA0gBcAGYAQE&tfu=EgIIAQ,
2026-09-01T16:08:02Z,dsm-stt-jan-thursdays,serpapi,DSM,STT,2027-01-28,2027-02-02,6,3075.00,USD,American,2,https://www.google.com/travel/flights?hl=en&gl=us&curr=USD&tfs=CBwQAhoeEgoyMDI3LTAxLTI4agcIARIDRFNNcgcIARIDU1RUGh4SCjIwMjctMDItMDJqBwgBEgNTVFRyBwgBEgNEU01AAUABQAJAAkACQAJAA0gBcAGYAQE&tfu=EgIIAQ,
2026-09-01T16:08:02Z,dsm-stt-jan-thursdays,serpapi,DSM,STT,2027-01-28,2027-02-02,6,3351.00,USD,American,2,https://www.google.com/travel/flights?hl=en&gl=us&curr=USD&tfs=CBwQAhoeEgoyMDI3LTAxLTI4agcIARIDRFNNcgcIARIDU1RUGh4SCjIwMjctMDItMDJqBwgBEgNTVFRyBwgBEgNEU01AAUABQAJAAkACQAJAA0gBcAGYAQE&tfu=EgIIAQ,
2026-09-01T16:08:02Z,dsm-stt-jan-thursdays,serpapi,DSM,STT,2027-01-28,2027-02-02,6,5487.00,USD,American,1,https://www.google.com/travel/flights?hl=en&gl=us&curr=USD&tfs=CBwQAhoeEgoyMDI3LTAxLTI4agcIARIDRFNNcgcIARIDU1RUGh4SCjIwMjctMDItMDJqBwgBEgNTVFRyBwgBEgNEU01AAUABQAJAAkACQAJAA0gBcAGYAQE&tfu=EgIIAQ,
2026-09-01T16:08:09Z,dsm-sju-jan-thursdays,serpapi,DSM,SJU,2027-01-07,2027-01-12,6,2796.00,USD,United,1,https://www.google.com/travel/flights?hl=en&gl=us&curr=USD&tfs=CBwQAhoeEgoyMDI3LTAxLTA3agcIARIDRFNNcgcIARIDU0pVGh4SCjIwMjctMDEtMTJqBwgBEgNTSlVyBwgBEgNEU01AAUABQAJAAkACQAJAA0gBcAGYAQE&tfu=EgIIAQ,
2026-09-01T16:08:09Z,dsm-sju-jan-thursdays,serpapi,DSM,SJU,2027-01-07,2027-01-12,6,3096.00,USD,American,1,https://www.google.com/travel/flights?hl=en&gl=us&curr=USD&tfs=CBwQAhoeEgoyMDI3LTAxLTA3agcIARIDRFNNcgcIARIDU0pVGh4SCjIwMjctMDEtMTJqBwgBEgNTSlVyBwgBEgNEU01AAUABQAJAAkACQAJAA0gBcAGYAQE&tfu=EgIIAQ,
2026-09-01T16:08:09Z,dsm-sju-jan-thursdays,serpapi,DSM,SJU,2027-01-07,2027-01-12,6,3516.00,USD,United,1,https://www.google.com/travel/flights?hl=en&gl=us&curr=USD&tfs=CBwQAhoeEgoyMDI3LTAxLTA3agcIARIDRFNNcgcIARIDU0pVGh4SCjIwMjctMDEtMTJqBwgBEgNTSlVyBwgBEgNEU01AAUABQAJAAkACQAJAA0gBcAGYAQE&tfu=EgIIAQ,
2026-09-01T16:08:09Z,dsm-sju-jan-thursdays,serpapi,DSM,SJU,2027-01-07,2027-01-12,6,2796.00,USD,American,2,https://www.google.com/travel/flights?hl=en&gl=us&curr=USD&tfs=CBwQAhoeEgoyMDI3LTAxLTA3agcIARIDRFNNcgcIARIDU0pVGh4SCjIwMjctMDEtMTJqBwgBEgNTSlVyBwgBEgNEU01AAUABQAJAAkACQAJAA0gBcAGYAQE&tfu=EgIIAQ,
2026-09-01T16:08:09Z,dsm-sju-jan-thursdays,serpapi,DSM,SJU,2027-01-07,2027-01-12,6,2916.00,USD,Southwest,2,https://www.google.com/travel/flights?hl=en&gl=us&curr=USD&tfs=CBwQAhoeEgoyMDI3LTAxLTA3agcIARIDRFNNcgcIARIDU0pVGh4SCjIwMjctMDEtMTJqBwgBEgNTSlVyBwgBEgNEU01AAUABQAJAAkACQAJAA0gBcAGYAQE&tfu=EgIIAQ,
2026-09-01T16:08:09Z,dsm-sju-jan-thursdays,serpapi,DSM,SJU,2027-01-07,2027-01-12,6,3546.00,USD,Southwest,2,https://www.google.com/travel/flights?hl=en&gl=us&curr=USD&tfs=CBwQAhoeEgoyMDI3LTAxLTA3agcIARIDRFNNcgcIARIDU0pVGh4SCjIwMjctMDEtMTJqBwgBEgNTSlVyBwgBEgNEU01AAUABQAJAAkACQAJAA0gBcAGYAQE&tfu=EgIIAQ,
2026-09-01T16:08:09Z,dsm-sju-jan-thursdays,serpapi,DSM,SJU,2027-01-07,2027-01-12,6,4476.00,USD,Delta,1,https://www.google.com/travel/flights?hl=en&gl=us&curr=USD&tfs=CBwQAhoeEgoyMDI3LTAxLTA3agcIARIDRFNNcgcIARIDU0pVGh4SCjIwMjctMDEtMTJqBwgBEgNTSlVyBwgBEgNEU01AAUABQAJAAkACQAJAA0gBcAGYAQE&tfu=EgIIAQ,
2026-09-01T16:08:09Z,dsm-sju-jan-thursdays,serpapi,DSM,SJU,2027-01-07,2027-01-12,6,5394.00,USD,United,1,https://www.google.com/travel/flights?hl=en&gl=us&curr=USD&tfs=CBwQAhoeEgoyMDI3LTAxLTA3agcIARIDRFNNcgcIARIDU0pVGh4SCjIwMjctMDEtMTJqBwgBEgNTSlVyBwgBEgNEU01AAUABQAJAAkACQAJAA0gBcAGYAQE&tfu=EgIIAQ,
2026-09-01T16:08:09Z,dsm-sju-jan-thursdays,serpapi,DSM,SJU,2027-01-07,2027-01-12,6,6702.00,USD,Delta,1,https://www.google.com/travel/flights?hl=en&gl=us&curr=USD&tfs=CBwQAhoeEgoyMDI3LTAxLTA3agcIARIDRFNNcgcIARIDU0pVGh4SCjIwMjctMDEtMTJqBwgBEgNTSlVyBwgBEgNEU01AAUABQAJAAkACQAJAA0gBcAGYAQE&tfu=EgIIAQ,
2026-09-01T16:08:14Z,dsm-sju-jan-thursdays,serpapi,DSM,SJU,2027-01-14,2027-01-19,6,4026.00,USD,American,1,https://www.google.com/travel/flights?hl=en&gl=us&curr=USD&tfs=CBwQAhoeEgoyMDI3LTAxLTE0agcIARIDRFNNcgcIARIDU0pVGh4SCjIwMjctMDEtMTlqBwgBEgNTSlVyBwgBEgNEU01AAUABQAJAAkACQAJAA0gBcAGYAQE&tfu=EgIIAQ,
2026-09-01T16:08:14Z,dsm-sju-jan-thursdays,serpapi,DSM,SJU,2027-01-14,2027-01-19,6,4284.00,USD,United,1,https://www.google.com/travel/flights?hl=en&gl=us&curr=USD&tfs=CBwQAhoeEgoyMDI3LTAxLTE0agcIARIDRFNNcgcIARIDU0pVGh4SCjIwMjctMDEtMTlqBwgBEgNTSlVyBwgBEgNEU01AAUABQAJAAkACQAJAA0gBcAGYAQE&tfu=EgIIAQ,
2026-09-01T16:08:14Z,dsm-sju-jan-thursdays,serpapi,DSM,SJU,2027-01-14,2027-01-19,6,4506.00,USD,Delta,1,https://www.google.com/travel/flights?hl=en&gl=us&curr=USD&tfs=CBwQAhoeEgoyMDI3LTAxLTE0agcIARIDRFNNcgcIARIDU0pVGh4SCjIwMjctMDEtMTlqBwgBEgNTSlVyBwgBEgNEU01AAUABQAJAAkACQAJAA0gBcAGYAQE&tfu=EgIIAQ,
2026-09-01T16:08:14Z,dsm-sju-jan-thursdays,serpapi,DSM,SJU,2027-01-14,2027-01-19,6,3096.00,USD,Southwest,2,https://www.google.com/travel/flights?hl=en&gl=us&curr=USD&tfs=CBwQAhoeEgoyMDI3LTAxLTE0agcIARIDRFNNcgcIARIDU0pVGh4SCjIwMjctMDEtMTlqBwgBEgNTSlVyBwgBEgNEU01AAUABQAJAAkACQAJAA0gBcAGYAQE&tfu=EgIIAQ,
2026-09-01T16:08:14Z,dsm-sju-jan-thursdays,serpapi,DSM,SJU,2027-01-14,2027-01-19,6,4206.00,USD,Southwest,2,https://www.google.com/travel/flights?hl=en&gl=us&curr=USD&tfs=CBwQAhoeEgoyMDI3LTAxLTE0agcIARIDRFNNcgcIARIDU0pVGh4SCjIwMjctMDEtMTlqBwgBEgNTSlVyBwgBEgNEU01AAUABQAJAAkACQAJAA0gBcAGYAQE&tfu=EgIIAQ,
2026-09-01T16:08:14Z,dsm-sju-jan-thursdays,serpapi,DSM,SJU,2027-01-14,2027-01-19,6,4908.00,USD,United,1,https://www.google.com/travel/flights?hl=en&gl=us&curr=USD&tfs=CBwQAhoeEgoyMDI3LTAxLTE0agcIARIDRFNNcgcIARIDU0pVGh4SCjIwMjctMDEtMTlqBwgBEgNTSlVyBwgBEgNEU01AAUABQAJAAkACQAJAA0gBcAGYAQE&tfu=EgIIAQ,
2026-09-01T16:08:14Z,dsm-sju-jan-thursdays,serpapi,DSM,SJU,2027-01-14,2027-01-19,6,4986.00,USD,American,1,https://www.google.com/travel/flights?hl=en&gl=us&curr=USD&tfs=CBwQAhoeEgoyMDI3LTAxLTE0agcIARIDRFNNcgcIARIDU0pVGh4SCjIwMjctMDEtMTlqBwgBEgNTSlVyBwgBEgNEU01AAUABQAJAAkACQAJAA0gBcAGYAQE&tfu=EgIIAQ,
2026-09-01T16:08:14Z,dsm-sju-jan-thursdays,serpapi,DSM,SJU,2027-01-14,2027-01-19,6,5226.00,USD,United,1,https://www.google.com/travel/flights?hl=en&gl=us&curr=USD&tfs=CBwQAhoeEgoyMDI3LTAxLTE0agcIARIDRFNNcgcIARIDU0pVGh4SCjIwMjctMDEtMTlqBwgBEgNTSlVyBwgBEgNEU01AAUABQAJAAkACQAJAA0gBcAGYAQE&tfu=EgIIAQ,
2026-09-01T16:08:22Z,dsm-sju-jan-thursdays,serpapi,DSM,SJU,2027-01-21,2027-01-26,6,2796.00,USD,United,1,https://www.google.com/travel/flights?hl=en&gl=us&curr=USD&tfs=CBwQAhoeEgoyMDI3LTAxLTIxagcIARIDRFNNcgcIARIDU0pVGh4SCjIwMjctMDEtMjZqBwgBEgNTSlVyBwgBEgNEU01AAUABQAJAAkACQAJAA0gBcAGYAQE&tfu=EgIIAQ,
2026-09-01T16:08:22Z,dsm-sju-jan-thursdays,serpapi,DSM,SJU,2027-01-21,2027-01-26,6,2796.00,USD,American,1,https://www.google.com/travel/flights?hl=en&gl=us&curr=USD&tfs=CBwQAhoeEgoyMDI3LTAxLTIxagcIARIDRFNNcgcIARIDU0pVGh4SCjIwMjctMDEtMjZqBwgBEgNTSlVyBwgBEgNEU01AAUABQAJAAkACQAJAA0gBcAGYAQE&tfu=EgIIAQ,
2026-09-01T16:08:22Z,dsm-sju-jan-thursdays,serpapi,DSM,SJU,2027-01-21,2027-01-26,6,3066.00,USD,American,1,https://www.google.com/travel/flights?hl=en&gl=us&curr=USD&tfs=CBwQAhoeEgoyMDI3LTAxLTIxagcIARIDRFNNcgcIARIDU0pVGh4SCjIwMjctMDEtMjZqBwgBEgNTSlVyBwgBEgNEU01AAUABQAJAAkACQAJAA0gBcAGYAQE&tfu=EgIIAQ,
2026-09-01T16:08:22Z,dsm-sju-jan-thursdays,serpapi,DSM,SJU,2027-01-21,2027-01-26,6,3696.00,USD,United,1,https://www.google.com/travel/flights?hl=en&gl=us&curr=USD&tfs=CBwQAhoeEgoyMDI3LTAxLTIxagcIARIDRFNNcgcIARIDU0pVGh4SCjIwMjctMDEtMjZqBwgBEgNTSlVyBwgBEgNEU01AAUABQAJAAkACQAJAA0gBcAGYAQE&tfu=EgIIAQ,
2026-09-01T16:08:22Z,dsm-sju-jan-thursdays,serpapi,DSM,SJU,2027-01-21,2027-01-26,6,4236.00,USD,Delta,1,https://www.google.com/travel/flights?hl=en&gl=us&curr=USD&tfs=CBwQAhoeEgoyMDI3LTAxLTIxagcIARIDRFNNcgcIARIDU0pVGh4SCjIwMjctMDEtMjZqBwgBEgNTSlVyBwgBEgNEU01AAUABQAJAAkACQAJAA0gBcAGYAQE&tfu=EgIIAQ,
2026-09-01T16:08:22Z,dsm-sju-jan-thursdays,serpapi,DSM,SJU,2027-01-21,2027-01-26,6,2916.00,USD,Southwest,2,https://www.google.com/travel/flights?hl=en&gl=us&curr=USD&tfs=CBwQAhoeEgoyMDI3LTAxLTIxagcIARIDRFNNcgcIARIDU0pVGh4SCjIwMjctMDEtMjZqBwgBEgNTSlVyBwgBEgNEU01AAUABQAJAAkACQAJAA0gBcAGYAQE&tfu=EgIIAQ,
2026-09-01T16:08:22Z,dsm-sju-jan-thursdays,serpapi,DSM,SJU,2027-01-21,2027-01-26,6,3546.00,USD,Southwest,2,https://www.google.com/travel/flights?hl=en&gl=us&curr=USD&tfs=CBwQAhoeEgoyMDI3LTAxLTIxagcIARIDRFNNcgcIARIDU0pVGh4SCjIwMjctMDEtMjZqBwgBEgNTSlVyBwgBEgNEU01AAUABQAJAAkACQAJAA0gBcAGYAQE&tfu=EgIIAQ,
2026-09-01T16:08:22Z,dsm-sju-jan-thursdays,serpapi,DSM,SJU,2027-01-21,2027-01-26,6,3876.00,USD,American,1,https://www.google.com/travel/flights?hl=en&gl=us&curr=USD&tfs=CBwQAhoeEgoyMDI3LTAxLTIxagcIARIDRFNNcgcIARIDU0pVGh4SCjIwMjctMDEtMjZqBwgBEgNTSlVyBwgBEgNEU01AAUABQAJAAkACQAJAA0gBcAGYAQE&tfu=EgIIAQ,
2026-09-01T16:08:22Z,dsm-sju-jan-thursdays,serpapi,DSM,SJU,2027-01-21,2027-01-26,6,4344.00,USD,American,1,https://www.google.com/travel/flights?hl=en&gl=us&curr=USD&tfs=CBwQAhoeEgoyMDI3LTAxLTIxagcIARIDRFNNcgcIARIDU0pVGh4SCjIwMjctMDEtMjZqBwgBEgNTSlVyBwgBEgNEU01AAUABQAJAAkACQAJAA0gBcAGYAQE&tfu=EgIIAQ,
2026-09-01T16:08:22Z,dsm-sju-jan-thursdays,serpapi,DSM,SJU,2027-01-21,2027-01-26,6,4524.00,USD,United,1,https://www.google.com/travel/flights?hl=en&gl=us&curr=USD&tfs=CBwQAhoeEgoyMDI3LTAxLTIxagcIARIDRFNNcgcIARIDU0pVGh4SCjIwMjctMDEtMjZqBwgBEgNTSlVyBwgBEgNEU01AAUABQAJAAkACQAJAA0gBcAGYAQE&tfu=EgIIAQ,
2026-09-01T16:08:41Z,dsm-sju-jan-thursdays,serpapi,DSM,SJU,2027-01-28,2027-02-02,6,2916.00,USD,Delta,1,https://www.google.com/travel/flights?hl=en&gl=us&curr=USD&tfs=CBwQAhoeEgoyMDI3LTAxLTI4agcIARIDRFNNcgcIARIDU0pVGh4SCjIwMjctMDItMDJqBwgBEgNTSlVyBwgBEgNEU01AAUABQAJAAkACQAJAA0gBcAGYAQE&tfu=EgIIAQ,
2026-09-01T16:08:41Z,dsm-sju-jan-thursdays,serpapi,DSM,SJU,2027-01-28,2027-02-02,6,3066.00,USD,American,1,https://www.google.com/travel/flights?hl=en&gl=us&curr=USD&tfs=CBwQAhoeEgoyMDI3LTAxLTI4agcIARIDRFNNcgcIARIDU0pVGh4SCjIwMjctMDItMDJqBwgBEgNTSlVyBwgBEgNEU01AAUABQAJAAkACQAJAA0gBcAGYAQE&tfu=EgIIAQ,
2026-09-01T16:08:41Z,dsm-sju-jan-thursdays,serpapi,DSM,SJU,2027-01-28,2027-02-02,6,3096.00,USD,American,1,https://www.google.com/travel/flights?hl=en&gl=us&curr=USD&tfs=CBwQAhoeEgoyMDI3LTAxLTI4agcIARIDRFNNcgcIARIDU0pVGh4SCjIwMjctMDItMDJqBwgBEgNTSlVyBwgBEgNEU01AAUABQAJAAkACQAJAA0gBcAGYAQE&tfu=EgIIAQ,
2026-09-01T16:08:41Z,dsm-sju-jan-thursdays,serpapi,DSM,SJU,2027-01-28,2027-02-02,6,3168.00,USD,United,1,https://www.google.com/travel/flights?hl=en&gl=us&curr=USD&tfs=CBwQAhoeEgoyMDI3LTAxLTI4agcIARIDRFNNcgcIARIDU0pVGh4SCjIwMjctMDItMDJqBwgBEgNTSlVyBwgBEgNEU01AAUABQAJAAkACQAJAA0gBcAGYAQE&tfu=EgIIAQ,
2026-09-01T16:08:41Z,dsm-sju-jan-thursdays,serpapi,DSM,SJU,2027-01-28,2027-02-02,6,2796.00,USD,Southwest,2,https://www.google.com/travel/flights?hl=en&gl=us&curr=USD&tfs=CBwQAhoeEgoyMDI3LTAxLTI4agcIARIDRFNNcgcIARIDU0pVGh4SCjIwMjctMDItMDJqBwgBEgNTSlVyBwgBEgNEU01AAUABQAJAAkACQAJAA0gBcAGYAQE&tfu=EgIIAQ,
2026-09-01T16:08:41Z,dsm-sju-jan-thursdays,serpapi,DSM,SJU,2027-01-28,2027-02-02,6,2796.00,USD,American,2,https://www.google.com/travel/flights?hl=en&gl=us&curr=USD&tfs=CBwQAhoeEgoyMDI3LTAxLTI4agcIARIDRFNNcgcIARIDU0pVGh4SCjIwMjctMDItMDJqBwgBEgNTSlVyBwgBEgNEU01AAUABQAJAAkACQAJAA0gBcAGYAQE&tfu=EgIIAQ,
2026-09-01T16:08:41Z,dsm-sju-jan-thursdays,serpapi,DSM,SJU,2027-01-28,2027-02-02,6,2916.00,USD,Southwest,2,https://www.google.com/travel/flights?hl=en&gl=us&curr=USD&tfs=CBwQAhoeEgoyMDI3LTAxLTI4agcIARIDRFNNcgcIARIDU0pVGh4SCjIwMjctMDItMDJqBwgBEgNTSlVyBwgBEgNEU01AAUABQAJAAkACQAJAA0gBcAGYAQE&tfu=EgIIAQ,
2026-09-01T16:08:41Z,dsm-sju-jan-thursdays,serpapi,DSM,SJU,2027-01-28,2027-02-02,6,3576.00,USD,American,1,https://www.google.com/travel/flights?hl=en&gl=us&curr=USD&tfs=CBwQAhoeEgoyMDI3LTAxLTI4agcIARIDRFNNcgcIARIDU0pVGh4SCjIwMjctMDItMDJqBwgBEgNTSlVyBwgBEgNEU01AAUABQAJAAkACQAJAA0gBcAGYAQE&tfu=EgIIAQ,
2026-09-01T16:08:41Z,dsm-sju-jan-thursdays,serpapi,DSM,SJU,2027-01-28,2027-02-02,6,3630.00,USD,United,1,https://www.google.com/travel/flights?hl=en&gl=us&curr=USD&tfs=CBwQAhoeEgoyMDI3LTAxLTI4agcIARIDRFNNcgcIARIDU0pVGh4SCjIwMjctMDItMDJqBwgBEgNTSlVyBwgBEgNEU01AAUABQAJAAkACQAJAA0gBcAGYAQE&tfu=EgIIAQ,
2026-09-01T16:08:41Z,dsm-sju-jan-thursdays,serpapi,DSM,SJU,2027-01-28,2027-02-02,6,4524.00,USD,United,1,https://www.google.com/travel/flights?hl=en&gl=us&curr=USD&tfs=CBwQAhoeEgoyMDI3LTAxLTI4agcIARIDRFNNcgcIARIDU0pVGh4SCjIwMjctMDItMDJqBwgBEgNTSlVyBwgBEgNEU01AAUABQAJAAkACQAJAA0gBcAGYAQE&tfu=EgIIAQ,
2026-09-01T16:08:41Z,dsm-sju-jan-thursdays,serpapi,DSM,SJU,2027-01-28,2027-02-02,6,5364.00,USD,Delta,1,https://www.google.com/travel/flights?hl=en&gl=us&curr=USD&tfs=CBwQAhoeEgoyMDI3LTAxLTI4agcIARIDRFNNcgcIARIDU0pVGh4SCjIwMjctMDItMDJqBwgBEgNTSlVyBwgBEgNEU01AAUABQAJAAkACQAJAA0gBcAGYAQE&tfu=EgIIAQ,
2026-09-01T16:08:57Z,dsm-stt-apr-may-thursdays,serpapi,DSM,STT,2027-04-22,2027-04-27,6,3711.00,USD,American,1,https://www.google.com/travel/flights?hl=en&gl=us&curr=USD&tfs=CBwQAhoeEgoyMDI3LTA0LTIyagcIARIDRFNNcgcIARIDU1RUGh4SCjIwMjctMDQtMjdqBwgBEgNTVFRyBwgBEgNEU01AAUABQAJAAkACQAJAA0gBcAGYAQE&tfu=EgIIAQ,
2026-09-01T16:08:57Z,dsm-stt-apr-may-thursdays,serpapi,DSM,STT,2027-04-22,2027-04-27,6,3897.00,USD,United,1,https://www.google.com/travel/flights?hl=en&gl=us&curr=USD&tfs=CBwQAhoeEgoyMDI3LTA0LTIyagcIARIDRFNNcgcIARIDU1RUGh4SCjIwMjctMDQtMjdqBwgBEgNTVFRyBwgBEgNEU01AAUABQAJAAkACQAJAA0gBcAGYAQE&tfu=EgIIAQ,
2026-09-01T16:08:57Z,dsm-stt-apr-may-thursdays,serpapi,DSM,STT,2027-04-22,2027-04-27,6,6885.00,USD,Delta,1,https://www.google.com/travel/flights?hl=en&gl=us&curr=USD&tfs=CBwQAhoeEgoyMDI3LTA0LTIyagcIARIDRFNNcgcIARIDU1RUGh4SCjIwMjctMDQtMjdqBwgBEgNTVFRyBwgBEgNEU01AAUABQAJAAkACQAJAA0gBcAGYAQE&tfu=EgIIAQ,
2026-09-01T16:08:57Z,dsm-stt-apr-may-thursdays,serpapi,DSM,STT,2027-04-22,2027-04-27,6,3861.00,USD,American,2,https://www.google.com/travel/flights?hl=en&gl=us&curr=USD&tfs=CBwQAhoeEgoyMDI3LTA0LTIyagcIARIDRFNNcgcIARIDU1RUGh4SCjIwMjctMDQtMjdqBwgBEgNTVFRyBwgBEgNEU01AAUABQAJAAkACQAJAA0gBcAGYAQE&tfu=EgIIAQ,
2026-09-01T16:08:57Z,dsm-stt-apr-may-thursdays,serpapi,DSM,STT,2027-04-22,2027-04-27,6,6107.00,USD,American,1,https://www.google.com/travel/flights?hl=en&gl=us&curr=USD&tfs=CBwQAhoeEgoyMDI3LTA0LTIyagcIARIDRFNNcgcIARIDU1RUGh4SCjIwMjctMDQtMjdqBwgBEgNTVFRyBwgBEgNEU01AAUABQAJAAkACQAJAA0gBcAGYAQE&tfu=EgIIAQ,
2026-09-01T16:08:57Z,dsm-stt-apr-may-thursdays,serpapi,DSM,STT,2027-04-22,2027-04-27,6,6287.00,USD,United,1,https://www.google.com/travel/flights?hl=en&gl=us&curr=USD&tfs=CBwQAhoeEgoyMDI3LTA0LTIyagcIARIDRFNNcgcIARIDU1RUGh4SCjIwMjctMDQtMjdqBwgBEgNTVFRyBwgBEgNEU01AAUABQAJAAkACQAJAA0gBcAGYAQE&tfu=EgIIAQ,
2026-09-01T16:08:57Z,dsm-stt-apr-may-thursdays,serpapi,DSM,STT,2027-04-22,2027-04-27,6,9036.00,USD,Delta,1,https://www.google.com/travel/flights?hl=en&gl=us&curr=USD&tfs=CBwQAhoeEgoyMDI3LTA0LTIyagcIARIDRFNNcgcIARIDU1RUGh4SCjIwMjctMDQtMjdqBwgBEgNTVFRyBwgBEgNEU01AAUABQAJAAkACQAJAA0gBcAGYAQE&tfu=EgIIAQ,
2026-09-01T16:08:57Z,dsm-stt-apr-may-thursdays,serpapi,DSM,STT,2027-04-22,2027-04-27,6,23435.00,USD,Delta,1,https://www.google.com/travel/flights?hl=en&gl=us&curr=USD&tfs=CBwQAhoeEgoyMDI3LTA0LTIyagcIARIDRFNNcgcIARIDU1RUGh4SCjIwMjctMDQtMjdqBwgBEgNTVFRyBwgBEgNEU01AAUABQAJAAkACQAJAA0gBcAGYAQE&tfu=EgIIAQ,
2026-09-01T16:08:57Z,dsm-stt-apr-may-thursdays,serpapi,DSM,STT,2027-04-22,2027-04-27,6,59310.00,USD,United,2,https://www.google.com/travel/flights?hl=en&gl=us&curr=USD&tfs=CBwQAhoeEgoyMDI3LTA0LTIyagcIARIDRFNNcgcIARIDU1RUGh4SCjIwMjctMDQtMjdqBwgBEgNTVFRyBwgBEgNEU01AAUABQAJAAkACQAJAA0gBcAGYAQE&tfu=EgIIAQ,
2026-09-01T16:09:09Z,dsm-stt-apr-may-thursdays,serpapi,DSM,STT,2027-04-29,2027-05-04,6,2955.00,USD,American,2,https://www.google.com/travel/flights?hl=en&gl=us&curr=USD&tfs=CBwQAhoeEgoyMDI3LTA0LTI5agcIARIDRFNNcgcIARIDU1RUGh4SCjIwMjctMDUtMDRqBwgBEgNTVFRyBwgBEgNEU01AAUABQAJAAkACQAJAA0gBcAGYAQE&tfu=EgIIAQ,
2026-09-01T16:09:09Z,dsm-stt-apr-may-thursdays,serpapi,DSM,STT,2027-04-29,2027-05-04,6,4410.00,USD,Delta,1,https://www.google.com/travel/flights?hl=en&gl=us&curr=USD&tfs=CBwQAhoeEgoyMDI3LTA0LTI5agcIARIDRFNNcgcIARIDU1RUGh4SCjIwMjctMDUtMDRqBwgBEgNTVFRyBwgBEgNEU01AAUABQAJAAkACQAJAA0gBcAGYAQE&tfu=EgIIAQ,
2026-09-01T16:09:09Z,dsm-stt-apr-may-thursdays,serpapi,DSM,STT,2027-04-29,2027-05-04,6,6411.00,USD,Delta,1,https://www.google.com/travel/flights?hl=en&gl=us&curr=USD&tfs=CBwQAhoeEgoyMDI3LTA0LTI5agcIARIDRFNNcgcIARIDU1RUGh4SCjIwMjctMDUtMDRqBwgBEgNTVFRyBwgBEgNEU01AAUABQAJAAkACQAJAA0gBcAGYAQE&tfu=EgIIAQ,
2026-09-01T16:09:09Z,dsm-stt-apr-may-thursdays,serpapi,DSM,STT,2027-04-29,2027-05-04,6,3075.00,USD,American,2,https://www.google.com/travel/flights?hl=en&gl=us&curr=USD&tfs=CBwQAhoeEgoyMDI3LTA0LTI5agcIARIDRFNNcgcIARIDU1RUGh4SCjIwMjctMDUtMDRqBwgBEgNTVFRyBwgBEgNEU01AAUABQAJAAkACQAJAA0gBcAGYAQE&tfu=EgIIAQ,
2026-09-01T16:09:09Z,dsm-stt-apr-may-thursdays,serpapi,DSM,STT,2027-04-29,2027-05-04,6,3207.00,USD,American,2,https://www.google.com/travel/flights?hl=en&gl=us&curr=USD&tfs=CBwQAhoeEgoyMDI3LTA0LTI5agcIARIDRFNNcgcIARIDU1RUGh4SCjIwMjctMDUtMDRqBwgBEgNTVFRyBwgBEgNEU01AAUABQAJAAkACQAJAA0gBcAGYAQE&tfu=EgIIAQ,
2026-09-01T16:09:09Z,dsm-stt-apr-may-thursdays,serpapi,DSM,STT,2027-04-29,2027-05-04,6,3861.00,USD,American,2,https://www.google.com/travel/flights?hl=en&gl=us&curr=USD&tfs=CBwQAhoeEgoyMDI3LTA0LTI5agcIARIDRFNNcgcIARIDU1RUGh4SCjIwMjctMDUtMDRqBwgBEgNTVFRyBwgBEgNEU01AAUABQAJAAkACQAJAA0gBcAGYAQE&tfu=EgIIAQ,
2026-09-01T16:09:09Z,dsm-stt-apr-may-thursdays,serpapi,DSM,STT,2027-04-29,2027-05-04,6,4263.00,USD,American,2,https://www.google.com/travel/flights?hl=en&gl=us&curr=USD&tfs=CBwQAhoeEgoyMDI3LTA0LTI5agcIARIDRFNNcgcIARIDU1RUGh4SCjIwMjctMDUtMDRqBwgBEgNTVFRyBwgBEgNEU01AAUABQAJAAkACQAJAA0gBcAGYAQE&tfu=EgIIAQ,
2026-09-01T16:09:09Z,dsm-stt-apr-may-thursdays,serpapi,DSM,STT,2027-04-29,2027-05-04,6,6203.00,USD,American,2,https://www.google.com/travel/flights?hl=en&gl=us&curr=USD&tfs=CBwQAhoeEgoyMDI3LTA0LTI5agcIARIDRFNNcgcIARIDU1RUGh4SCjIwMjctMDUtMDRqBwgBEgNTVFRyBwgBEgNEU01AAUABQAJAAkACQAJAA0gBcAGYAQE&tfu=EgIIAQ,
2026-09-01T16:09:09Z,dsm-stt-apr-may-thursdays,serpapi,DSM,STT,2027-04-29,2027-05-04,6,6629.00,USD,United,2,https://www.google.com/travel/flights?hl=en&gl=us&curr=USD&tfs=CBwQAhoeEgoyMDI3LTA0LTI5agcIARIDRFNNcgcIARIDU1RUGh4SCjIwMjctMDUtMDRqBwgBEgNTVFRyBwgBEgNEU01AAUABQAJAAkACQAJAA0gBcAGYAQE&tfu=EgIIAQ,
2026-09-01T16:09:09Z,dsm-stt-apr-may-thursdays,serpapi,DSM,STT,2027-04-29,2027-05-04,6,6956.00,USD,United,2,https://www.google.com/travel/flights?hl=en&gl=us&curr=USD&tfs=CBwQAhoeEgoyMDI3LTA0LTI5agcIARIDRFNNcgcIARIDU1RUGh4SCjIwMjctMDUtMDRqBwgBEgNTVFRyBwgBEgNEU01AAUABQAJAAkACQAJAA0gBcAGYAQE&tfu=EgIIAQ,
2026-09-01T16:09:09Z,dsm-stt-apr-may-thursdays,serpapi,DSM,STT,2027-04-29,2027-05-04,6,21138.00,USD,American,2,https://www.google.com/travel/flights?hl=en&gl=us&curr=USD&tfs=CBwQAhoeEgoyMDI3LTA0LTI5agcIARIDRFNNcgcIARIDU1RUGh4SCjIwMjctMDUtMDRqBwgBEgNTVFRyBwgBEgNEU01AAUABQAJAAkACQAJAA0gBcAGYAQE&tfu=EgIIAQ,
2026-09-01T16:09:09Z,dsm-stt-apr-may-thursdays,serpapi,DSM,STT,2027-04-29,2027-05-04,6,23151.00,USD,American,1,https://www.google.com/travel/flights?hl=en&gl=us&curr=USD&tfs=CBwQAhoeEgoyMDI3LTA0LTI5agcIARIDRFNNcgcIARIDU1RUGh4SCjIwMjctMDUtMDRqBwgBEgNTVFRyBwgBEgNEU01AAUABQAJAAkACQAJAA0gBcAGYAQE&tfu=EgIIAQ,
2026-09-01T16:09:24Z,dsm-stt-apr-may-thursdays,serpapi,DSM,STT,2027-05-06,2027-05-11,6,2955.00,USD,American,2,https://www.google.com/travel/flights?hl=en&gl=us&curr=USD&tfs=CBwQAhoeEgoyMDI3LTA1LTA2agcIARIDRFNNcgcIARIDU1RUGh4SCjIwMjctMDUtMTFqBwgBEgNTVFRyBwgBEgNEU01AAUABQAJAAkACQAJAA0gBcAGYAQE&tfu=EgIIAQ,
2026-09-01T16:09:24Z,dsm-stt-apr-may-thursdays,serpapi,DSM,STT,2027-05-06,2027-05-11,6,3165.00,USD,Delta,1,https://www.google.com/travel/flights?hl=en&gl=us&curr=USD&tfs=CBwQAhoeEgoyMDI3LTA1LTA2agcIARIDRFNNcgcIARIDU1RUGh4SCjIwMjctMDUtMTFqBwgBEgNTVFRyBwgBEgNEU01AAUABQAJAAkACQAJAA0gBcAGYAQE&tfu=EgIIAQ,
2026-09-01T16:09:24Z,dsm-stt-apr-may-thursdays,serpapi,DSM,STT,2027-05-06,2027-05-11,6,3711.00,USD,American,1,https://www.google.com/travel/flights?hl=en&gl=us&curr=USD&tfs=CBwQAhoeEgoyMDI3LTA1LTA2agcIARIDRFNNcgcIARIDU1RUGh4SCjIwMjctMDUtMTFqBwgBEgNTVFRyBwgBEgNEU01AAUABQAJAAkACQAJAA0gBcAGYAQE&tfu=EgIIAQ,
2026-09-01T16:09:24Z,dsm-stt-apr-may-thursdays,serpapi,DSM,STT,2027-05-06,2027-05-11,6,4350.00,USD,Delta,1,https://www.google.com/travel/flights?hl=en&gl=us&curr=USD&tfs=CBwQAhoeEgoyMDI3LTA1LTA2agcIARIDRFNNcgcIARIDU1RUGh4SCjIwMjctMDUtMTFqBwgBEgNTVFRyBwgBEgNEU01AAUABQAJAAkACQAJAA0gBcAGYAQE&tfu=EgIIAQ,
2026-09-01T16:09:24Z,dsm-stt-apr-may-thursdays,serpapi,DSM,STT,2027-05-06,2027-05-11,6,3471.00,USD,American,2,https://www.google.com/travel/flights?hl=en&gl=us&curr=USD&tfs=CBwQAhoeEgoyMDI3LTA1LTA2agcIARIDRFNNcgcIARIDU1RUGh4SCjIwMjctMDUtMTFqBwgBEgNTVFRyBwgBEgNEU01AAUABQAJAAkACQAJAA0gBcAGYAQE&tfu=EgIIAQ,
2026-09-01T16:09:24Z,dsm-stt-apr-may-thursdays,serpapi,DSM,STT,2027-05-06,2027-05-11,6,3711.00,USD,American,2,https://www.google.com/travel/flights?hl=en&gl=us&curr=USD&tfs=CBwQAhoeEgoyMDI3LTA1LTA2agcIARIDRFNNcgcIARIDU1RUGh4SCjIwMjctMDUtMTFqBwgBEgNTVFRyBwgBEgNEU01AAUABQAJAAkACQAJAA0gBcAGYAQE&tfu=EgIIAQ,
2026-09-01T16:09:24Z,dsm-stt-apr-may-thursdays,serpapi,DSM,STT,2027-05-06,2027-05-11,6,5256.00,USD,United,2,https://www.google.com/travel/flights?hl=en&gl=us&curr=USD&tfs=CBwQAhoeEgoyMDI3LTA1LTA2agcIARIDRFNNcgcIARIDU1RUGh4SCjIwMjctMDUtMTFqBwgBEgNTVFRyBwgBEgNEU01AAUABQAJAAkACQAJAA0gBcAGYAQE&tfu=EgIIAQ,
2026-09-01T16:09:24Z,dsm-stt-apr-may-thursdays,serpapi,DSM,STT,2027-05-06,2027-05-11,6,5516.00,USD,United,2,https://www.google.com/travel/flights?hl=en&gl=us&curr=USD&tfs=CBwQAhoeEgoyMDI3LTA1LTA2agcIARIDRFNNcgcIARIDU1RUGh4SCjIwMjctMDUtMTFqBwgBEgNTVFRyBwgBEgNEU01AAUABQAJAAkACQAJAA0gBcAGYAQE&tfu=EgIIAQ,
2026-09-01T16:09:24Z,dsm-stt-apr-may-thursdays,serpapi,DSM,STT,2027-05-06,2027-05-11,6,5670.00,USD,United,2,https://www.google.com/travel/flights?hl=en&gl=us&curr=USD&tfs=CBwQAhoeEgoyMDI3LTA1LTA2agcIARIDRFNNcgcIARIDU1RUGh4SCjIwMjctMDUtMTFqBwgBEgNTVFRyBwgBEgNEU01AAUABQAJAAkACQAJAA0gBcAGYAQE&tfu=EgIIAQ,
2026-09-01T16:09:24Z,dsm-stt-apr-may-thursdays,serpapi,DSM,STT,2027-05-06,2027-05-11,6,23151.00,USD,Delta,2,https://www.google.com/travel/flights?hl=en&gl=us&curr=USD&tfs=CBwQAhoeEgoyMDI3LTA1LTA2agcIARIDRFNNcgcIARIDU1RUGh4SCjIwMjctMDUtMTFqBwgBEgNTVFRyBwgBEgNEU01AAUABQAJAAkACQAJAA0gBcAGYAQE&tfu=EgIIAQ,
2026-09-01T16:09:24Z,dsm-stt-apr-may-thursdays,serpapi,DSM,STT,2027-05-06,2027-05-11,6,23435.00,USD,Delta,1,https://www.google.com/travel/flights?hl=en&gl=us&curr=USD&tfs=CBwQAhoeEgoyMDI3LTA1LTA2agcIARIDRFNNcgcIARIDU1RUGh4SCjIwMjctMDUtMTFqBwgBEgNTVFRyBwgBEgNEU01AAUABQAJAAkACQAJAA0gBcAGYAQE&tfu=EgIIAQ,
2026-09-01T16:09:43Z,dsm-stt-apr-may-thursdays,serpapi,DSM,STT,2027-05-13,2027-05-18,6,2955.00,USD,American,2,https://www.google.com/travel/flights?hl=en&gl=us&curr=USD&tfs=CBwQAhoeEgoyMDI3LTA1LTEzagcIARIDRFNNcgcIARIDU1RUGh4SCjIwMjctMDUtMThqBwgBEgNTVFRyBwgBEgNEU01AAUABQAJAAkACQAJAA0gBcAGYAQE&tfu=EgIIAQ,
2026-09-01T16:09:43Z,dsm-stt-apr-may-thursdays,serpapi,DSM,STT,2027-05-13,2027-05-18,6,3351.00,USD,American,1,https://www.google.com/travel/flights?hl=en&gl=us&curr=USD&tfs=CBwQAhoeEgoyMDI3LTA1LTEzagcIARIDRFNNcgcIARIDU1RUGh4SCjIwMjctMDUtMThqBwgBEgNTVFRyBwgBEgNEU01AAUABQAJAAkACQAJAA0gBcAGYAQE&tfu=EgIIAQ,
2026-09-01T16:09:43Z,dsm-stt-apr-may-thursdays,serpapi,DSM,STT,2027-05-13,2027-05-18,6,4410.00,USD,Delta,1,https://www.google.com/travel/flights?hl=en&gl=us&curr=USD&tfs=CBwQAhoeEgoyMDI3LTA1LTEzagcIARIDRFNNcgcIARIDU1RUGh4SCjIwMjctMDUtMThqBwgBEgNTVFRyBwgBEgNEU01AAUABQAJAAkACQAJAA0gBcAGYAQE&tfu=EgIIAQ,
2026-09-01T16:09:43Z,dsm-stt-apr-may-thursdays,serpapi,DSM,STT,2027-05-13,2027-05-18,6,5595.00,USD,Delta,1,https://www.google.com/travel/flights?hl=en&gl=us&curr=USD&tfs=CBwQAhoeEgoyMDI3LTA1LTEzagcIARIDRFNNcgcIARIDU1RUGh4SCjIwMjctMDUtMThqBwgBEgNTVFRyBwgBEgNEU01AAUABQAJAAkACQAJAA0gBcAGYAQE&tfu=EgIIAQ,
2026-09-01T16:09:43Z,dsm-stt-apr-may-thursdays,serpapi,DSM,STT,2027-05-13,2027-05-18,6,3075.00,USD,American,2,https://www.google.com/travel/flights?hl=en&gl=us&curr=USD&tfs=CBwQAhoeEgoyMDI3LTA1LTEzagcIARIDRFNNcgcIARIDU1RUGh4SCjIwMjctMDUtMThqBwgBEgNTVFRyBwgBEgNEU01AAUABQAJAAkACQAJAA0gBcAGYAQE&tfu=EgIIAQ,
2026-09-01T16:09:43Z,dsm-stt-apr-may-thursdays,serpapi,DSM,STT,2027-05-13,2027-05-18,6,3711.00,USD,American,2,https://www.google.com/travel/flights?hl=en&gl=us&curr=USD&tfs=CBwQAhoeEgoyMDI3LTA1LTEzagcIARIDRFNNcgcIARIDU1RUGh4SCjIwMjctMDUtMThqBwgBEgNTVFRyBwgBEgNEU01AAUABQAJAAkACQAJAA0gBcAGYAQE&tfu=EgIIAQ,
2026-09-01T16:09:43Z,dsm-stt-apr-may-thursdays,serpapi,DSM,STT,2027-05-13,2027-05-18,6,3861.00,USD,American,2,https://www.google.com/travel/flights?hl=en&gl=us&curr=USD&tfs=CBwQAhoeEgoyMDI3LTA1LTEzagcIARIDRFNNcgcIARIDU1RUGh4SCjIwMjctMDUtMThqBwgBEgNTVFRyBwgBEgNEU01AAUABQAJAAkACQAJAA0gBcAGYAQE&tfu=EgIIAQ,
2026-09-01T16:09:43Z,dsm-stt-apr-may-thursdays,serpapi,DSM,STT,2027-05-13,2027-05-18,6,5561.00,USD,United,2,https://www.google.com/travel/flights?hl=en&gl=us&curr=USD&tfs=CBwQAhoeEgoyMDI3LTA1LTEzagcIARIDRFNNcgcIARIDU1RUGh4SCjIwMjctMDUtMThqBwgBEgNTVFRyBwgBEgNEU01AAUABQAJAAkACQAJAA0gBcAGYAQE&tfu=EgIIAQ,
2026-09-01T16:09:43Z,dsm-stt-apr-may-thursdays,serpapi,DSM,STT,2027-05-13,2027-05-18,6,7959.00,USD,United,2,https://www.google.com/travel/flights?hl=en&gl=us&curr=USD&tfs=CBwQAhoeEgoyMDI3LTA1LTEzagcIARIDRFNNcgcIARIDU1RUGh4SCjIwMjctMDUtMThqBwgBEgNTVFRyBwgBEgNEU01AAUABQAJAAkACQAJAA0gBcAGYAQE&tfu=EgIIAQ,
2026-09-01T16:09:43Z,dsm-stt-apr-may-thursdays,serpapi,DSM,STT,2027-05-13,2027-05-18,6,20184.00,USD,United,2,https://www.google.com/travel/flights?hl=en&gl=us&curr=USD&tfs=CBwQAhoeEgoyMDI3LTA1LTEzagcIARIDRFNNcgcIARIDU1RUGh4SCjIwMjctMDUtMThqBwgBEgNTVFRyBwgBEgNEU01AAUABQAJAAkACQAJAA0gBcAGYAQE&tfu=EgIIAQ,
2026-09-01T16:09:43Z,dsm-stt-apr-may-thursdays,serpapi,DSM,STT,2027-05-13,2027-05-18,6,55798.00,USD,United,2,https://www.google.com/travel/flights?hl=en&gl=us&curr=USD&tfs=CBwQAhoeEgoyMDI3LTA1LTEzagcIARIDRFNNcgcIARIDU1RUGh4SCjIwMjctMDUtMThqBwgBEgNTVFRyBwgBEgNEU01AAUABQAJAAkACQAJAA0gBcAGYAQE&tfu=EgIIAQ,
2026-09-01T16:09:47Z,dsm-sju-apr-may-thursdays,serpapi,DSM,SJU,2027-04-22,2027-04-27,6,2796.00,USD,Southwest,1,https://www.google.com/travel/flights?hl=en&gl=us&curr=USD&tfs=CBwQAhoeEgoyMDI3LTA0LTIyagcIARIDRFNNcgcIARIDU0pVGh4SCjIwMjctMDQtMjdqBwgBEgNTSlVyBwgBEgNEU01AAUABQAJAAkACQAJAA0gBcAGYAQE&tfu=EgIIAQ,
2026-09-01T16:09:47Z,dsm-sju-apr-may-thursdays,serpapi,DSM,SJU,2027-04-22,2027-04-27,6,3576.00,USD,American,1,https://www.google.com/travel/flights?hl=en&gl=us&curr=USD&tfs=CBwQAhoeEgoyMDI3LTA0LTIyagcIARIDRFNNcgcIARIDU0pVGh4SCjIwMjctMDQtMjdqBwgBEgNTSlVyBwgBEgNEU01AAUABQAJAAkACQAJAA0gBcAGYAQE&tfu=EgIIAQ,
2026-09-01T16:09:47Z,dsm-sju-apr-may-thursdays,serpapi,DSM,SJU,2027-04-22,2027-04-27,6,3958.00,USD,United,1,https://www.google.com/travel/flights?hl=en&gl=us&curr=USD&tfs=CBwQAhoeEgoyMDI3LTA0LTIyagcIARIDRFNNcgcIARIDU0pVGh4SCjIwMjctMDQtMjdqBwgBEgNTSlVyBwgBEgNEU01AAUABQAJAAkACQAJAA0gBcAGYAQE&tfu=EgIIAQ,
2026-09-01T16:09:47Z,dsm-sju-apr-may-thursdays,serpapi,DSM,SJU,2027-04-22,2027-04-27,6,3981.00,USD,Delta,1,https://www.google.com/travel/flights?hl=en&gl=us&curr=USD&tfs=CBwQAhoeEgoyMDI3LTA0LTIyagcIARIDRFNNcgcIARIDU0pVGh4SCjIwMjctMDQtMjdqBwgBEgNTSlVyBwgBEgNEU01AAUABQAJAAkACQAJAA0gBcAGYAQE&tfu=EgIIAQ,
2026-09-01T16:09:47Z,dsm-sju-apr-may-thursdays,serpapi,DSM,SJU,2027-04-22,2027-04-27,6,3066.00,USD,American,1,https://www.google.com/travel/flights?hl=en&gl=us&curr=USD&tfs=CBwQAhoeEgoyMDI3LTA0LTIyagcIARIDRFNNcgcIARIDU0pVGh4SCjIwMjctMDQtMjdqBwgBEgNTSlVyBwgBEgNEU01AAUABQAJAAkACQAJAA0gBcAGYAQE&tfu=EgIIAQ,
2026-09-01T16:09:47Z,dsm-sju-apr-may-thursdays,serpapi,DSM,SJU,2027-04-22,2027-04-27,6,3186.00,USD,Delta,2,https://www.google.com/travel/flights?hl=en&gl=us&curr=USD&tfs=CBwQAhoeEgoyMDI3LTA0LTIyagcIARIDRFNNcgcIARIDU0pVGh4SCjIwMjctMDQtMjdqBwgBEgNTSlVyBwgBEgNEU01AAUABQAJAAkACQAJAA0gBcAGYAQE&tfu=EgIIAQ,
2026-09-01T16:09:47Z,dsm-sju-apr-may-thursdays,serpapi,DSM,SJU,2027-04-22,2027-04-27,6,3534.00,USD,United,2,https://www.google.com/travel/flights?hl=en&gl=us&curr=USD&tfs=CBwQAhoeEgoyMDI3LTA0LTIyagcIARIDRFNNcgcIARIDU0pVGh4SCjIwMjctMDQtMjdqBwgBEgNTSlVyBwgBEgNEU01AAUABQAJAAkACQAJAA0gBcAGYAQE&tfu=EgIIAQ,
2026-09-01T16:09:47Z,dsm-sju-apr-may-thursdays,serpapi,DSM,SJU,2027-04-22,2027-04-27,6,4338.00,USD,United,1,https://www.google.com/travel/flights?hl=en&gl=us&curr=USD&tfs=CBwQAhoeEgoyMDI3LTA0LTIyagcIARIDRFNNcgcIARIDU0pVGh4SCjIwMjctMDQtMjdqBwgBEgNTSlVyBwgBEgNEU01AAUABQAJAAkACQAJAA0gBcAGYAQE&tfu=EgIIAQ,
2026-09-01T16:09:47Z,dsm-sju-apr-may-thursdays,serpapi,DSM,SJU,2027-04-22,2027-04-27,6,4476.00,USD,Delta,1,https://www.google.com/travel/flights?hl=en&gl=us&curr=USD&tfs=CBwQAhoeEgoyMDI3LTA0LTIyagcIARIDRFNNcgcIARIDU0pVGh4SCjIwMjctMDQtMjdqBwgBEgNTSlVyBwgBEgNEU01AAUABQAJAAkACQAJAA0gBcAGYAQE&tfu=EgIIAQ,
2026-09-01T16:10:08Z,dsm-sju-apr-may-thursdays,serpapi,DSM,SJU,2027-04-29,2027-05-04,6,2916.00,USD,Delta,1,https://www.google.com/travel/flights?hl=en&gl=us&curr=USD&tfs=CBwQAhoeEgoyMDI3LTA0LTI5agcIARIDRFNNcgcIARIDU0pVGh4SCjIwMjctMDUtMDRqBwgBEgNTSlVyBwgBEgNEU01AAUABQAJAAkACQAJAA0gBcAGYAQE&tfu=EgIIAQ,
2026-09-01T16:10:08Z,dsm-sju-apr-may-thursdays,serpapi,DSM,SJU,2027-04-29,2027-05-04,6,3576.00,USD,American,1,https://www.google.com/travel/flights?hl=en&gl=us&curr=USD&tfs=CBwQAhoeEgoyMDI3LTA0LTI5agcIARIDRFNNcgcIARIDU0pVGh4SCjIwMjctMDUtMDRqBwgBEgNTSlVyBwgBEgNEU01AAUABQAJAAkACQAJAA0gBcAGYAQE&tfu=EgIIAQ,
2026-09-01T16:10:08Z,dsm-sju-apr-may-thursdays,serpapi,DSM,SJU,2027-04-29,2027-05-04,6,3828.00,USD,United,1,https://www.google.com/travel/flights?hl=en&gl=us&curr=USD&tfs=CBwQAhoeEgoyMDI3LTA0LTI5agcIARIDRFNNcgcIARIDU0pVGh4SCjIwMjctMDUtMDRqBwgBEgNTSlVyBwgBEgNEU01AAUABQAJAAkACQAJAA0gBcAGYAQE&tfu=EgIIAQ,
2026-09-01T16:10:08Z,dsm-sju-apr-may-thursdays,serpapi,DSM,SJU,2027-04-29,2027-05-04,6,2796.00,USD,Southwest,2,https://www.google.com/travel/flights?hl=en&gl=us&curr=USD&tfs=CBwQAhoeEgoyMDI3LTA0LTI5agcIARIDRFNNcgcIARIDU0pVGh4SCjIwMjctMDUtMDRqBwgBEgNTSlVyBwgBEgNEU01AAUABQAJAAkACQAJAA0gBcAGYAQE&tfu=EgIIAQ,
2026-09-01T16:10:08Z,dsm-sju-apr-may-thursdays,serpapi,DSM,SJU,2027-04-29,2027-05-04,6,2796.00,USD,American,2,https://www.google.com/travel/flights?hl=en&gl=us&curr=USD&tfs=CBwQAhoeEgoyMDI3LTA0LTI5agcIARIDRFNNcgcIARIDU0pVGh4SCjIwMjctMDUtMDRqBwgBEgNTSlVyBwgBEgNEU01AAUABQAJAAkACQAJAA0gBcAGYAQE&tfu=EgIIAQ,
2026-09-01T16:10:08Z,dsm-sju-apr-may-thursdays,serpapi,DSM,SJU,2027-04-29,2027-05-04,6,3786.00,USD,United,1,https://www.google.com/travel/flights?hl=en&gl=us&curr=USD&tfs=CBwQAhoeEgoyMDI3LTA0LTI5agcIARIDRFNNcgcIARIDU0pVGh4SCjIwMjctMDUtMDRqBwgBEgNTSlVyBwgBEgNEU01AAUABQAJAAkACQAJAA0gBcAGYAQE&tfu=EgIIAQ,
2026-09-01T16:10:08Z,dsm-sju-apr-may-thursdays,serpapi,DSM,SJU,2027-04-29,2027-05-04,6,4044.00,USD,American,1,https://www.google.com/travel/flights?hl=en&gl=us&curr=USD&tfs=CBwQAhoeEgoyMDI3LTA0LTI5agcIARIDRFNNcgcIARIDU0pVGh4SCjIwMjctMDUtMDRqBwgBEgNTSlVyBwgBEgNEU01AAUABQAJAAkACQAJAA0gBcAGYAQE&tfu=EgIIAQ,
2026-09-01T16:10:08Z,dsm-sju-apr-may-thursdays,serpapi,DSM,SJU,2027-04-29,2027-05-04,6,4206.00,USD,Delta,1,https://www.google.com/travel/flights?hl=en&gl=us&curr=USD&tfs=CBwQAhoeEgoyMDI3LTA0LTI5agcIARIDRFNNcgcIARIDU0pVGh4SCjIwMjctMDUtMDRqBwgBEgNTSlVyBwgBEgNEU01AAUABQAJAAkACQAJAA0gBcAGYAQE&tfu=EgIIAQ,
2026-09-01T16:10:08Z,dsm-sju-apr-may-thursdays,serpapi,DSM,SJU,2027-04-29,2027-05-04,6,6486.00,USD,Southwest,1,https://www.google.com/travel/flights?hl=en&gl=us&curr=USD&tfs=CBwQAhoeEgoyMDI3LTA0LTI5agcIARIDRFNNcgcIARIDU0pVGh4SCjIwMjctMDUtMDRqBwgBEgNTSlVyBwgBEgNEU01AAUABQAJAAkACQAJAA0gBcAGYAQE&tfu=EgIIAQ,
2026-09-01T16:10:08Z,dsm-sju-apr-may-thursdays,serpapi,DSM,SJU,2027-04-29,2027-05-04,6,20091.00,USD,United,2,https://www.google.com/travel/flights?hl=en&gl=us&curr=USD&tfs=CBwQAhoeEgoyMDI3LTA0LTI5agcIARIDRFNNcgcIARIDU0pVGh4SCjIwMjctMDUtMDRqBwgBEgNTSlVyBwgBEgNEU01AAUABQAJAAkACQAJAA0gBcAGYAQE&tfu=EgIIAQ,
2026-09-01T16:10:08Z,dsm-sju-apr-may-thursdays,serpapi,DSM,SJU,2027-04-29,2027-05-04,6,50791.00,USD,United,2,https://www.google.com/travel/flights?hl=en&gl=us&curr=USD&tfs=CBwQAhoeEgoyMDI3LTA0LTI5agcIARIDRFNNcgcIARIDU0pVGh4SCjIwMjctMDUtMDRqBwgBEgNTSlVyBwgBEgNEU01AAUABQAJAAkACQAJAA0gBcAGYAQE&tfu=EgIIAQ,
2026-09-01T16:10:33Z,dsm-sju-apr-may-thursdays,serpapi,DSM,SJU,2027-05-06,2027-05-11,6,2796.00,USD,Southwest,1,https://www.google.com/travel/flights?hl=en&gl=us&curr=USD&tfs=CBwQAhoeEgoyMDI3LTA1LTA2agcIARIDRFNNcgcIARIDU0pVGh4SCjIwMjctMDUtMTFqBwgBEgNTSlVyBwgBEgNEU01AAUABQAJAAkACQAJAA0gBcAGYAQE&tfu=EgIIAQ,
2026-09-01T16:10:33Z,dsm-sju-apr-may-thursdays,serpapi,DSM,SJU,2027-05-06,2027-05-11,6,2916.00,USD,Delta,1,https://www.google.com/travel/flights?hl=en&gl=us&curr=USD&tfs=CBwQAhoeEgoyMDI3LTA1LTA2agcIARIDRFNNcgcIARIDU0pVGh4SCjIwMjctMDUtMTFqBwgBEgNTSlVyBwgBEgNEU01AAUABQAJAAkACQAJAA0gBcAGYAQE&tfu=EgIIAQ,
2026-09-01T16:10:33Z,dsm-sju-apr-may-thursdays,serpapi,DSM,SJU,2027-05-06,2027-05-11,6,3564.00,USD,United,1,https://www.google.com/travel/flights?hl=en&gl=us&curr=USD&tfs=CBwQAhoeEgoyMDI3LTA1LTA2agcIARIDRFNNcgcIARIDU0pVGh4SCjIwMjctMDUtMTFqBwgBEgNTSlVyBwgBEgNEU01AAUABQAJAAkACQAJAA0gBcAGYAQE&tfu=EgIIAQ,
2026-09-01T16:10:33Z,dsm-sju-apr-may-thursdays,serpapi,DSM,SJU,2027-05-06,2027-05-11,6,3846.00,USD,American,1,https://www.google.com/travel/flights?hl=en&gl=us&curr=USD&tfs=CBwQAhoeEgoyMDI3LTA1LTA2agcIARIDRFNNcgcIARIDU0pVGh4SCjIwMjctMDUtMTFqBwgBEgNTSlVyBwgBEgNEU01AAUABQAJAAkACQAJAA0gBcAGYAQE&tfu=EgIIAQ,
2026-09-01T16:10:33Z,dsm-sju-apr-may-thursdays,serpapi,DSM,SJU,2027-05-06,2027-05-11,6,3066.00,USD,American,2,https://www.google.com/travel/flights?hl=en&gl=us&curr=USD&tfs=CBwQAhoeEgoyMDI3LTA1LTA2agcIARIDRFNNcgcIARIDU0pVGh4SCjIwMjctMDUtMTFqBwgBEgNTSlVyBwgBEgNEU01AAUABQAJAAkACQAJAA0gBcAGYAQE&tfu=EgIIAQ,
2026-09-01T16:10:33Z,dsm-sju-apr-may-thursdays,serpapi,DSM,SJU,2027-05-06,2027-05-11,6,3126.00,USD,United,2,https://www.google.com/travel/flights?hl=en&gl=us&curr=USD&tfs=CBwQAhoeEgoyMDI3LTA1LTA2agcIARIDRFNNcgcIARIDU0pVGh4SCjIwMjctMDUtMTFqBwgBEgNTSlVyBwgBEgNEU01AAUABQAJAAkACQAJAA0gBcAGYAQE&tfu=EgIIAQ,
2026-09-01T16:10:33Z,dsm-sju-apr-may-thursdays,serpapi,DSM,SJU,2027-05-06,2027-05-11,6,3660.00,USD,United,1,https://www.google.com/travel/flights?hl=en&gl=us&curr=USD&tfs=CBwQAhoeEgoyMDI3LTA1LTA2agcIARIDRFNNcgcIARIDU0pVGh4SCjIwMjctMDUtMTFqBwgBEgNTSlVyBwgBEgNEU01AAUABQAJAAkACQAJAA0gBcAGYAQE&tfu=EgIIAQ,
2026-09-01T16:10:33Z,dsm-sju-apr-may-thursdays,serpapi,DSM,SJU,2027-05-06,2027-05-11,6,3711.00,USD,Delta,1,https://www.google.com/travel/flights?hl=en&gl=us&curr=USD&tfs=CBwQAhoeEgoyMDI3LTA1LTA2agcIARIDRFNNcgcIARIDU0pVGh4SCjIwMjctMDUtMTFqBwgBEgNTSlVyBwgBEgNEU01AAUABQAJAAkACQAJAA0gBcAGYAQE&tfu=EgIIAQ,
2026-09-01T16:10:33Z,dsm-sju-apr-may-thursdays,serpapi,DSM,SJU,2027-05-06,2027-05-11,6,5094.00,USD,Delta,1,https://www.google.com/travel/flights?hl=en&gl=us&curr=USD&tfs=CBwQAhoeEgoyMDI3LTA1LTA2agcIARIDRFNNcgcIARIDU0pVGh4SCjIwMjctMDUtMTFqBwgBEgNTSlVyBwgBEgNEU01AAUABQAJAAkACQAJAA0gBcAGYAQE&tfu=EgIIAQ,
2026-09-01T16:10:33Z,dsm-sju-apr-may-thursdays,serpapi,DSM,SJU,2027-05-06,2027-05-11,6,20091.00,USD,United,1,https://www.google.com/travel/flights?hl=en&gl=us&curr=USD&tfs=CBwQAhoeEgoyMDI3LTA1LTA2agcIARIDRFNNcgcIARIDU0pVGh4SCjIwMjctMDUtMTFqBwgBEgNTSlVyBwgBEgNEU01AAUABQAJAAkACQAJAA0gBcAGYAQE&tfu=EgIIAQ,
2026-09-01T16:10:33Z,dsm-sju-apr-may-thursdays,serpapi,DSM,SJU,2027-05-06,2027-05-11,6,24198.00,USD,Delta,2,https://www.google.com/travel/flights?hl=en&gl=us&curr=USD&tfs=CBwQAhoeEgoyMDI3LTA1LTA2agcIARIDRFNNcgcIARIDU0pVGh4SCjIwMjctMDUtMTFqBwgBEgNTSlVyBwgBEgNEU01AAUABQAJAAkACQAJAA0gBcAGYAQE&tfu=EgIIAQ,
2026-09-01T16:10:57Z,dsm-sju-apr-may-thursdays,serpapi,DSM,SJU,2027-05-13,2027-05-18,6,2916.00,USD,Delta,1,https://www.google.com/travel/flights?hl=en&gl=us&curr=USD&tfs=CBwQAhoeEgoyMDI3LTA1LTEzagcIARIDRFNNcgcIARIDU0pVGh4SCjIwMjctMDUtMThqBwgBEgNTSlVyBwgBEgNEU01AAUABQAJAAkACQAJAA0gBcAGYAQE&tfu=EgIIAQ,
2026-09-01T16:10:57Z,dsm-sju-apr-may-thursdays,serpapi,DSM,SJU,2027-05-13,2027-05-18,6,3096.00,USD,American,1,https://www.google.com/travel/flights?hl=en&gl=us&curr=USD&tfs=CBwQAhoeEgoyMDI3LTA1LTEzagcIARIDRFNNcgcIARIDU0pVGh4SCjIwMjctMDUtMThqBwgBEgNTSlVyBwgBEgNEU01AAUABQAJAAkACQAJAA0gBcAGYAQE&tfu=EgIIAQ,
2026-09-01T16:10:57Z,dsm-sju-apr-may-thursdays,serpapi,DSM,SJU,2027-05-13,2027-05-18,6,3906.00,USD,United,1,https://www.google.com/travel/flights?hl=en&gl=us&curr=USD&tfs=CBwQAhoeEgoyMDI3LTA1LTEzagcIARIDRFNNcgcIARIDU0pVGh4SCjIwMjctMDUtMThqBwgBEgNTSlVyBwgBEgNEU01AAUABQAJAAkACQAJAA0gBcAGYAQE&tfu=EgIIAQ,
2026-09-01T16:10:57Z,dsm-sju-apr-may-thursdays,serpapi,DSM,SJU,2027-05-13,2027-05-18,6,2796.00,USD,American,2,https://www.google.com/travel/flights?hl=en&gl=us&curr=USD&tfs=CBwQAhoeEgoyMDI3LTA1LTEzagcIARIDRFNNcgcIARIDU0pVGh4SCjIwMjctMDUtMThqBwgBEgNTSlVyBwgBEgNEU01AAUABQAJAAkACQAJAA0gBcAGYAQE&tfu=EgIIAQ,
2026-09-01T16:10:57Z,dsm-sju-apr-may-thursdays,serpapi,DSM,SJU,2027-05-13,2027-05-18,6,3096.00,USD,Southwest,2,https://www.google.com/travel/flights?hl=en&gl=us&curr=USD&tfs=CBwQAhoeEgoyMDI3LTA1LTEzagcIARIDRFNNcgcIARIDU0pVGh4SCjIwMjctMDUtMThqBwgBEgNTSlVyBwgBEgNEU01AAUABQAJAAkACQAJAA0gBcAGYAQE&tfu=EgIIAQ,
2026-09-01T16:10:57Z,dsm-sju-apr-may-thursdays,serpapi,DSM,SJU,2027-05-13,2027-05-18,6,3576.00,USD,American,1,https://www.google.com/travel/flights?hl=en&gl=us&curr=USD&tfs=CBwQAhoeEgoyMDI3LTA1LTEzagcIARIDRFNNcgcIARIDU0pVGh4SCjIwMjctMDUtMThqBwgBEgNTSlVyBwgBEgNEU01AAUABQAJAAkACQAJAA0gBcAGYAQE&tfu=EgIIAQ,
2026-09-01T16:10:57Z,dsm-sju-apr-may-thursdays,serpapi,DSM,SJU,2027-05-13,2027-05-18,6,3711.00,USD,Delta,1,https://www.google.com/travel/flights?hl=en&gl=us&curr=USD&tfs=CBwQAhoeEgoyMDI3LTA1LTEzagcIARIDRFNNcgcIARIDU0pVGh4SCjIwMjctMDUtMThqBwgBEgNTSlVyBwgBEgNEU01AAUABQAJAAkACQAJAA0gBcAGYAQE&tfu=EgIIAQ,
2026-09-01T16:10:57Z,dsm-sju-apr-may-thursdays,serpapi,DSM,SJU,2027-05-13,2027-05-18,6,4470.00,USD,United,1,https://www.google.com/travel/flights?hl=en&gl=us&curr=USD&tfs=CBwQAhoeEgoyMDI3LTA1LTEzagcIARIDRFNNcgcIARIDU0pVGh4SCjIwMjctMDUtMThqBwgBEgNTSlVyBwgBEgNEU01AAUABQAJAAkACQAJAA0gBcAGYAQE&tfu=EgIIAQ,
2026-09-01T16:10:57Z,dsm-sju-apr-may-thursdays,serpapi,DSM,SJU,2027-05-13,2027-05-18,6,20091.00,USD,United,1,https://www.google.com/travel/flights?hl=en&gl=us&curr=USD&tfs=CBwQAhoeEgoyMDI3LTA1LTEzagcIARIDRFNNcgcIARIDU0pVGh4SCjIwMjctMDUtMThqBwgBEgNTSlVyBwgBEgNEU01AAUABQAJAAkACQAJAA0gBcAGYAQE&tfu=EgIIAQ,
2026-09-01T16:10:57Z,dsm-sju-apr-may-thursdays,serpapi,DSM,SJU,2027-05-13,2027-05-18,6,23280.00,USD,United,2,https://www.google.com/travel/flights?hl=en&gl=us&curr=USD&tfs=CBwQAhoeEgoyMDI3LTA1LTEzagcIARIDRFNNcgcIARIDU0pVGh4SCjIwMjctMDUtMThqBwgBEgNTSlVyBwgBEgNEU01AAUABQAJAAkACQAJAA0gBcAGYAQE&tfu=EgIIAQ,
2026-09-01T16:40:42Z,dsm-sju-jan-thursdays,serpapi,DSM,SJU,2027-01-07,2027-01-12,6,2796.00,USD,United,1,https://www.google.com/travel/flights?hl=en&gl=us&curr=USD&tfs=CBwQAhoeEgoyMDI3LTAxLTA3agcIARIDRFNNcgcIARIDU0pVGh4SCjIwMjctMDEtMTJqBwgBEgNTSlVyBwgBEgNEU01AAUABQAJAAkACQAJAA0gBcAGYAQE&tfu=EgIIAQ,Checked baggage for a fee; Bag and fare conditions depend on the return flight
2026-09-01T16:40:42Z,dsm-sju-jan-thursdays,serpapi,DSM,SJU,2027-01-07,2027-01-12,6,3096.00,USD,American,1,https://www.google.com/travel/flights?hl=en&gl=us&curr=USD&tfs=CBwQAhoeEgoyMDI3LTAxLTA3agcIARIDRFNNcgcIARIDU0pVGh4SCjIwMjctMDEtMTJqBwgBEgNTSlVyBwgBEgNEU01AAUABQAJAAkACQAJAA0gBcAGYAQE&tfu=EgIIAQ,Checked baggage for a fee; Bag and fare conditions depend on the return flight
2026-09-01T16:40:42Z,dsm-sju-jan-thursdays,serpapi,DSM,SJU,2027-01-07,2027-01-12,6,3096.00,USD,American,1,https://www.google.com/travel/flights?hl=en&gl=us&curr=USD&tfs=CBwQAhoeEgoyMDI3LTAxLTA3agcIARIDRFNNcgcIARIDU0pVGh4SCjIwMjctMDEtMTJqBwgBEgNTSlVyBwgBEgNEU01AAUABQAJAAkACQAJAA0gBcAGYAQE&tfu=EgIIAQ,Checked baggage for a fee; Bag and fare conditions depend on the return flight
2026-09-01T16:40:42Z,dsm-sju-jan-thursdays,serpapi,DSM,SJU,2027-01-07,2027-01-12,6,3516.00,USD,United,1,https://www.google.com/travel/flights?hl=en&gl=us&curr=USD&tfs=CBwQAhoeEgoyMDI3LTAxLTA3agcIARIDRFNNcgcIARIDU0pVGh4SCjIwMjctMDEtMTJqBwgBEgNTSlVyBwgBEgNEU01AAUABQAJAAkACQAJAA0gBcAGYAQE&tfu=EgIIAQ,Checked baggage for a fee; Bag and fare conditions depend on the return flight
2026-09-01T16:40:42Z,dsm-sju-jan-thursdays,serpapi,DSM,SJU,2027-01-07,2027-01-12,6,2796.00,USD,American,2,https://www.google.com/travel/flights?hl=en&gl=us&curr=USD&tfs=CBwQAhoeEgoyMDI3LTAxLTA3agcIARIDRFNNcgcIARIDU0pVGh4SCjIwMjctMDEtMTJqBwgBEgNTSlVyBwgBEgNEU01AAUABQAJAAkACQAJAA0gBcAGYAQE&tfu=EgIIAQ,Checked baggage for a fee; Bag and fare conditions depend on the return flight
2026-09-01T16:40:42Z,dsm-sju-jan-thursdays,serpapi,DSM,SJU,2027-01-07,2027-01-12,6,2796.00,USD,American,2,https://www.google.com/travel/flights?hl=en&gl=us&curr=USD&tfs=CBwQAhoeEgoyMDI3LTAxLTA3agcIARIDRFNNcgcIARIDU0pVGh4SCjIwMjctMDEtMTJqBwgBEgNTSlVyBwgBEgNEU01AAUABQAJAAkACQAJAA0gBcAGYAQE&tfu=EgIIAQ,Checked baggage for a fee; Bag and fare conditions depend on the return flight
2026-09-01T16:40:42Z,dsm-sju-jan-thursdays,serpapi,DSM,SJU,2027-01-07,2027-01-12,6,2796.00,USD,American,2,https://www.google.com/travel/flights?hl=en&gl=us&curr=USD&tfs=CBwQAhoeEgoyMDI3LTAxLTA3agcIARIDRFNNcgcIARIDU0pVGh4SCjIwMjctMDEtMTJqBwgBEgNTSlVyBwgBEgNEU01AAUABQAJAAkACQAJAA0gBcAGYAQE&tfu=EgIIAQ,Checked baggage for a fee; Bag and fare conditions depend on the return flight
2026-09-01T16:40:42Z,dsm-sju-jan-thursdays,serpapi,DSM,SJU,2027-01-07,2027-01-12,6,2916.00,USD,Southwest,2,https://www.google.com/travel/flights?hl=en&gl=us&curr=USD&tfs=CBwQAhoeEgoyMDI3LTAxLTA3agcIARIDRFNNcgcIARIDU0pVGh4SCjIwMjctMDEtMTJqBwgBEgNTSlVyBwgBEgNEU01AAUABQAJAAkACQAJAA0gBcAGYAQE&tfu=EgIIAQ,Checked baggage for a fee; Bag and fare conditions depend on the return flight
2026-09-01T16:40:42Z,dsm-sju-jan-thursdays,serpapi,DSM,SJU,2027-01-07,2027-01-12,6,3546.00,USD,Southwest,2,https://www.google.com/travel/flights?hl=en&gl=us&curr=USD&tfs=CBwQAhoeEgoyMDI3LTAxLTA3agcIARIDRFNNcgcIARIDU0pVGh4SCjIwMjctMDEtMTJqBwgBEgNTSlVyBwgBEgNEU01AAUABQAJAAkACQAJAA0gBcAGYAQE&tfu=EgIIAQ,Checked baggage for a fee; Bag and fare conditions depend on the return flight
2026-09-01T16:40:42Z,dsm-sju-jan-thursdays,serpapi,DSM,SJU,2027-01-07,2027-01-12,6,4476.00,USD,Delta,1,https://www.google.com/travel/flights?hl=en&gl=us&curr=USD&tfs=CBwQAhoeEgoyMDI3LTAxLTA3agcIARIDRFNNcgcIARIDU0pVGh4SCjIwMjctMDEtMTJqBwgBEgNTSlVyBwgBEgNEU01AAUABQAJAAkACQAJAA0gBcAGYAQE&tfu=EgIIAQ,Checked baggage for a fee; Bag and fare conditions depend on the return flight
2026-09-01T16:40:42Z,dsm-sju-jan-thursdays,serpapi,DSM,SJU,2027-01-07,2027-01-12,6,5394.00,USD,United,1,https://www.google.com/travel/flights?hl=en&gl=us&curr=USD&tfs=CBwQAhoeEgoyMDI3LTAxLTA3agcIARIDRFNNcgcIARIDU0pVGh4SCjIwMjctMDEtMTJqBwgBEgNTSlVyBwgBEgNEU01AAUABQAJAAkACQAJAA0gBcAGYAQE&tfu=EgIIAQ,Checked baggage for a fee; Bag and fare conditions depend on the return flight
2026-09-01T16:40:42Z,dsm-sju-jan-thursdays,serpapi,DSM,SJU,2027-01-07,2027-01-12,6,6702.00,USD,Delta,1,https://www.google.com/travel/flights?hl=en&gl=us&curr=USD&tfs=CBwQAhoeEgoyMDI3LTAxLTA3agcIARIDRFNNcgcIARIDU0pVGh4SCjIwMjctMDEtMTJqBwgBEgNTSlVyBwgBEgNEU01AAUABQAJAAkACQAJAA0gBcAGYAQE&tfu=EgIIAQ,Checked baggage for a fee; Bag and fare conditions depend on the return flight
2026-09-01T16:40:42Z,dsm-sju-jan-thursdays,serpapi,DSM,SJU,2027-01-14,2027-01-19,6,4026.00,USD,American,1,https://www.google.com/travel/flights?hl=en&gl=us&curr=USD&tfs=CBwQAhoeEgoyMDI3LTAxLTE0agcIARIDRFNNcgcIARIDU0pVGh4SCjIwMjctMDEtMTlqBwgBEgNTSlVyBwgBEgNEU01AAUABQAJAAkACQAJAA0gBcAGYAQE&tfu=EgIIAQ,Checked baggage for a fee; Bag and fare conditions depend on the return flight
2026-09-01T16:40:42Z,dsm-sju-jan-thursdays,serpapi,DSM,SJU,2027-01-14,2027-01-19,6,4026.00,USD,American,1,https://www.google.com/travel/flights?hl=en&gl=us&curr=USD&tfs=CBwQAhoeEgoyMDI3LTAxLTE0agcIARIDRFNNcgcIARIDU0pVGh4SCjIwMjctMDEtMTlqBwgBEgNTSlVyBwgBEgNEU01AAUABQAJAAkACQAJAA0gBcAGYAQE&tfu=EgIIAQ,Checked baggage for a fee; Bag and fare conditions depend on the return flight
2026-09-01T16:40:42Z,dsm-sju-jan-thursdays,serpapi,DSM,SJU,2027-01-14,2027-01-19,6,4284.00,USD,United,1,https://www.google.com/travel/flights?hl=en&gl=us&curr=USD&tfs=CBwQAhoeEgoyMDI3LTAxLTE0agcIARIDRFNNcgcIARIDU0pVGh4SCjIwMjctMDEtMTlqBwgBEgNTSlVyBwgBEgNEU01AAUABQAJAAkACQAJAA0gBcAGYAQE&tfu=EgIIAQ,Checked baggage for a fee; Bag and fare conditions depend on the return flight
2026-09-01T16:40:42Z,dsm-sju-jan-thursdays,serpapi,DSM,SJU,2027-01-14,2027-01-19,6,4506.00,USD,Delta,1,https://www.google.com/travel/flights?hl=en&gl=us&curr=USD&tfs=CBwQAhoeEgoyMDI3LTAxLTE0agcIARIDRFNNcgcIARIDU0pVGh4SCjIwMjctMDEtMTlqBwgBEgNTSlVyBwgBEgNEU01AAUABQAJAAkACQAJAA0gBcAGYAQE&tfu=EgIIAQ,Checked baggage for a fee; Bag and fare conditions depend on the return flight
2026-09-01T16:40:42Z,dsm-sju-jan-thursdays,serpapi,DSM,SJU,2027-01-14,2027-01-19,6,3096.00,USD,Southwest,2,https://www.google.com/travel/flights?hl=en&gl=us&curr=USD&tfs=CBwQAhoeEgoyMDI3LTAxLTE0agcIARIDRFNNcgcIARIDU0pVGh4SCjIwMjctMDEtMTlqBwgBEgNTSlVyBwgBEgNEU01AAUABQAJAAkACQAJAA0gBcAGYAQE&tfu=EgIIAQ,Checked baggage for a fee; Bag and fare conditions depend on the return flight
2026-09-01T16:40:42Z,dsm-sju-jan-thursdays,serpapi,DSM,SJU,2027-01-14,2027-01-19,6,4206.00,USD,Southwest,2,https://www.google.com/travel/flights?hl=en&gl=us&curr=USD&tfs=CBwQAhoeEgoyMDI3LTAxLTE0agcIARIDRFNNcgcIARIDU0pVGh4SCjIwMjctMDEtMTlqBwgBEgNTSlVyBwgBEgNEU01AAUABQAJAAkACQAJAA0gBcAGYAQE&tfu=EgIIAQ,Checked baggage for a fee; Bag and fare conditions depend on the return flight
2026-09-01T16:40:42Z,dsm-sju-jan-thursdays,serpapi,DSM,SJU,2027-01-14,2027-01-19,6,4908.00,USD,United,1,https://www.google.com/travel/flights?hl=en&gl=us&curr=USD&tfs=CBwQAhoeEgoyMDI3LTAxLTE0agcIARIDRFNNcgcIARIDU0pVGh4SCjIwMjctMDEtMTlqBwgBEgNTSlVyBwgBEgNEU01AAUABQAJAAkACQAJAA0gBcAGYAQE&tfu=EgIIAQ,Checked baggage for a fee; Bag and fare conditions depend on the return flight
2026-09-01T16:40:42Z,dsm-sju-jan-thursdays,serpapi,DSM,SJU,2027-01-14,2027-01-19,6,4986.00,USD,American,1,https://www.google.com/travel/flights?hl=en&gl=us&curr=USD&tfs=CBwQAhoeEgoyMDI3LTAxLTE0agcIARIDRFNNcgcIARIDU0pVGh4SCjIwMjctMDEtMTlqBwgBEgNTSlVyBwgBEgNEU01AAUABQAJAAkACQAJAA0gBcAGYAQE&tfu=EgIIAQ,Checked baggage for a fee; Bag and fare conditions depend on the return flight
2026-09-01T16:40:42Z,dsm-sju-jan-thursdays,serpapi,DSM,SJU,2027-01-14,2027-01-19,6,4986.00,USD,American,1,https://www.google.com/travel/flights?hl=en&gl=us&curr=USD&tfs=CBwQAhoeEgoyMDI3LTAxLTE0agcIARIDRFNNcgcIARIDU0pVGh4SCjIwMjctMDEtMTlqBwgBEgNTSlVyBwgBEgNEU01AAUABQAJAAkACQAJAA0gBcAGYAQE&tfu=EgIIAQ,Checked baggage for a fee; Bag and fare conditions depend on the return flight
2026-09-01T16:40:42Z,dsm-sju-jan-thursdays,serpapi,DSM,SJU,2027-01-14,2027-01-19,6,5226.00,USD,United,1,https://www.google.com/travel/flights?hl=en&gl=us&curr=USD&tfs=CBwQAhoeEgoyMDI3LTAxLTE0agcIARIDRFNNcgcIARIDU0pVGh4SCjIwMjctMDEtMTlqBwgBEgNTSlVyBwgBEgNEU01AAUABQAJAAkACQAJAA0gBcAGYAQE&tfu=EgIIAQ,Checked baggage for a fee; Bag and fare conditions depend on the return flight
2026-09-01T16:40:42Z,dsm-sju-jan-thursdays,serpapi,DSM,SJU,2027-01-21,2027-01-26,6,2796.00,USD,United,1,https://www.google.com/travel/flights?hl=en&gl=us&curr=USD&tfs=CBwQAhoeEgoyMDI3LTAxLTIxagcIARIDRFNNcgcIARIDU0pVGh4SCjIwMjctMDEtMjZqBwgBEgNTSlVyBwgBEgNEU01AAUABQAJAAkACQAJAA0gBcAGYAQE&tfu=EgIIAQ,Checked baggage for a fee; Bag and fare conditions depend on the return flight
2026-09-01T16:40:42Z,dsm-sju-jan-thursdays,serpapi,DSM,SJU,2027-01-21,2027-01-26,6,2796.00,USD,American,1,https://www.google.com/travel/flights?hl=en&gl=us&curr=USD&tfs=CBwQAhoeEgoyMDI3LTAxLTIxagcIARIDRFNNcgcIARIDU0pVGh4SCjIwMjctMDEtMjZqBwgBEgNTSlVyBwgBEgNEU01AAUABQAJAAkACQAJAA0gBcAGYAQE&tfu=EgIIAQ,Checked baggage for a fee; Bag and fare conditions depend on the return flight
2026-09-01T16:40:42Z,dsm-sju-jan-thursdays,serpapi,DSM,SJU,2027-01-21,2027-01-26,6,3066.00,USD,American,1,https://www.google.com/travel/flights?hl=en&gl=us&curr=USD&tfs=CBwQAhoeEgoyMDI3LTAxLTIxagcIARIDRFNNcgcIARIDU0pVGh4SCjIwMjctMDEtMjZqBwgBEgNTSlVyBwgBEgNEU01AAUABQAJAAkACQAJAA0gBcAGYAQE&tfu=EgIIAQ,Checked baggage for a fee; Bag and fare conditions depend on the return flight
2026-09-01T16:40:42Z,dsm-sju-jan-thursdays,serpapi,DSM,SJU,2027-01-21,2027-01-26,6,3696.00,USD,United,1,https://www.google.com/travel/flights?hl=en&gl=us&curr=USD&tfs=CBwQAhoeEgoyMDI3LTAxLTIxagcIARIDRFNNcgcIARIDU0pVGh4SCjIwMjctMDEtMjZqBwgBEgNTSlVyBwgBEgNEU01AAUABQAJAAkACQAJAA0gBcAGYAQE&tfu=EgIIAQ,Checked baggage for a fee; Bag and fare conditions depend on the return flight
2026-09-01T16:40:42Z,dsm-sju-jan-thursdays,serpapi,DSM,SJU,2027-01-21,2027-01-26,6,4236.00,USD,Delta,1,https://www.google.com/travel/flights?hl=en&gl=us&curr=USD&tfs=CBwQAhoeEgoyMDI3LTAxLTIxagcIARIDRFNNcgcIARIDU0pVGh4SCjIwMjctMDEtMjZqBwgBEgNTSlVyBwgBEgNEU01AAUABQAJAAkACQAJAA0gBcAGYAQE&tfu=EgIIAQ,Checked baggage for a fee; Bag and fare conditions depend on the return flight
2026-09-01T16:40:42Z,dsm-sju-jan-thursdays,serpapi,DSM,SJU,2027-01-21,2027-01-26,6,2916.00,USD,Southwest,2,https://www.google.com/travel/flights?hl=en&gl=us&curr=USD&tfs=CBwQAhoeEgoyMDI3LTAxLTIxagcIARIDRFNNcgcIARIDU0pVGh4SCjIwMjctMDEtMjZqBwgBEgNTSlVyBwgBEgNEU01AAUABQAJAAkACQAJAA0gBcAGYAQE&tfu=EgIIAQ,Checked baggage for a fee; Bag and fare conditions depend on the return flight
2026-09-01T16:40:42Z,dsm-sju-jan-thursdays,serpapi,DSM,SJU,2027-01-21,2027-01-26,6,3546.00,USD,Southwest,2,https://www.google.com/travel/flights?hl=en&gl=us&curr=USD&tfs=CBwQAhoeEgoyMDI3LTAxLTIxagcIARIDRFNNcgcIARIDU0pVGh4SCjIwMjctMDEtMjZqBwgBEgNTSlVyBwgBEgNEU01AAUABQAJAAkACQAJAA0gBcAGYAQE&tfu=EgIIAQ,Checked baggage for a fee; Bag and fare conditions depend on the return flight
2026-09-01T16:40:42Z,dsm-sju-jan-thursdays,serpapi,DSM,SJU,2027-01-21,2027-01-26,6,3876.00,USD,American,1,https://www.google.com/travel/flights?hl=en&gl=us&curr=USD&tfs=CBwQAhoeEgoyMDI3LTAxLTIxagcIARIDRFNNcgcIARIDU0pVGh4SCjIwMjctMDEtMjZqBwgBEgNTSlVyBwgBEgNEU01AAUABQAJAAkACQAJAA0gBcAGYAQE&tfu=EgIIAQ,Checked baggage for a fee; Bag and fare conditions depend on the return flight
2026-09-01T16:40:42Z,dsm-sju-jan-thursdays,serpapi,DSM,SJU,2027-01-21,2027-01-26,6,4344.00,USD,American,1,https://www.google.com/travel/flights?hl=en&gl=us&curr=USD&tfs=CBwQAhoeEgoyMDI3LTAxLTIxagcIARIDRFNNcgcIARIDU0pVGh4SCjIwMjctMDEtMjZqBwgBEgNTSlVyBwgBEgNEU01AAUABQAJAAkACQAJAA0gBcAGYAQE&tfu=EgIIAQ,Checked baggage for a fee; Bag and fare conditions depend on the return flight
2026-09-01T16:40:42Z,dsm-sju-jan-thursdays,serpapi,DSM,SJU,2027-01-21,2027-01-26,6,4524.00,USD,United,1,https://www.google.com/travel/flights?hl=en&gl=us&curr=USD&tfs=CBwQAhoeEgoyMDI3LTAxLTIxagcIARIDRFNNcgcIARIDU0pVGh4SCjIwMjctMDEtMjZqBwgBEgNTSlVyBwgBEgNEU01AAUABQAJAAkACQAJAA0gBcAGYAQE&tfu=EgIIAQ,Checked baggage for a fee; Bag and fare conditions depend on the return flight
2026-09-01T16:40:42Z,dsm-sju-jan-thursdays,serpapi,DSM,SJU,2027-01-28,2027-02-02,6,2916.00,USD,Delta,1,https://www.google.com/travel/flights?hl=en&gl=us&curr=USD&tfs=CBwQAhoeEgoyMDI3LTAxLTI4agcIARIDRFNNcgcIARIDU0pVGh4SCjIwMjctMDItMDJqBwgBEgNTSlVyBwgBEgNEU01AAUABQAJAAkACQAJAA0gBcAGYAQE&tfu=EgIIAQ,Checked baggage for a fee; Bag and fare conditions depend on the return flight
2026-09-01T16:40:42Z,dsm-sju-jan-thursdays,serpapi,DSM,SJU,2027-01-28,2027-02-02,6,3066.00,USD,American,1,https://www.google.com/travel/flights?hl=en&gl=us&curr=USD&tfs=CBwQAhoeEgoyMDI3LTAxLTI4agcIARIDRFNNcgcIARIDU0pVGh4SCjIwMjctMDItMDJqBwgBEgNTSlVyBwgBEgNEU01AAUABQAJAAkACQAJAA0gBcAGYAQE&tfu=EgIIAQ,Checked baggage for a fee; Bag and fare conditions depend on the return flight
2026-09-01T16:40:42Z,dsm-sju-jan-thursdays,serpapi,DSM,SJU,2027-01-28,2027-02-02,6,3096.00,USD,American,1,https://www.google.com/travel/flights?hl=en&gl=us&curr=USD&tfs=CBwQAhoeEgoyMDI3LTAxLTI4agcIARIDRFNNcgcIARIDU0pVGh4SCjIwMjctMDItMDJqBwgBEgNTSlVyBwgBEgNEU01AAUABQAJAAkACQAJAA0gBcAGYAQE&tfu=EgIIAQ,Checked baggage for a fee; Bag and fare conditions depend on the return flight
2026-09-01T16:40:42Z,dsm-sju-jan-thursdays,serpapi,DSM,SJU,2027-01-28,2027-02-02,6,3168.00,USD,United,1,https://www.google.com/travel/flights?hl=en&gl=us&curr=USD&tfs=CBwQAhoeEgoyMDI3LTAxLTI4agcIARIDRFNNcgcIARIDU0pVGh4SCjIwMjctMDItMDJqBwgBEgNTSlVyBwgBEgNEU01AAUABQAJAAkACQAJAA0gBcAGYAQE&tfu=EgIIAQ,Checked baggage for a fee; Bag and fare conditions depend on the return flight
2026-09-01T16:40:42Z,dsm-sju-jan-thursdays,serpapi,DSM,SJU,2027-01-28,2027-02-02,6,2796.00,USD,Southwest,2,https://www.google.com/travel/flights?hl=en&gl=us&curr=USD&tfs=CBwQAhoeEgoyMDI3LTAxLTI4agcIARIDRFNNcgcIARIDU0pVGh4SCjIwMjctMDItMDJqBwgBEgNTSlVyBwgBEgNEU01AAUABQAJAAkACQAJAA0gBcAGYAQE&tfu=EgIIAQ,Checked baggage for a fee; Bag and fare conditions depend on the return flight
2026-09-01T16:40:42Z,dsm-sju-jan-thursdays,serpapi,DSM,SJU,2027-01-28,2027-02-02,6,2796.00,USD,American,2,https://www.google.com/travel/flights?hl=en&gl=us&curr=USD&tfs=CBwQAhoeEgoyMDI3LTAxLTI4agcIARIDRFNNcgcIARIDU0pVGh4SCjIwMjctMDItMDJqBwgBEgNTSlVyBwgBEgNEU01AAUABQAJAAkACQAJAA0gBcAGYAQE&tfu=EgIIAQ,Checked baggage for a fee; Bag and fare conditions depend on the return flight
2026-09-01T16:40:42Z,dsm-sju-jan-thursdays,serpapi,DSM,SJU,2027-01-28,2027-02-02,6,2796.00,USD,American,2,https://www.google.com/travel/flights?hl=en&gl=us&curr=USD&tfs=CBwQAhoeEgoyMDI3LTAxLTI4agcIARIDRFNNcgcIARIDU0pVGh4SCjIwMjctMDItMDJqBwgBEgNTSlVyBwgBEgNEU01AAUABQAJAAkACQAJAA0gBcAGYAQE&tfu=EgIIAQ,Checked baggage for a fee; Bag and fare conditions depend on the return flight
2026-09-01T16:40:42Z,dsm-sju-jan-thursdays,serpapi,DSM,SJU,2027-01-28,2027-02-02,6,2916.00,USD,Southwest,2,https://www.google.com/travel/flights?hl=en&gl=us&curr=USD&tfs=CBwQAhoeEgoyMDI3LTAxLTI4agcIARIDRFNNcgcIARIDU0pVGh4SCjIwMjctMDItMDJqBwgBEgNTSlVyBwgBEgNEU01AAUABQAJAAkACQAJAA0gBcAGYAQE&tfu=EgIIAQ,Checked baggage for a fee; Bag and fare conditions depend on the return flight
2026-09-01T16:40:42Z,dsm-sju-jan-thursdays,serpapi,DSM,SJU,2027-01-28,2027-02-02,6,3576.00,USD,American,1,https://www.google.com/travel/flights?hl=en&gl=us&curr=USD&tfs=CBwQAhoeEgoyMDI3LTAxLTI4agcIARIDRFNNcgcIARIDU0pVGh4SCjIwMjctMDItMDJqBwgBEgNTSlVyBwgBEgNEU01AAUABQAJAAkACQAJAA0gBcAGYAQE&tfu=EgIIAQ,Checked baggage for a fee; Bag and fare conditions depend on the return flight
2026-09-01T16:40:42Z,dsm-sju-jan-thursdays,serpapi,DSM,SJU,2027-01-28,2027-02-02,6,3630.00,USD,United,1,https://www.google.com/travel/flights?hl=en&gl=us&curr=USD&tfs=CBwQAhoeEgoyMDI3LTAxLTI4agcIARIDRFNNcgcIARIDU0pVGh4SCjIwMjctMDItMDJqBwgBEgNTSlVyBwgBEgNEU01AAUABQAJAAkACQAJAA0gBcAGYAQE&tfu=EgIIAQ,Checked baggage for a fee; Bag and fare conditions depend on the return flight
2026-09-01T16:40:42Z,dsm-sju-jan-thursdays,serpapi,DSM,SJU,2027-01-28,2027-02-02,6,4524.00,USD,United,1,https://www.google.com/travel/flights?hl=en&gl=us&curr=USD&tfs=CBwQAhoeEgoyMDI3LTAxLTI4agcIARIDRFNNcgcIARIDU0pVGh4SCjIwMjctMDItMDJqBwgBEgNTSlVyBwgBEgNEU01AAUABQAJAAkACQAJAA0gBcAGYAQE&tfu=EgIIAQ,Checked baggage for a fee; Bag and fare conditions depend on the return flight
2026-09-01T16:40:42Z,dsm-sju-jan-thursdays,serpapi,DSM,SJU,2027-01-28,2027-02-02,6,5364.00,USD,Delta,1,https://www.google.com/travel/flights?hl=en&gl=us&curr=USD&tfs=CBwQAhoeEgoyMDI3LTAxLTI4agcIARIDRFNNcgcIARIDU0pVGh4SCjIwMjctMDItMDJqBwgBEgNTSlVyBwgBEgNEU01AAUABQAJAAkACQAJAA0gBcAGYAQE&tfu=EgIIAQ,Checked baggage for a fee; Bag and fare conditions depend on the return flight
2026-09-14T15:54:24Z,dsm-stt-jan-saturdays,manual,DSM,STT,2027-01-02,2027-01-09,7,3828.00,USD,American,1,,"Checked baggage for a fee; Overnight layover, 10 hr 38 min in ORD"
2026-09-14T15:54:24Z,dsm-stt-jan-saturdays,manual,DSM,STT,2027-01-02,2027-01-09,7,5165.00,USD,American,1,,Checked baggage for a fee
2026-09-14T15:54:24Z,dsm-stt-jan-saturdays,manual,DSM,STT,2027-01-02,2027-01-09,7,5472.00,USD,United,1,,Carry-on bag not included
2026-09-14T15:54:24Z,dsm-stt-jan-saturdays,manual,DSM,STT,2027-01-02,2027-01-09,7,5634.00,USD,American,1,,Checked baggage for a fee
2026-09-14T15:54:24Z,dsm-stt-jan-saturdays,manual,DSM,STT,2027-01-02,2027-01-09,1,672.00,USD,American,1,,Checked baggage for a fee
2026-09-14T15:54:24Z,dsm-stt-jan-saturdays,manual,DSM,STT,2027-01-02,2027-01-09,1,834.00,USD,United,1,,Carry-on bag not included
2026-09-14T15:54:24Z,dsm-stt-jan-saturdays,manual,DSM,STT,2027-01-02,2027-01-09,1,1061.00,USD,Delta,1,,Checked baggage for a fee
2026-09-14T15:54:24Z,dsm-stt-jan-saturdays,manual,DSM,STT,2027-01-02,2027-01-09,1,547.00,USD,American,1,,"Checked baggage for a fee; Overnight layover, 10 hr 38 min in ORD"
2026-09-14T16:23:07Z,dsm-stt-jan-saturdays,manual,DSM,STT,2027-01-09,2027-01-16,1,547.00,USD,American,2,,"Checked baggage for a fee; Overnight layover (ORD, MIA)"
2026-09-14T16:23:07Z,dsm-stt-jan-saturdays,manual,DSM,STT,2027-01-09,2027-01-16,1,547.00,USD,American,1,,"Checked baggage for a fee; Overnight layover, 11 hr 2 min in ORD"
2026-09-14T16:23:07Z,dsm-stt-jan-saturdays,manual,DSM,STT,2027-01-09,2027-01-16,7,3828.00,USD,American,2,,"Checked baggage for a fee; Overnight layover (ORD, MIA)"
2026-09-14T16:23:07Z,dsm-stt-jan-saturdays,manual,DSM,STT,2027-01-09,2027-01-16,7,3828.00,USD,American,1,,"Checked baggage for a fee; Overnight layover, 11 hr 2 min in ORD"
2026-09-14T16:23:07Z,dsm-stt-jan-saturdays,manual,DSM,STT,2027-01-16,2027-01-23,1,597.00,USD,American,2,,"Checked baggage for a fee; Overnight layover (DFW, MIA)"
2026-09-14T16:23:07Z,dsm-stt-jan-saturdays,manual,DSM,STT,2027-01-16,2027-01-23,1,597.00,USD,American,2,,"Checked baggage for a fee; Overnight layover (DFW, MIA)"
2026-09-14T16:23:07Z,dsm-stt-jan-saturdays,manual,DSM,STT,2027-01-16,2027-01-23,1,597.00,USD,American,2,,"Checked baggage for a fee; Overnight layover (DFW, MIA)"
2026-09-14T16:23:07Z,dsm-stt-jan-saturdays,manual,DSM,STT,2027-01-16,2027-01-23,7,4178.00,USD,American,2,,"Checked baggage for a fee; Overnight layover (DFW, MIA)"
2026-09-14T16:23:07Z,dsm-stt-jan-saturdays,manual,DSM,STT,2027-01-23,2027-01-30,1,547.00,USD,American,2,,"Checked baggage for a fee; Overnight layover (ORD, MIA)"
2026-09-14T16:23:07Z,dsm-stt-jan-saturdays,manual,DSM,STT,2027-01-23,2027-01-30,1,547.00,USD,American,1,,"Checked baggage for a fee; Overnight layover, 11 hr 2 min in ORD"
2026-09-14T16:23:07Z,dsm-stt-jan-saturdays,manual,DSM,STT,2027-01-23,2027-01-30,7,3828.00,USD,American,2,,"Checked baggage for a fee; Overnight layover (ORD, MIA)"
2026-09-14T16:23:07Z,dsm-stt-jan-saturdays,manual,DSM,STT,2027-01-23,2027-01-30,7,3828.00,USD,American,1,,"Checked baggage for a fee; Overnight layover, 11 hr 2 min in ORD"
2026-09-14T16:23:07Z,dsm-stt-jan-saturdays,manual,DSM,STT,2027-01-30,2027-02-06,1,547.00,USD,American,2,,"Checked baggage for a fee; Overnight layover (ORD, MIA)"
2026-09-14T16:23:07Z,dsm-stt-jan-saturdays,manual,DSM,STT,2027-01-30,2027-02-06,1,547.00,USD,American,1,,"Checked baggage for a fee; Overnight layover, 11 hr 2 min in ORD"
2026-09-14T16:23:07Z,dsm-stt-jan-saturdays,manual,DSM,STT,2027-01-30,2027-02-06,7,3828.00,USD,American,2,,"Checked baggage for a fee; Overnight layover (DFW, MIA)"
2026-09-14T16:23:07Z,dsm-stt-jan-saturdays,manual,DSM,STT,2027-01-30,2027-02-06,7,3828.00,USD,American,2,,"Checked baggage for a fee; Overnight layover (DFW, MIA)"
2026-09-14T16:16:13Z,dsm-stt-jan-sat-thu,manual,DSM,STT,2027-01-09,2027-01-14,1,512.00,USD,American,2,,"Checked baggage for a fee; Overnight layover (ORD, MIA)"
2026-09-14T16:16:13Z,dsm-stt-jan-sat-thu,manual,DSM,STT,2027-01-09,2027-01-14,1,512.00,USD,American,1,,"Checked baggage for a fee; Overnight layover, 11 hr 2 min in ORD"
2026-09-14T16:16:13Z,dsm-stt-jan-sat-thu,manual,DSM,STT,2027-01-09,2027-01-14,1,597.00,USD,American,1,,Checked baggage for a fee
2026-09-14T16:16:13Z,dsm-stt-jan-sat-thu,manual,DSM,STT,2027-01-09,2027-01-14,1,512.00,USD,American,2,,"Checked baggage for a fee; Overnight layover (DFW, MIA)"
2026-09-14T16:16:13Z,dsm-stt-jan-sat-thu,manual,DSM,STT,2027-01-09,2027-01-14,7,3583.00,USD,American,2,,"Checked baggage for a fee; Overnight layover (ORD, MIA)"
2026-09-14T16:16:13Z,dsm-stt-jan-sat-thu,manual,DSM,STT,2027-01-09,2027-01-14,7,3583.00,USD,American,1,,"Checked baggage for a fee; Overnight layover, 11 hr 2 min in ORD"
2026-09-14T16:16:13Z,dsm-stt-jan-sat-thu,manual,DSM,STT,2027-01-09,2027-01-14,7,4458.00,USD,American,1,,Checked baggage for a fee
2026-09-14T16:16:13Z,dsm-stt-jan-sat-thu,manual,DSM,STT,2027-01-09,2027-01-14,7,3583.00,USD,American,2,,"Checked baggage for a fee; Overnight layover (DFW, MIA)"
2026-09-14T16:16:13Z,dsm-stt-jan-sat-thu,manual,DSM,STT,2027-01-16,2027-01-21,1,562.00,USD,American,2,,"Checked baggage for a fee; Overnight layover (ORD, MIA)"
2026-09-14T16:16:13Z,dsm-stt-jan-sat-thu,manual,DSM,STT,2027-01-16,2027-01-21,1,562.00,USD,American,1,,"Checked baggage for a fee; Overnight layover, 11 hr 2 min in ORD"
2026-09-14T16:16:13Z,dsm-stt-jan-sat-thu,manual,DSM,STT,2027-01-16,2027-01-21,1,744.00,USD,United,1,,"Carry-on bag not included; Overnight layover, 13 hr 16 min in ORD"
2026-09-14T16:16:13Z,dsm-stt-jan-sat-thu,manual,DSM,STT,2027-01-16,2027-01-21,1,562.00,USD,American,2,,"Checked baggage for a fee; Overnight layover (DFW, MIA)"
2026-09-14T16:16:13Z,dsm-stt-jan-sat-thu,manual,DSM,STT,2027-01-16,2027-01-21,7,3933.00,USD,American,2,,"Checked baggage for a fee; Overnight layover (ORD, MIA)"
2026-09-14T16:16:13Z,dsm-stt-jan-sat-thu,manual,DSM,STT,2027-01-16,2027-01-21,7,3933.00,USD,American,1,,"Checked baggage for a fee; Overnight layover, 11 hr 2 min in ORD"
2026-09-14T16:16:13Z,dsm-stt-jan-sat-thu,manual,DSM,STT,2027-01-16,2027-01-21,7,5482.00,USD,United,1,,"Carry-on bag not included; Overnight layover, 13 hr 16 min in ORD"
2026-09-14T16:16:13Z,dsm-stt-jan-sat-thu,manual,DSM,STT,2027-01-16,2027-01-21,7,3933.00,USD,American,2,,"Checked baggage for a fee; Overnight layover (DFW, MIA)"
2026-09-14T16:16:13Z,dsm-stt-jan-sat-thu,manual,DSM,STT,2027-01-23,2027-01-28,1,512.00,USD,American,2,,"Checked baggage for a fee; Overnight layover (ORD, MIA)"
2026-09-14T16:16:13Z,dsm-stt-jan-sat-thu,manual,DSM,STT,2027-01-23,2027-01-28,1,512.00,USD,American,1,,"Checked baggage for a fee; Overnight layover, 11 hr 2 min in ORD"
2026-09-14T16:16:13Z,dsm-stt-jan-sat-thu,manual,DSM,STT,2027-01-23,2027-01-28,1,703.00,USD,American,1,,Checked baggage for a fee
2026-09-14T16:16:13Z,dsm-stt-jan-sat-thu,manual,DSM,STT,2027-01-23,2027-01-28,1,838.00,USD,Delta,1,,Checked baggage for a fee
2026-09-14T16:16:13Z,dsm-stt-jan-sat-thu,manual,DSM,STT,2027-01-23,2027-01-28,1,512.00,USD,American,2,,"Checked baggage for a fee; Overnight layover (DFW, MIA)"
2026-09-14T16:16:13Z,dsm-stt-jan-sat-thu,manual,DSM,STT,2027-01-23,2027-01-28,7,3583.00,USD,American,2,,"Checked baggage for a fee; Overnight layover (ORD, MIA)"
2026-09-14T16:16:13Z,dsm-stt-jan-sat-thu,manual,DSM,STT,2027-01-23,2027-01-28,7,3583.00,USD,American,1,,"Checked baggage for a fee; Overnight layover, 11 hr 2 min in ORD"
2026-09-14T16:16:13Z,dsm-stt-jan-sat-thu,manual,DSM,STT,2027-01-23,2027-01-28,7,4920.00,USD,American,1,,Checked baggage for a fee
2026-09-14T16:16:13Z,dsm-stt-jan-sat-thu,manual,DSM,STT,2027-01-23,2027-01-28,7,5865.00,USD,Delta,1,,Checked baggage for a fee
2026-09-14T16:16:13Z,dsm-stt-jan-sat-thu,manual,DSM,STT,2027-01-23,2027-01-28,7,3583.00,USD,American,2,,"Checked baggage for a fee; Overnight layover (DFW, MIA)"
2026-09-14T16:16:13Z,dsm-stt-jan-sat-thu,manual,DSM,STT,2027-01-30,2027-02-04,1,512.00,USD,American,2,,"Checked baggage for a fee; Overnight layover (ORD, MIA)"
2026-09-14T16:16:13Z,dsm-stt-jan-sat-thu,manual,DSM,STT,2027-01-30,2027-02-04,1,512.00,USD,American,1,,"Checked baggage for a fee; Overnight layover, 11 hr 2 min in ORD"
2026-09-14T16:16:13Z,dsm-stt-jan-sat-thu,manual,DSM,STT,2027-01-30,2027-02-04,1,932.00,USD,Delta,1,,Checked baggage for a fee
2026-09-14T16:16:13Z,dsm-stt-jan-sat-thu,manual,DSM,STT,2027-01-30,2027-02-04,1,512.00,USD,American,2,,"Checked baggage for a fee; Overnight layover (DFW, MIA)"
2026-09-14T16:16:13Z,dsm-stt-jan-sat-thu,manual,DSM,STT,2027-01-30,2027-02-04,7,3583.00,USD,American,2,,"Checked baggage for a fee; Overnight layover (ORD, MIA)"
2026-09-14T16:16:13Z,dsm-stt-jan-sat-thu,manual,DSM,STT,2027-01-30,2027-02-04,7,3583.00,USD,American,1,,"Checked baggage for a fee; Overnight layover, 11 hr 2 min in ORD"
2026-09-14T16:16:13Z,dsm-stt-jan-sat-thu,manual,DSM,STT,2027-01-30,2027-02-04,7,6523.00,USD,Delta,1,,Checked baggage for a fee
2026-09-14T16:16:13Z,dsm-stt-jan-sat-thu,manual,DSM,STT,2027-01-30,2027-02-04,7,3583.00,USD,American,2,,"Checked baggage for a fee; Overnight layover (DFW, MIA)"
2026-09-14T16:33:29Z,dsm-stt-jan-sat-thu,manual,DSM,STT,2027-01-02,2027-01-07,1,512.00,USD,American,2,,"Checked baggage for a fee; Overnight layover (ORD, MIA)"
2026-09-14T16:33:29Z,dsm-stt-jan-sat-thu,manual,DSM,STT,2027-01-02,2027-01-07,1,624.00,USD,United,1,,Carry-on bag not included
2026-09-14T16:33:29Z,dsm-stt-jan-sat-thu,manual,DSM,STT,2027-01-02,2027-01-07,7,4367.00,USD,United,1,,Carry-on bag not included
2026-09-14T16:33:29Z,dsm-stt-jan-sat-thu,manual,DSM,STT,2027-01-02,2027-01-07,7,4920.00,USD,American,1,,Checked baggage for a fee
2026-09-14T16:33:29Z,dsm-stt-jan-sat-thu,manual,DSM,STT,2027-01-02,2027-01-07,7,3583.00,USD,American,1,,"Checked baggage for a fee; Overnight layover, 10 hr 38 min in ORD"
2026-09-14T16:40:41Z,dsm-sju-jan-sat-thu,manual,DSM,SJU,2027-01-02,2027-01-07,1,659.00,USD,American,1,,Checked baggage for a fee
2026-09-14T16:40:41Z,dsm-sju-jan-sat-thu,manual,DSM,SJU,2027-01-02,2027-01-07,1,686.00,USD,Southwest,1,,Checked baggage for a fee
2026-09-14T16:40:41Z,dsm-sju-jan-sat-thu,manual,DSM,SJU,2027-01-02,2027-01-07,1,750.00,USD,American,1,,Checked baggage for a fee
2026-09-14T16:40:41Z,dsm-sju-jan-sat-thu,manual,DSM,SJU,2027-01-02,2027-01-07,1,588.00,USD,American,1,,"Overnight layover, 10 hr 13 min in ORD"
2026-09-14T16:40:41Z,dsm-sju-jan-sat-thu,manual,DSM,SJU,2027-01-02,2027-01-07,7,4781.00,USD,American,1,,Checked baggage for a fee; Google Flights was still loading prices when captured
2026-09-14T16:40:41Z,dsm-sju-jan-sat-thu,manual,DSM,SJU,2027-01-02,2027-01-07,7,5040.00,USD,Southwest,1,,Checked baggage for a fee
2026-09-14T16:40:41Z,dsm-sju-jan-sat-thu,manual,DSM,SJU,2027-01-02,2027-01-07,7,6146.00,USD,American,1,,Checked baggage for a fee
2026-09-14T16:40:41Z,dsm-sju-jan-sat-thu,manual,DSM,SJU,2027-01-02,2027-01-07,7,5551.00,USD,United,1,,Carry-on bag not included
2026-09-14T16:40:41Z,dsm-sju-jan-sat-thu,manual,DSM,SJU,2027-01-09,2027-01-14,1,486.00,USD,United,1,,Carry-on bag not included
2026-09-14T16:40:41Z,dsm-sju-jan-sat-thu,manual,DSM,SJU,2027-01-09,2027-01-14,1,531.00,USD,Delta,1,,Checked baggage for a fee
2026-09-14T16:40:41Z,dsm-sju-jan-sat-thu,manual,DSM,SJU,2027-01-09,2027-01-14,7,3402.00,USD,United,1,,Carry-on bag not included
2026-09-14T16:40:41Z,dsm-sju-jan-sat-thu,manual,DSM,SJU,2027-01-16,2027-01-21,1,486.00,USD,United,1,,Carry-on bag not included
2026-09-14T16:40:41Z,dsm-sju-jan-sat-thu,manual,DSM,SJU,2027-01-16,2027-01-21,1,486.00,USD,Delta,2,,Checked baggage for a fee
2026-09-14T16:40:41Z,dsm-sju-jan-sat-thu,manual,DSM,SJU,2027-01-16,2027-01-21,1,701.00,USD,Delta,1,,Checked baggage for a fee
2026-09-14T16:40:41Z,dsm-sju-jan-sat-thu,manual,DSM,SJU,2027-01-16,2027-01-21,7,3402.00,USD,United,1,,Carry-on bag not included
2026-09-14T16:40:41Z,dsm-sju-jan-sat-thu,manual,DSM,SJU,2027-01-16,2027-01-21,7,3402.00,USD,Delta,2,,Checked baggage for a fee
2026-09-14T16:40:41Z,dsm-sju-jan-sat-thu,manual,DSM,SJU,2027-01-23,2027-01-28,1,486.00,USD,United,1,,Carry-on bag not included
2026-09-14T16:40:41Z,dsm-sju-jan-sat-thu,manual,DSM,SJU,2027-01-23,2027-01-28,1,486.00,USD,Delta,1,,Checked baggage for a fee
2026-09-14T16:40:41Z,dsm-sju-jan-sat-thu,manual,DSM,SJU,2027-01-23,2027-01-28,7,3402.00,USD,United,1,,Carry-on bag not included
2026-09-14T16:40:41Z,dsm-sju-jan-sat-thu,manual,DSM,SJU,2027-01-30,2027-02-04,1,486.00,USD,United,1,,Carry-on bag not included
2026-09-14T16:40:41Z,dsm-sju-jan-sat-thu,manual,DSM,SJU,2027-01-30,2027-02-04,1,506.00,USD,Southwest,1,,Checked baggage for a fee
2026-09-14T16:40:41Z,dsm-sju-jan-sat-thu,manual,DSM,SJU,2027-01-30,2027-02-04,7,3402.00,USD,,,,Google Flights' Cheapest figure; that itinerary was not in the screenshot
2026-09-14T16:40:41Z,dsm-sju-jan-sat-thu,manual,DSM,SJU,2027-01-30,2027-02-04,7,3563.00,USD,United,1,,Carry-on bag not included
2026-09-14T16:56:41Z,dsm-stt-apr-may-thursdays,manual,DSM,STT,2027-04-29,2027-05-04,1,512.00,USD,American,2,,"Checked baggage for a fee; Overnight layover (ORD, CLT)"
2026-09-14T16:56:41Z,dsm-stt-apr-may-thursdays,manual,DSM,STT,2027-04-29,2027-05-04,7,3583.00,USD,American,2,,"Checked baggage for a fee; Overnight layover (ORD, CLT)"
2026-09-14T16:56:41Z,dsm-stt-apr-may-thursdays,manual,DSM,STT,2027-05-13,2027-05-18,1,512.00,USD,American,2,,"Checked baggage for a fee; Overnight layover (ORD, CLT)"
2026-09-14T16:56:41Z,dsm-stt-apr-may-thursdays,manual,DSM,STT,2027-05-13,2027-05-18,7,3583.00,USD,American,2,,"Checked baggage for a fee; Overnight layover (ORD, CLT)"
2026-09-14T16:58:55Z,dsm-sju-apr-may-thursdays,manual,DSM,SJU,2027-04-29,2027-05-04,7,3402.00,USD,Delta,1,,Checked baggage for a fee
2026-09-14T16:58:55Z,dsm-sju-apr-may-thursdays,manual,DSM,SJU,2027-05-13,2027-05-18,7,4214.00,USD,Delta,1,,Checked baggage for a fee
2026-09-14T16:58:55Z,dsm-sju-apr-may-thursdays,manual,DSM,SJU,2027-05-13,2027-05-18,7,4298.00,USD,United,1,,Carry-on bag not included
2026-09-14T16:58:55Z,dsm-sju-apr-may-thursdays,manual,DSM,SJU,2027-05-13,2027-05-18,7,4501.00,USD,American,1,,Checked baggage for a fee
2026-09-14T16:58:55Z,dsm-sju-apr-may-thursdays,manual,DSM,SJU,2027-05-13,2027-05-18,7,3717.00,USD,Southwest,2,,Checked baggage for a fee
2026-09-14T17:25:23Z,dsm-sju-jan-thursdays,manual,DSM,SJU,2027-01-07,2027-01-12,7,3479.00,USD,United,1,,Carry-on bag not included
2026-09-14T17:25:23Z,dsm-sju-jan-thursdays,manual,DSM,SJU,2027-01-21,2027-01-26,7,3430.00,USD,United,1,,Carry-on bag not included
2026-09-14T17:25:23Z,dsm-sju-jan-thursdays,manual,DSM,SJU,2027-01-21,2027-01-26,7,3892.00,USD,American,1,,Checked baggage for a fee
2026-09-14T17:25:23Z,dsm-sju-jan-thursdays,manual,DSM,SJU,2027-01-28,2027-02-02,7,3374.00,USD,Southwest,2,,Checked baggage for a fee
2026-09-14T17:25:23Z,dsm-sju-jan-thursdays,manual,DSM,SJU,2027-01-28,2027-02-02,7,3402.00,USD,Delta,2,,Checked baggage for a fee
2026-09-14T17:27:40Z,dsm-sju-jan-thursdays,manual,DSM,SJU,2027-01-14,2027-01-19,7,4613.00,USD,United,1,,Carry-on bag not included
2026-09-14T17:27:40Z,dsm-sju-jan-thursdays,manual,DSM,SJU,2027-01-14,2027-01-19,7,4967.00,USD,Delta,2,,Checked baggage for a fee
2026-09-14T17:27:40Z,dsm-sju-jan-thursdays,manual,DSM,SJU,2027-01-14,2027-01-19,7,5026.00,USD,American,1,,Checked baggage for a fee
2026-09-14T17:27:40Z,dsm-sju-jan-thursdays,manual,DSM,SJU,2027-01-14,2027-01-19,7,3927.00,USD,Southwest,2,,"Checked baggage for a fee; Layover warning shown (MDW, TPA)"
2026-09-14T17:34:51Z,dsm-stt-jan-thursdays,manual,DSM,STT,2027-01-07,2027-01-12,7,3583.00,USD,American,2,,"Checked baggage for a fee; Overnight layover (ORD, MIA)"
2026-09-14T17:34:51Z,dsm-stt-jan-thursdays,manual,DSM,STT,2027-01-14,2027-01-19,7,4108.00,USD,American,2,,"Checked baggage for a fee; Overnight layover (DFW, MIA)"
2026-09-14T17:34:51Z,dsm-stt-jan-thursdays,manual,DSM,STT,2027-01-14,2027-01-19,7,6572.00,USD,United,1,,Carry-on bag not included
2026-09-14T17:34:51Z,dsm-stt-jan-thursdays,manual,DSM,STT,2027-01-21,2027-01-26,7,3723.00,USD,American,2,,"Checked baggage for a fee; Overnight layover (DFW, MIA)"
2026-09-14T17:34:51Z,dsm-stt-jan-thursdays,manual,DSM,STT,2027-01-28,2027-02-02,7,3583.00,USD,American,2,,"Checked baggage for a fee; Overnight layover (DFW, MIA)"
2026-09-20T16:43:58Z,dsm-stt-jan-sat-thu,serpapi,DSM,STT,2027-01-02,2027-01-07,6,3195.00,USD,American,1,https://www.google.com/travel/flights?hl=en&gl=us&curr=USD&tfs=CBwQAhoeEgoyMDI3LTAxLTAyagcIARIDRFNNcgcIARIDU1RUGh4SCjIwMjctMDEtMDdqBwgBEgNTVFRyBwgBEgNEU01AAUABQAJAAkACQAJAA0gBcAGYAQE&tfu=EgIIAQ,Checked baggage for a fee; Bag and fare conditions depend on the return flight
2026-09-20T16:43:58Z,dsm-stt-jan-sat-thu,serpapi,DSM,STT,2027-01-02,2027-01-07,6,4245.00,USD,United,1,https://www.google.com/travel/flights?hl=en&gl=us&curr=USD&tfs=CBwQAhoeEgoyMDI3LTAxLTAyagcIARIDRFNNcgcIARIDU1RUGh4SCjIwMjctMDEtMDdqBwgBEgNTVFRyBwgBEgNEU01AAUABQAJAAkACQAJAA0gBcAGYAQE&tfu=EgIIAQ,Checked baggage for a fee; Bag and fare conditions depend on the return flight
2026-09-20T16:43:58Z,dsm-stt-jan-sat-thu,serpapi,DSM,STT,2027-01-02,2027-01-07,6,4539.00,USD,American,1,https://www.google.com/travel/flights?hl=en&gl=us&curr=USD&tfs=CBwQAhoeEgoyMDI3LTAxLTAyagcIARIDRFNNcgcIARIDU1RUGh4SCjIwMjctMDEtMDdqBwgBEgNTVFRyBwgBEgNEU01AAUABQAJAAkACQAJAA0gBcAGYAQE&tfu=EgIIAQ,Checked baggage for a fee; Bag and fare conditions depend on the return flight
2026-09-20T16:43:58Z,dsm-stt-jan-sat-thu,serpapi,DSM,STT,2027-01-02,2027-01-07,6,4941.00,USD,United,1,https://www.google.com/travel/flights?hl=en&gl=us&curr=USD&tfs=CBwQAhoeEgoyMDI3LTAxLTAyagcIARIDRFNNcgcIARIDU1RUGh4SCjIwMjctMDEtMDdqBwgBEgNTVFRyBwgBEgNEU01AAUABQAJAAkACQAJAA0gBcAGYAQE&tfu=EgIIAQ,Checked baggage for a fee; Bag and fare conditions depend on the return flight
2026-09-20T16:43:58Z,dsm-stt-jan-sat-thu,serpapi,DSM,STT,2027-01-02,2027-01-07,6,3447.00,USD,American,2,https://www.google.com/travel/flights?hl=en&gl=us&curr=USD&tfs=CBwQAhoeEgoyMDI3LTAxLTAyagcIARIDRFNNcgcIARIDU1RUGh4SCjIwMjctMDEtMDdqBwgBEgNTVFRyBwgBEgNEU01AAUABQAJAAkACQAJAA0gBcAGYAQE&tfu=EgIIAQ,Checked baggage for a fee; Bag and fare conditions depend on the return flight
2026-09-20T16:43:58Z,dsm-stt-jan-sat-thu,serpapi,DSM,STT,2027-01-02,2027-01-07,6,3597.00,USD,American,1,https://www.google.com/travel/flights?hl=en&gl=us&curr=USD&tfs=CBwQAhoeEgoyMDI3LTAxLTAyagcIARIDRFNNcgcIARIDU1RUGh4SCjIwMjctMDEtMDdqBwgBEgNTVFRyBwgBEgNEU01AAUABQAJAAkACQAJAA0gBcAGYAQE&tfu=EgIIAQ,Checked baggage for a fee; Bag and fare conditions depend on the return flight
2026-09-20T16:43:58Z,dsm-stt-jan-sat-thu,serpapi,DSM,STT,2027-01-02,2027-01-07,6,5667.00,USD,American,1,https://www.google.com/travel/flights?hl=en&gl=us&curr=USD&tfs=CBwQAhoeEgoyMDI3LTAxLTAyagcIARIDRFNNcgcIARIDU1RUGh4SCjIwMjctMDEtMDdqBwgBEgNTVFRyBwgBEgNEU01AAUABQAJAAkACQAJAA0gBcAGYAQE&tfu=EgIIAQ,Checked baggage for a fee; Bag and fare conditions depend on the return flight
2026-09-20T16:43:58Z,dsm-stt-jan-sat-thu,serpapi,DSM,STT,2027-01-02,2027-01-07,6,9006.00,USD,Delta,1,https://www.google.com/travel/flights?hl=en&gl=us&curr=USD&tfs=CBwQAhoeEgoyMDI3LTAxLTAyagcIARIDRFNNcgcIARIDU1RUGh4SCjIwMjctMDEtMDdqBwgBEgNTVFRyBwgBEgNEU01AAUABQAJAAkACQAJAA0gBcAGYAQE&tfu=EgIIAQ,Checked baggage for a fee; Bag and fare conditions depend on the return flight
2026-09-20T16:44:05Z,dsm-stt-jan-sat-thu,serpapi,DSM,STT,2027-01-09,2027-01-14,6,3075.00,USD,American,2,https://www.google.com/travel/flights?hl=en&gl=us&curr=USD&tfs=CBwQAhoeEgoyMDI3LTAxLTA5agcIARIDRFNNcgcIARIDU1RUGh4SCjIwMjctMDEtMTRqBwgBEgNTVFRyBwgBEgNEU01AAUABQAJAAkACQAJAA0gBcAGYAQE&tfu=EgIIAQ,Checked baggage for a fee; Bag and fare conditions depend on the return flight
2026-09-20T16:44:05Z,dsm-stt-jan-sat-thu,serpapi,DSM,STT,2027-01-09,2027-01-14,6,3075.00,USD,American,1,https://www.google.com/travel/flights?hl=en&gl=us&curr=USD&tfs=CBwQAhoeEgoyMDI3LTAxLTA5agcIARIDRFNNcgcIARIDU1RUGh4SCjIwMjctMDEtMTRqBwgBEgNTVFRyBwgBEgNEU01AAUABQAJAAkACQAJAA0gBcAGYAQE&tfu=EgIIAQ,Checked baggage for a fee; Bag and fare conditions depend on the return flight
2026-09-20T16:44:05Z,dsm-stt-jan-sat-thu,serpapi,DSM,STT,2027-01-09,2027-01-14,6,5076.00,USD,Delta,1,https://www.google.com/travel/flights?hl=en&gl=us&curr=USD&tfs=CBwQAhoeEgoyMDI3LTAxLTA5agcIARIDRFNNcgcIARIDU1RUGh4SCjIwMjctMDEtMTRqBwgBEgNTVFRyBwgBEgNEU01AAUABQAJAAkACQAJAA0gBcAGYAQE&tfu=EgIIAQ,Checked baggage for a fee; Bag and fare conditions depend on the return flight
2026-09-20T16:44:05Z,dsm-stt-jan-sat-thu,serpapi,DSM,STT,2027-01-09,2027-01-14,6,3901.00,USD,United,2,https://www.google.com/travel/flights?hl=en&gl=us&curr=USD&tfs=CBwQAhoeEgoyMDI3LTAxLTA5agcIARIDRFNNcgcIARIDU1RUGh4SCjIwMjctMDEtMTRqBwgBEgNTVFRyBwgBEgNEU01AAUABQAJAAkACQAJAA0gBcAGYAQE&tfu=EgIIAQ,Checked baggage for a fee; Bag and fare conditions depend on the return flight
2026-09-20T16:44:05Z,dsm-stt-jan-sat-thu,serpapi,DSM,STT,2027-01-09,2027-01-14,6,4533.00,USD,United,2,https://www.google.com/travel/flights?hl=en&gl=us&curr=USD&tfs=CBwQAhoeEgoyMDI3LTAxLTA5agcIARIDRFNNcgcIARIDU1RUGh4SCjIwMjctMDEtMTRqBwgBEgNTVFRyBwgBEgNEU01AAUABQAJAAkACQAJAA0gBcAGYAQE&tfu=EgIIAQ,Checked baggage for a fee; Bag and fare conditions depend on the return flight
2026-09-20T16:44:05Z,dsm-stt-jan-sat-thu,serpapi,DSM,STT,2027-01-09,2027-01-14,6,5715.00,USD,Delta,1,https://www.google.com/travel/flights?hl=en&gl=us&curr=USD&tfs=CBwQAhoeEgoyMDI3LTAxLTA5agcIARIDRFNNcgcIARIDU1RUGh4SCjIwMjctMDEtMTRqBwgBEgNTVFRyBwgBEgNEU01AAUABQAJAAkACQAJAA0gBcAGYAQE&tfu=EgIIAQ,Checked baggage for a fee; Bag and fare conditions depend on the return flight
2026-09-20T16:44:10Z,dsm-stt-jan-sat-thu,serpapi,DSM,STT,2027-01-16,2027-01-21,6,3375.00,USD,American,2,https://www.google.com/travel/flights?hl=en&gl=us&curr=USD&tfs=CBwQAhoeEgoyMDI3LTAxLTE2agcIARIDRFNNcgcIARIDU1RUGh4SCjIwMjctMDEtMjFqBwgBEgNTVFRyBwgBEgNEU01AAUABQAJAAkACQAJAA0gBcAGYAQE&tfu=EgIIAQ,Checked baggage for a fee; Bag and fare conditions depend on the return flight
2026-09-20T16:44:10Z,dsm-stt-jan-sat-thu,serpapi,DSM,STT,2027-01-16,2027-01-21,6,3375.00,USD,American,1,https://www.google.com/travel/flights?hl=en&gl=us&curr=USD&tfs=CBwQAhoeEgoyMDI3LTAxLTE2agcIARIDRFNNcgcIARIDU1RUGh4SCjIwMjctMDEtMjFqBwgBEgNTVFRyBwgBEgNEU01AAUABQAJAAkACQAJAA0gBcAGYAQE&tfu=EgIIAQ,Checked baggage for a fee; Bag and fare conditions depend on the return flight
2026-09-20T16:44:10Z,dsm-stt-jan-sat-thu,serpapi,DSM,STT,2027-01-16,2027-01-21,6,4463.00,USD,United,1,https://www.google.com/travel/flights?hl=en&gl=us&curr=USD&tfs=CBwQAhoeEgoyMDI3LTAxLTE2agcIARIDRFNNcgcIARIDU1RUGh4SCjIwMjctMDEtMjFqBwgBEgNTVFRyBwgBEgNEU01AAUABQAJAAkACQAJAA0gBcAGYAQE&tfu=EgIIAQ,Checked baggage for a fee; Bag and fare conditions depend on the return flight
2026-09-20T16:44:10Z,dsm-stt-jan-sat-thu,serpapi,DSM,STT,2027-01-16,2027-01-21,6,4145.00,USD,United,2,https://www.google.com/travel/flights?hl=en&gl=us&curr=USD&tfs=CBwQAhoeEgoyMDI3LTAxLTE2agcIARIDRFNNcgcIARIDU1RUGh4SCjIwMjctMDEtMjFqBwgBEgNTVFRyBwgBEgNEU01AAUABQAJAAkACQAJAA0gBcAGYAQE&tfu=EgIIAQ,Checked baggage for a fee; Bag and fare conditions depend on the return flight
2026-09-20T16:44:10Z,dsm-stt-jan-sat-thu,serpapi,DSM,STT,2027-01-16,2027-01-21,6,6876.00,USD,United,2,https://www.google.com/travel/flights?hl=en&gl=us&curr=USD&tfs=CBwQAhoeEgoyMDI3LTAxLTE2agcIARIDRFNNcgcIARIDU1RUGh4SCjIwMjctMDEtMjFqBwgBEgNTVFRyBwgBEgNEU01AAUABQAJAAkACQAJAA0gBcAGYAQE&tfu=EgIIAQ,Checked baggage for a fee; Bag and fare conditions depend on the return flight
2026-09-20T16:44:10Z,dsm-stt-jan-sat-thu,serpapi,DSM,STT,2027-01-16,2027-01-21,6,7194.00,USD,Delta,1,https://www.google.com/travel/flights?hl=en&gl=us&curr=USD&tfs=CBwQAhoeEgoyMDI3LTAxLTE2agcIARIDRFNNcgcIARIDU1RUGh4SCjIwMjctMDEtMjFqBwgBEgNTVFRyBwgBEgNEU01AAUABQAJAAkACQAJAA0gBcAGYAQE&tfu=EgIIAQ,Checked baggage for a fee; Bag and fare conditions depend on the return flight
2026-09-20T16:44:17Z,dsm-stt-jan-sat-thu,serpapi,DSM,STT,2027-01-23,2027-01-28,6,3075.00,USD,American,2,https://www.google.com/travel/flights?hl=en&gl=us&curr=USD&tfs=CBwQAhoeEgoyMDI3LTAxLTIzagcIARIDRFNNcgcIARIDU1RUGh4SCjIwMjctMDEtMjhqBwgBEgNTVFRyBwgBEgNEU01AAUABQAJAAkACQAJAA0gBcAGYAQE&tfu=EgIIAQ,Checked baggage for a fee; Bag and fare conditions depend on the return flight
2026-09-20T16:44:17Z,dsm-stt-jan-sat-thu,serpapi,DSM,STT,2027-01-23,2027-01-28,6,3075.00,USD,American,1,https://www.google.com/travel/flights?hl=en&gl=us&curr=USD&tfs=CBwQAhoeEgoyMDI3LTAxLTIzagcIARIDRFNNcgcIARIDU1RUGh4SCjIwMjctMDEtMjhqBwgBEgNTVFRyBwgBEgNEU01AAUABQAJAAkACQAJAA0gBcAGYAQE&tfu=EgIIAQ,Checked baggage for a fee; Bag and fare conditions depend on the return flight
2026-09-20T16:44:17Z,dsm-stt-jan-sat-thu,serpapi,DSM,STT,2027-01-23,2027-01-28,6,5226.00,USD,Delta,1,https://www.google.com/travel/flights?hl=en&gl=us&curr=USD&tfs=CBwQAhoeEgoyMDI3LTAxLTIzagcIARIDRFNNcgcIARIDU1RUGh4SCjIwMjctMDEtMjhqBwgBEgNTVFRyBwgBEgNEU01AAUABQAJAAkACQAJAA0gBcAGYAQE&tfu=EgIIAQ,Checked baggage for a fee; Bag and fare conditions depend on the return flight
2026-09-20T16:44:17Z,dsm-stt-jan-sat-thu,serpapi,DSM,STT,2027-01-23,2027-01-28,6,3833.00,USD,United,2,https://www.google.com/travel/flights?hl=en&gl=us&curr=USD&tfs=CBwQAhoeEgoyMDI3LTAxLTIzagcIARIDRFNNcgcIARIDU1RUGh4SCjIwMjctMDEtMjhqBwgBEgNTVFRyBwgBEgNEU01AAUABQAJAAkACQAJAA0gBcAGYAQE&tfu=EgIIAQ,Checked baggage for a fee; Bag and fare conditions depend on the return flight
2026-09-20T16:44:17Z,dsm-stt-jan-sat-thu,serpapi,DSM,STT,2027-01-23,2027-01-28,6,4625.00,USD,United,1,https://www.google.com/travel/flights?hl=en&gl=us&curr=USD&tfs=CBwQAhoeEgoyMDI3LTAxLTIzagcIARIDRFNNcgcIARIDU1RUGh4SCjIwMjctMDEtMjhqBwgBEgNTVFRyBwgBEgNEU01AAUABQAJAAkACQAJAA0gBcAGYAQE&tfu=EgIIAQ,Checked baggage for a fee; Bag and fare conditions depend on the return flight
2026-09-20T16:44:17Z,dsm-stt-jan-sat-thu,serpapi,DSM,STT,2027-01-23,2027-01-28,6,5451.00,USD,United,2,https://www.google.com/travel/flights?hl=en&gl=us&curr=USD&tfs=CBwQAhoeEgoyMDI3LTAxLTIzagcIARIDRFNNcgcIARIDU1RUGh4SCjIwMjctMDEtMjhqBwgBEgNTVFRyBwgBEgNEU01AAUABQAJAAkACQAJAA0gBcAGYAQE&tfu=EgIIAQ,Checked baggage for a fee; Bag and fare conditions depend on the return flight
2026-09-20T16:44:23Z,dsm-stt-jan-sat-thu,serpapi,DSM,STT,2027-01-30,2027-02-04,6,3075.00,USD,American,2,https://www.google.com/travel/flights?hl=en&gl=us&curr=USD&tfs=CBwQAhoeEgoyMDI3LTAxLTMwagcIARIDRFNNcgcIARIDU1RUGh4SCjIwMjctMDItMDRqBwgBEgNTVFRyBwgBEgNEU01AAUABQAJAAkACQAJAA0gBcAGYAQE&tfu=EgIIAQ,Checked baggage for a fee; Bag and fare conditions depend on the return flight
2026-09-20T16:44:23Z,dsm-stt-jan-sat-thu,serpapi,DSM,STT,2027-01-30,2027-02-04,6,3075.00,USD,American,1,https://www.google.com/travel/flights?hl=en&gl=us&curr=USD&tfs=CBwQAhoeEgoyMDI3LTAxLTMwagcIARIDRFNNcgcIARIDU1RUGh4SCjIwMjctMDItMDRqBwgBEgNTVFRyBwgBEgNEU01AAUABQAJAAkACQAJAA0gBcAGYAQE&tfu=EgIIAQ,Checked baggage for a fee; Bag and fare conditions depend on the return flight
2026-09-20T16:44:23Z,dsm-stt-jan-sat-thu,serpapi,DSM,STT,2027-01-30,2027-02-04,6,4463.00,USD,United,1,https://www.google.com/travel/flights?hl=en&gl=us&curr=USD&tfs=CBwQAhoeEgoyMDI3LTAxLTMwagcIARIDRFNNcgcIARIDU1RUGh4SCjIwMjctMDItMDRqBwgBEgNTVFRyBwgBEgNEU01AAUABQAJAAkACQAJAA0gBcAGYAQE&tfu=EgIIAQ,Checked baggage for a fee; Bag and fare conditions depend on the return flight
2026-09-20T16:44:23Z,dsm-stt-jan-sat-thu,serpapi,DSM,STT,2027-01-30,2027-02-04,6,3894.00,USD,United,2,https://www.google.com/travel/flights?hl=en&gl=us&curr=USD&tfs=CBwQAhoeEgoyMDI3LTAxLTMwagcIARIDRFNNcgcIARIDU1RUGh4SCjIwMjctMDItMDRqBwgBEgNTVFRyBwgBEgNEU01AAUABQAJAAkACQAJAA0gBcAGYAQE&tfu=EgIIAQ,Checked baggage for a fee; Bag and fare conditions depend on the return flight
2026-09-20T16:44:23Z,dsm-stt-jan-sat-thu,serpapi,DSM,STT,2027-01-30,2027-02-04,6,5547.00,USD,American,1,https://www.google.com/travel/flights?hl=en&gl=us&curr=USD&tfs=CBwQAhoeEgoyMDI3LTAxLTMwagcIARIDRFNNcgcIARIDU1RUGh4SCjIwMjctMDItMDRqBwgBEgNTVFRyBwgBEgNEU01AAUABQAJAAkACQAJAA0gBcAGYAQE&tfu=EgIIAQ,Checked baggage for a fee; Bag and fare conditions depend on the return flight
2026-09-20T16:44:23Z,dsm-stt-jan-sat-thu,serpapi,DSM,STT,2027-01-30,2027-02-04,6,6027.00,USD,United,2,https://www.google.com/travel/flights?hl=en&gl=us&curr=USD&tfs=CBwQAhoeEgoyMDI3LTAxLTMwagcIARIDRFNNcgcIARIDU1RUGh4SCjIwMjctMDItMDRqBwgBEgNTVFRyBwgBEgNEU01AAUABQAJAAkACQAJAA0gBcAGYAQE&tfu=EgIIAQ,Checked baggage for a fee; Bag and fare conditions depend on the return flight
2026-09-20T16:44:23Z,dsm-stt-jan-sat-thu,serpapi,DSM,STT,2027-01-30,2027-02-04,6,7131.00,USD,American,1,https://www.google.com/travel/flights?hl=en&gl=us&curr=USD&tfs=CBwQAhoeEgoyMDI3LTAxLTMwagcIARIDRFNNcgcIARIDU1RUGh4SCjIwMjctMDItMDRqBwgBEgNTVFRyBwgBEgNEU01AAUABQAJAAkACQAJAA0gBcAGYAQE&tfu=EgIIAQ,Checked baggage for a fee; Bag and fare conditions depend on the return flight
2026-09-20T16:44:23Z,dsm-stt-jan-sat-thu,serpapi,DSM,STT,2027-01-30,2027-02-04,6,8067.00,USD,Delta,1,https://www.google.com/travel/flights?hl=en&gl=us&curr=USD&tfs=CBwQAhoeEgoyMDI3LTAxLTMwagcIARIDRFNNcgcIARIDU1RUGh4SCjIwMjctMDItMDRqBwgBEgNTVFRyBwgBEgNEU01AAUABQAJAAkACQAJAA0gBcAGYAQE&tfu=EgIIAQ,Checked baggage for a fee; Bag and fare conditions depend on the return flight
2026-09-20T16:44:23Z,dsm-stt-jan-sat-thu,serpapi,DSM,STT,2027-01-30,2027-02-04,6,8961.00,USD,Delta,1,https://www.google.com/travel/flights?hl=en&gl=us&curr=USD&tfs=CBwQAhoeEgoyMDI3LTAxLTMwagcIARIDRFNNcgcIARIDU1RUGh4SCjIwMjctMDItMDRqBwgBEgNTVFRyBwgBEgNEU01AAUABQAJAAkACQAJAA0gBcAGYAQE&tfu=EgIIAQ,Checked baggage for a fee; Bag and fare conditions depend on the return flight
2026-09-23T23:15:03Z,dsm-stt-jan-thursdays,manual,DSM,STT,2027-01-07,2027-01-12,6,3075.00,USD,American,2,,"Checked baggage for a fee; Overnight layover (ORD, MIA)"
2026-09-23T23:15:03Z,dsm-stt-jan-thursdays,manual,DSM,STT,2027-01-07,2027-01-12,6,4383.00,USD,American,1,,Checked baggage for a fee
2026-09-23T23:15:03Z,dsm-stt-jan-thursdays,manual,DSM,STT,2027-01-07,2027-01-12,6,5127.00,USD,United,1,,Carry-on bag not included
2026-09-23T23:15:03Z,dsm-stt-jan-thursdays,manual,DSM,STT,2027-01-14,2027-01-19,6,3525.00,USD,American,2,,"Checked baggage for a fee; Overnight layover (DFW, MIA)"
2026-09-23T23:15:03Z,dsm-stt-jan-thursdays,manual,DSM,STT,2027-01-14,2027-01-19,6,4227.00,USD,United,1,,Carry-on bag not included
2026-09-23T23:15:03Z,dsm-stt-jan-thursdays,manual,DSM,STT,2027-01-14,2027-01-19,6,4833.00,USD,American,1,,Checked baggage for a fee
2026-09-23T23:15:03Z,dsm-stt-jan-thursdays,manual,DSM,STT,2027-01-21,2027-01-26,6,3075.00,USD,American,2,,"Checked baggage for a fee; Overnight layover (DFW, MIA); same price also via ORD, MIA"
2026-09-23T23:15:03Z,dsm-stt-jan-thursdays,manual,DSM,STT,2027-01-21,2027-01-26,6,3723.00,USD,United,1,,Carry-on bag not included; row partly cut off in screenshot
2026-09-23T23:15:03Z,dsm-stt-jan-thursdays,manual,DSM,STT,2027-01-28,2027-02-02,6,3075.00,USD,American,2,,"Checked baggage for a fee; Overnight layover (DFW, MIA)"
2026-09-23T23:15:03Z,dsm-stt-jan-thursdays,manual,DSM,STT,2027-01-28,2027-02-02,6,4005.00,USD,United,1,,Carry-on bag not included
2026-09-23T23:15:03Z,dsm-stt-jan-thursdays,manual,DSM,STT,2027-01-28,2027-02-02,6,4587.00,USD,Delta,1,,Checked baggage for a fee
2026-09-23T23:15:03Z,dsm-stt-apr-may-thursdays,manual,DSM,STT,2027-04-29,2027-05-04,6,3075.00,USD,American,2,,"Checked baggage for a fee; Overnight layover (ORD, CLT)"
2026-09-23T23:15:03Z,dsm-stt-apr-may-thursdays,manual,DSM,STT,2027-04-29,2027-05-04,6,4119.00,USD,American,1,,Checked baggage for a fee
2026-09-23T23:15:03Z,dsm-stt-apr-may-thursdays,manual,DSM,STT,2027-05-13,2027-05-18,6,3075.00,USD,American,2,,"Checked baggage for a fee; Overnight layover (ORD, CLT)"
2026-09-23T23:15:03Z,dsm-stt-apr-may-thursdays,manual,DSM,STT,2027-05-13,2027-05-18,6,3477.00,USD,American,1,,Checked baggage for a fee
2026-09-23T23:15:03Z,dsm-stt-apr-may-thursdays,manual,DSM,STT,2027-05-13,2027-05-18,6,4119.00,USD,Delta,1,,Checked baggage for a fee
2026-09-23T23:22:52Z,dsm-sju-jan-sat-thu,manual,DSM,SJU,2027-01-02,2027-01-07,6,3942.00,USD,American,2,,"Checked baggage for a fee; Overnight layover (ORD, CLT)"
2026-09-23T23:22:52Z,dsm-sju-jan-sat-thu,manual,DSM,SJU,2027-01-02,2027-01-07,6,4332.00,USD,American,1,,Checked baggage for a fee
2026-09-23T23:22:52Z,dsm-sju-jan-sat-thu,manual,DSM,SJU,2027-01-02,2027-01-07,6,4740.00,USD,Southwest,1,,Checked baggage for a fee
2026-09-23T23:22:52Z,dsm-sju-jan-sat-thu,manual,DSM,SJU,2027-01-02,2027-01-07,6,5148.00,USD,United,1,,Carry-on bag not included
2026-09-23T23:22:52Z,dsm-sju-jan-sat-thu,manual,DSM,SJU,2027-01-09,2027-01-14,6,2856.00,USD,American,1,,Checked baggage for a fee; Overnight layover (MIA)
2026-09-23T23:22:52Z,dsm-sju-jan-sat-thu,manual,DSM,SJU,2027-01-09,2027-01-14,6,2976.00,USD,United,1,,Carry-on bag not included
2026-09-23T23:22:52Z,dsm-sju-jan-sat-thu,manual,DSM,SJU,2027-01-09,2027-01-14,6,3246.00,USD,Delta,1,,Checked baggage for a fee
2026-09-23T23:22:52Z,dsm-sju-jan-sat-thu,manual,DSM,SJU,2027-01-09,2027-01-14,6,3366.00,USD,American,1,,Checked baggage for a fee
2026-09-23T23:22:52Z,dsm-sju-jan-sat-thu,manual,DSM,SJU,2027-01-16,2027-01-21,6,2650.00,USD,United,2,,Carry-on bag not included
2026-09-23T23:22:52Z,dsm-sju-jan-sat-thu,manual,DSM,SJU,2027-01-16,2027-01-21,6,2873.00,USD,United,1,,Carry-on bag not included
2026-09-23T23:22:52Z,dsm-sju-jan-sat-thu,manual,DSM,SJU,2027-01-16,2027-01-21,6,2873.00,USD,United,2,,Carry-on bag not included
2026-09-23T23:22:52Z,dsm-sju-jan-sat-thu,manual,DSM,SJU,2027-01-16,2027-01-21,6,2993.00,USD,United,1,,Carry-on bag not included
2026-09-23T23:22:52Z,dsm-sju-jan-sat-thu,manual,DSM,SJU,2027-01-16,2027-01-21,6,3546.00,USD,American,1,,Checked baggage for a fee
2026-09-23T23:22:52Z,dsm-sju-jan-sat-thu,manual,DSM,SJU,2027-01-23,2027-01-28,6,2650.00,USD,United,2,,Carry-on bag not included
2026-09-23T23:22:52Z,dsm-sju-jan-sat-thu,manual,DSM,SJU,2027-01-23,2027-01-28,6,2873.00,USD,United,1,,Carry-on bag not included
2026-09-23T23:22:52Z,dsm-sju-jan-sat-thu,manual,DSM,SJU,2027-01-23,2027-01-28,6,2976.00,USD,American,1,,Checked baggage for a fee
2026-09-23T23:22:52Z,dsm-sju-jan-sat-thu,manual,DSM,SJU,2027-01-23,2027-01-28,6,2976.00,USD,Delta,1,,Checked baggage for a fee
2026-09-23T23:22:52Z,dsm-sju-jan-sat-thu,manual,DSM,SJU,2027-01-30,2027-02-04,6,2753.00,USD,United,2,,Carry-on bag not included
2026-09-23T23:22:52Z,dsm-sju-jan-sat-thu,manual,DSM,SJU,2027-01-30,2027-02-04,6,2976.00,USD,United,1,,Carry-on bag not included
2026-09-23T23:22:52Z,dsm-sju-jan-sat-thu,manual,DSM,SJU,2027-01-30,2027-02-04,6,2976.00,USD,American,1,,Checked baggage for a fee
2026-09-23T23:22:52Z,dsm-sju-jan-sat-thu,manual,DSM,SJU,2027-01-30,2027-02-04,6,3156.00,USD,Southwest,1,,Checked baggage for a fee
2026-09-23T23:22:52Z,dsm-sju-jan-thursdays,manual,DSM,SJU,2027-01-07,2027-01-12,6,3096.00,USD,American,1,,Checked baggage for a fee
2026-09-23T23:22:52Z,dsm-sju-jan-thursdays,manual,DSM,SJU,2027-01-07,2027-01-12,6,3204.00,USD,United,1,,Carry-on bag not included
2026-09-23T23:22:52Z,dsm-sju-jan-thursdays,manual,DSM,SJU,2027-01-14,2027-01-19,6,3594.00,USD,United,1,,Carry-on bag not included
2026-09-23T23:22:52Z,dsm-sju-jan-thursdays,manual,DSM,SJU,2027-01-21,2027-01-26,6,2753.00,USD,United,1,,Carry-on bag not included
2026-09-23T23:22:52Z,dsm-sju-jan-thursdays,manual,DSM,SJU,2027-01-28,2027-02-02,6,2879.00,USD,,,,Google Flights' Cheapest figure; that itinerary was not in the screenshot
2026-09-23T23:22:52Z,dsm-sju-jan-thursdays,manual,DSM,SJU,2027-01-28,2027-02-02,6,2976.00,USD,Delta,1,,Checked baggage for a fee
2026-09-23T23:22:52Z,dsm-sju-apr-may-thursdays,manual,DSM,SJU,2027-04-29,2027-05-04,6,2856.00,USD,American,1,,Checked baggage for a fee; Overnight layover (ORD)
2026-09-23T23:22:52Z,dsm-sju-apr-may-thursdays,manual,DSM,SJU,2027-04-29,2027-05-04,6,2976.00,USD,Delta,1,,Checked baggage for a fee
2026-09-23T23:22:52Z,dsm-sju-apr-may-thursdays,manual,DSM,SJU,2027-04-29,2027-05-04,6,3186.00,USD,Southwest,1,,Checked baggage for a fee
2026-09-23T23:22:52Z,dsm-sju-apr-may-thursdays,manual,DSM,SJU,2027-04-29,2027-05-04,6,3546.00,USD,United,1,,Carry-on bag not included
2026-09-23T23:22:52Z,dsm-sju-apr-may-thursdays,manual,DSM,SJU,2027-05-13,2027-05-18,6,2856.00,USD,American,2,,"Checked baggage for a fee; Overnight layover (ORD, CLT)"
2026-09-23T23:15:03Z,dsm-stt-jan-sat-thu,manual,DSM,STT,2027-01-02,2027-01-07,6,3075.00,USD,American,1,,Checked baggage for a fee; Overnight layover (ORD)
2026-09-23T23:15:03Z,dsm-stt-jan-sat-thu,manual,DSM,STT,2027-01-02,2027-01-07,6,4693.00,USD,United,1,,Carry-on bag not included
2026-09-23T23:15:03Z,dsm-stt-jan-sat-thu,manual,DSM,STT,2027-01-02,2027-01-07,6,5217.00,USD,American,1,,Checked baggage for a fee
2026-09-23T23:15:03Z,dsm-stt-jan-sat-thu,manual,DSM,STT,2027-01-09,2027-01-14,6,3075.00,USD,American,2,,"Checked baggage for a fee; Overnight layover (ORD, MIA)"
2026-09-23T23:15:03Z,dsm-stt-jan-sat-thu,manual,DSM,STT,2027-01-09,2027-01-14,6,3075.00,USD,American,1,,Checked baggage for a fee; Overnight layover (ORD)
2026-09-23T23:15:03Z,dsm-stt-jan-sat-thu,manual,DSM,STT,2027-01-09,2027-01-14,6,5421.00,USD,Delta,1,,Checked baggage for a fee
2026-09-23T23:15:03Z,dsm-stt-jan-sat-thu,manual,DSM,STT,2027-01-16,2027-01-21,6,3375.00,USD,American,2,,"Checked baggage for a fee; Overnight layover (ORD, MIA)"
2026-09-23T23:15:03Z,dsm-stt-jan-sat-thu,manual,DSM,STT,2027-01-16,2027-01-21,6,3375.00,USD,American,1,,Checked baggage for a fee; Overnight layover (ORD)
2026-09-23T23:15:03Z,dsm-stt-jan-sat-thu,manual,DSM,STT,2027-01-16,2027-01-21,6,4463.00,USD,United,1,,Carry-on bag not included; Overnight layover (ORD)
2026-09-23T23:15:03Z,dsm-stt-jan-sat-thu,manual,DSM,STT,2027-01-23,2027-01-28,6,3075.00,USD,American,2,,"Checked baggage for a fee; Overnight layover (ORD, MIA)"
2026-09-23T23:15:03Z,dsm-stt-jan-sat-thu,manual,DSM,STT,2027-01-23,2027-01-28,6,3075.00,USD,American,1,,Checked baggage for a fee; Overnight layover (ORD)
2026-09-23T23:32:40Z,dsm-stt-jan-sat-thu,manual,DSM,STT,2027-01-30,2027-02-04,6,3075.00,USD,American,2,,"Checked baggage for a fee; Overnight layover (ORD, MIA)"
2026-09-26T03:03:00Z,dsm-stt-jan-sat-thu,manual,DSM,STT,2027-01-02,2027-01-07,6,3075.00,USD,American,1,https://www.google.com/travel/flights/search?tfs=CBwQAhoeEgoyMDI3LTAxLTAyagcIARIDRFNNcgcIARIDU1RUGh4SCjIwMjctMDEtMDdqBwgBEgNTVFRyBwgBEgNEU01AAUABQAFAAkACQAJAA0gBcAGCAQsI____________AZgBAQ&hl=en&curr=USD,"Checked baggage for a fee; Overnight layover (ORD); outbound 20:05-15:14+1; read in Chrome by Claude, 6-seat search"
2026-09-26T03:03:00Z,dsm-stt-jan-sat-thu,manual,DSM,STT,2027-01-02,2027-01-07,6,3327.00,USD,American,2,https://www.google.com/travel/flights/search?tfs=CBwQAhoeEgoyMDI3LTAxLTAyagcIARIDRFNNcgcIARIDU1RUGh4SCjIwMjctMDEtMDdqBwgBEgNTVFRyBwgBEgNEU01AAUABQAFAAkACQAJAA0gBcAGCAQsI____________AZgBAQ&hl=en&curr=USD,"Checked baggage for a fee; Overnight layover (ORD, MIA); outbound 20:05-14:13+1; read in Chrome by Claude, 6-seat search"
2026-09-26T03:03:00Z,dsm-stt-jan-sat-thu,manual,DSM,STT,2027-01-02,2027-01-07,6,4251.00,USD,American,1,https://www.google.com/travel/flights/search?tfs=CBwQAhoeEgoyMDI3LTAxLTAyagcIARIDRFNNcgcIARIDU1RUGh4SCjIwMjctMDEtMDdqBwgBEgNTVFRyBwgBEgNEU01AAUABQAFAAkACQAJAA0gBcAGCAQsI____________AZgBAQ&hl=en&curr=USD,"Checked baggage for a fee; Overnight layover (MIA); outbound 16:13-12:17+1; read in Chrome by Claude, 6-seat search"
2026-09-26T03:03:00Z,dsm-stt-jan-sat-thu,manual,DSM,STT,2027-01-09,2027-01-14,6,3075.00,USD,American,1,https://www.google.com/travel/flights/search?tfs=CBwQAhoeEgoyMDI3LTAxLTA5agcIARIDRFNNcgcIARIDU1RUGh4SCjIwMjctMDEtMTRqBwgBEgNTVFRyBwgBEgNEU01AAUABQAFAAkACQAJAA0gBcAGCAQsI____________AZgBAQ&hl=en&curr=USD,"Checked baggage for a fee; Overnight layover (ORD); outbound 19:37-15:10+1; read in Chrome by Claude, 6-seat search"
2026-09-26T03:03:00Z,dsm-stt-jan-sat-thu,manual,DSM,STT,2027-01-09,2027-01-14,6,3075.00,USD,American,2,https://www.google.com/travel/flights/search?tfs=CBwQAhoeEgoyMDI3LTAxLTA5agcIARIDRFNNcgcIARIDU1RUGh4SCjIwMjctMDEtMTRqBwgBEgNTVFRyBwgBEgNEU01AAUABQAFAAkACQAJAA0gBcAGCAQsI____________AZgBAQ&hl=en&curr=USD,"Checked baggage for a fee; Overnight layover (DFW, MIA); outbound 15:31-12:24+1; read in Chrome by Claude, 6-seat search"
2026-09-26T03:03:00Z,dsm-stt-jan-sat-thu,manual,DSM,STT,2027-01-09,2027-01-14,6,3075.00,USD,American,2,https://www.google.com/travel/flights/search?tfs=CBwQAhoeEgoyMDI3LTAxLTA5agcIARIDRFNNcgcIARIDU1RUGh4SCjIwMjctMDEtMTRqBwgBEgNTVFRyBwgBEgNEU01AAUABQAFAAkACQAJAA0gBcAGCAQsI____________AZgBAQ&hl=en&curr=USD,"Checked baggage for a fee; Overnight layover (ORD, MIA); outbound 19:37-14:10+1; read in Chrome by Claude, 6-seat search"
2026-09-26T03:03:00Z,dsm-stt-jan-sat-thu,manual,DSM,STT,2027-01-16,2027-01-21,6,3375.00,USD,American,2,https://www.google.com/travel/flights/search?tfs=CBwQAhoeEgoyMDI3LTAxLTE2agcIARIDRFNNcgcIARIDU1RUGh4SCjIwMjctMDEtMjFqBwgBEgNTVFRyBwgBEgNEU01AAUABQAFAAkACQAJAA0gBcAGCAQsI____________AZgBAQ&hl=en&curr=USD,"Checked baggage for a fee; Overnight layover (ORD, MIA); outbound 19:37-14:10+1; read in Chrome by Claude, 6-seat search"
2026-09-26T03:03:00Z,dsm-stt-jan-sat-thu,manual,DSM,STT,2027-01-16,2027-01-21,6,3375.00,USD,American,1,https://www.google.com/travel/flights/search?tfs=CBwQAhoeEgoyMDI3LTAxLTE2agcIARIDRFNNcgcIARIDU1RUGh4SCjIwMjctMDEtMjFqBwgBEgNTVFRyBwgBEgNEU01AAUABQAFAAkACQAJAA0gBcAGCAQsI____________AZgBAQ&hl=en&curr=USD,"Checked baggage for a fee; Overnight layover (ORD); outbound 19:37-15:10+1; read in Chrome by Claude, 6-seat search"
2026-09-26T03:03:00Z,dsm-stt-jan-sat-thu,manual,DSM,STT,2027-01-16,2027-01-21,6,3375.00,USD,American,2,https://www.google.com/travel/flights/search?tfs=CBwQAhoeEgoyMDI3LTAxLTE2agcIARIDRFNNcgcIARIDU1RUGh4SCjIwMjctMDEtMjFqBwgBEgNTVFRyBwgBEgNEU01AAUABQAFAAkACQAJAA0gBcAGCAQsI____________AZgBAQ&hl=en&curr=USD,"Checked baggage for a fee; Overnight layover (DFW, MIA); outbound 15:31-12:24+1; read in Chrome by Claude, 6-seat search"
2026-09-26T03:03:00Z,dsm-stt-jan-sat-thu,manual,DSM,STT,2027-01-23,2027-01-28,6,3075.00,USD,American,2,https://www.google.com/travel/flights/search?tfs=CBwQAhoeEgoyMDI3LTAxLTIzagcIARIDRFNNcgcIARIDU1RUGh4SCjIwMjctMDEtMjhqBwgBEgNTVFRyBwgBEgNEU01AAUABQAFAAkACQAJAA0gBcAGCAQsI____________AZgBAQ&hl=en&curr=USD,"Checked baggage for a fee; Overnight layover (ORD, MIA); outbound 19:37-14:10+1; read in Chrome by Claude, 6-seat search"
2026-09-26T03:03:00Z,dsm-stt-jan-sat-thu,manual,DSM,STT,2027-01-23,2027-01-28,6,3075.00,USD,American,1,https://www.google.com/travel/flights/search?tfs=CBwQAhoeEgoyMDI3LTAxLTIzagcIARIDRFNNcgcIARIDU1RUGh4SCjIwMjctMDEtMjhqBwgBEgNTVFRyBwgBEgNEU01AAUABQAFAAkACQAJAA0gBcAGCAQsI____________AZgBAQ&hl=en&curr=USD,"Checked baggage for a fee; Overnight layover (ORD); outbound 19:37-15:10+1; read in Chrome by Claude, 6-seat search"
2026-09-26T03:03:00Z,dsm-stt-jan-sat-thu,manual,DSM,STT,2027-01-23,2027-01-28,6,3075.00,USD,American,2,https://www.google.com/travel/flights/search?tfs=CBwQAhoeEgoyMDI3LTAxLTIzagcIARIDRFNNcgcIARIDU1RUGh4SCjIwMjctMDEtMjhqBwgBEgNTVFRyBwgBEgNEU01AAUABQAFAAkACQAJAA0gBcAGCAQsI____________AZgBAQ&hl=en&curr=USD,"Checked baggage for a fee; Overnight layover (DFW, MIA); outbound 15:31-12:24+1; read in Chrome by Claude, 6-seat search"
2026-09-26T03:12:31Z,dsm-stt-jan-sat-thu,manual,DSM,STT,2027-01-30,2027-02-04,6,3075.00,USD,American,2,https://www.google.com/travel/flights/search?tfs=CBwQAhoeEgoyMDI3LTAxLTMwagcIARIDRFNNcgcIARIDU1RUGh4SCjIwMjctMDItMDRqBwgBEgNTVFRyBwgBEgNEU01AAUABQAFAAkACQAJAA0gBcAGCAQsI____________AZgBAQ&hl=en&curr=USD,"Checked baggage for a fee; Overnight layover (ORD, MIA); outbound 19:37-14:10+1; read in Chrome by Claude, 6-seat search"
2026-09-26T03:12:31Z,dsm-stt-jan-sat-thu,manual,DSM,STT,2027-01-30,2027-02-04,6,3075.00,USD,American,1,https://www.google.com/travel/flights/search?tfs=CBwQAhoeEgoyMDI3LTAxLTMwagcIARIDRFNNcgcIARIDU1RUGh4SCjIwMjctMDItMDRqBwgBEgNTVFRyBwgBEgNEU01AAUABQAFAAkACQAJAA0gBcAGCAQsI____________AZgBAQ&hl=en&curr=USD,"Checked baggage for a fee; Overnight layover (ORD); outbound 19:37-15:10+1; read in Chrome by Claude, 6-seat search"
2026-09-26T03:12:31Z,dsm-stt-jan-sat-thu,manual,DSM,STT,2027-01-30,2027-02-04,6,3075.00,USD,American,2,https://www.google.com/travel/flights/search?tfs=CBwQAhoeEgoyMDI3LTAxLTMwagcIARIDRFNNcgcIARIDU1RUGh4SCjIwMjctMDItMDRqBwgBEgNTVFRyBwgBEgNEU01AAUABQAFAAkACQAJAA0gBcAGCAQsI____________AZgBAQ&hl=en&curr=USD,"Checked baggage for a fee; Overnight layover (DFW, MIA); outbound 15:31-12:24+1; read in Chrome by Claude, 6-seat search"
2026-09-26T03:12:31Z,dsm-sju-jan-sat-thu,manual,DSM,SJU,2027-01-02,2027-01-07,6,4332.00,USD,American,1,https://www.google.com/travel/flights/search?tfs=CBwQAhoeEgoyMDI3LTAxLTAyagcIARIDRFNNcgcIARIDU0pVGh4SCjIwMjctMDEtMDdqBwgBEgNTSlVyBwgBEgNEU01AAUABQAFAAkACQAJAA0gBcAGCAQsI____________AZgBAQ&hl=en&curr=USD,"Checked baggage for a fee; Overnight layover (ORD); outbound 20:05-05:36+1; read in Chrome by Claude, 6-seat search"
2026-09-26T03:12:31Z,dsm-sju-jan-sat-thu,manual,DSM,SJU,2027-01-02,2027-01-07,6,4596.00,USD,Southwest,1,https://www.google.com/travel/flights/search?tfs=CBwQAhoeEgoyMDI3LTAxLTAyagcIARIDRFNNcgcIARIDU0pVGh4SCjIwMjctMDEtMDdqBwgBEgNTSlVyBwgBEgNEU01AAUABQAFAAkACQAJAA0gBcAGCAQsI____________AZgBAQ&hl=en&curr=USD,"Checked baggage for a fee; via MDW; outbound 05:20-15:35; read in Chrome by Claude, 6-seat search"
2026-09-26T03:12:31Z,dsm-sju-jan-sat-thu,manual,DSM,SJU,2027-01-02,2027-01-07,6,4824.00,USD,United,1,https://www.google.com/travel/flights/search?tfs=CBwQAhoeEgoyMDI3LTAxLTAyagcIARIDRFNNcgcIARIDU0pVGh4SCjIwMjctMDEtMDdqBwgBEgNTSlVyBwgBEgNEU01AAUABQAFAAkACQAJAA0gBcAGCAQsI____________AZgBAQ&hl=en&curr=USD,"Carry-on bag not included; via ORD; outbound 08:00-21:00; read in Chrome by Claude, 6-seat search"
2026-09-26T03:12:31Z,dsm-sju-jan-sat-thu,manual,DSM,SJU,2027-01-09,2027-01-14,6,2856.00,USD,American,1,https://www.google.com/travel/flights/search?tfs=CBwQAhoeEgoyMDI3LTAxLTA5agcIARIDRFNNcgcIARIDU0pVGh4SCjIwMjctMDEtMTRqBwgBEgNTSlVyBwgBEgNEU01AAUABQAFAAkACQAJAA0gBcAGCAQsI____________AZgBAQ&hl=en&curr=USD,"Checked baggage for a fee; Overnight layover (MIA); outbound 14:15-09:38+1; read in Chrome by Claude, 6-seat search"
2026-09-26T03:12:31Z,dsm-sju-jan-sat-thu,manual,DSM,SJU,2027-01-09,2027-01-14,6,2856.00,USD,American,2,https://www.google.com/travel/flights/search?tfs=CBwQAhoeEgoyMDI3LTAxLTA5agcIARIDRFNNcgcIARIDU0pVGh4SCjIwMjctMDEtMTRqBwgBEgNTSlVyBwgBEgNEU01AAUABQAFAAkACQAJAA0gBcAGCAQsI____________AZgBAQ&hl=en&curr=USD,"Checked baggage for a fee; Overnight layover (DFW, MIA); outbound 15:31-09:38+1; read in Chrome by Claude, 6-seat search"
2026-09-26T03:12:31Z,dsm-sju-jan-sat-thu,manual,DSM,SJU,2027-01-09,2027-01-14,6,2856.00,USD,American,1,https://www.google.com/travel/flights/search?tfs=CBwQAhoeEgoyMDI3LTAxLTA5agcIARIDRFNNcgcIARIDU0pVGh4SCjIwMjctMDEtMTRqBwgBEgNTSlVyBwgBEgNEU01AAUABQAFAAkACQAJAA0gBcAGCAQsI____________AZgBAQ&hl=en&curr=USD,"Checked baggage for a fee; Overnight layover (ORD); outbound 19:37-14:51+1; read in Chrome by Claude, 6-seat search"
2026-09-26T03:12:31Z,dsm-sju-jan-sat-thu,manual,DSM,SJU,2027-01-16,2027-01-21,6,2650.00,USD,United,2,https://www.google.com/travel/flights/search?tfs=CBwQAhoeEgoyMDI3LTAxLTE2agcIARIDRFNNcgcIARIDU0pVGh4SCjIwMjctMDEtMjFqBwgBEgNTSlVyBwgBEgNEU01AAUABQAFAAkACQAJAA0gBcAGCAQsI____________AZgBAQ&hl=en&curr=USD,"Carry-on bag not included; Overnight layover (ORD, EWR); outbound 09:37-00:36+1; read in Chrome by Claude, 6-seat search"
2026-09-26T03:12:31Z,dsm-sju-jan-sat-thu,manual,DSM,SJU,2027-01-16,2027-01-21,6,2873.00,USD,United,1,https://www.google.com/travel/flights/search?tfs=CBwQAhoeEgoyMDI3LTAxLTE2agcIARIDRFNNcgcIARIDU0pVGh4SCjIwMjctMDEtMjFqBwgBEgNTSlVyBwgBEgNEU01AAUABQAFAAkACQAJAA0gBcAGCAQsI____________AZgBAQ&hl=en&curr=USD,"Carry-on bag not included; via ORD; outbound 09:37-21:00; read in Chrome by Claude, 6-seat search"
2026-09-26T03:12:31Z,dsm-sju-jan-sat-thu,manual,DSM,SJU,2027-01-16,2027-01-21,6,2873.00,USD,United,2,https://www.google.com/travel/flights/search?tfs=CBwQAhoeEgoyMDI3LTAxLTE2agcIARIDRFNNcgcIARIDU0pVGh4SCjIwMjctMDEtMjFqBwgBEgNTSlVyBwgBEgNEU01AAUABQAFAAkACQAJAA0gBcAGCAQsI____________AZgBAQ&hl=en&curr=USD,"Carry-on bag not included; Overnight layover (ORD, EWR); outbound 13:02-00:36+1; read in Chrome by Claude, 6-seat search"
2026-09-26T03:12:31Z,dsm-sju-jan-sat-thu,manual,DSM,SJU,2027-01-23,2027-01-28,6,2650.00,USD,United,2,https://www.google.com/travel/flights/search?tfs=CBwQAhoeEgoyMDI3LTAxLTIzagcIARIDRFNNcgcIARIDU0pVGh4SCjIwMjctMDEtMjhqBwgBEgNTSlVyBwgBEgNEU01AAUABQAFAAkACQAJAA0gBcAGCAQsI____________AZgBAQ&hl=en&curr=USD,"Carry-on bag not included; Overnight layover (ORD, EWR); outbound 09:37-00:36+1; read in Chrome by Claude, 6-seat search"
2026-09-26T03:12:31Z,dsm-sju-jan-sat-thu,manual,DSM,SJU,2027-01-23,2027-01-28,6,2650.00,USD,United,2,https://www.google.com/travel/flights/search?tfs=CBwQAhoeEgoyMDI3LTAxLTIzagcIARIDRFNNcgcIARIDU0pVGh4SCjIwMjctMDEtMjhqBwgBEgNTSlVyBwgBEgNEU01AAUABQAFAAkACQAJAA0gBcAGCAQsI____________AZgBAQ&hl=en&curr=USD,"Carry-on bag not included; Overnight layover (ORD, IAH); outbound 13:02-06:15+1; read in Chrome by Claude, 6-seat search"
2026-09-26T03:12:31Z,dsm-sju-jan-sat-thu,manual,DSM,SJU,2027-01-23,2027-01-28,6,2856.00,USD,American,2,https://www.google.com/travel/flights/search?tfs=CBwQAhoeEgoyMDI3LTAxLTIzagcIARIDRFNNcgcIARIDU0pVGh4SCjIwMjctMDEtMjhqBwgBEgNTSlVyBwgBEgNEU01AAUABQAFAAkACQAJAA0gBcAGCAQsI____________AZgBAQ&hl=en&curr=USD,"Checked baggage for a fee; Overnight layover (DFW, MIA); outbound 15:31-09:38+1; read in Chrome by Claude, 6-seat search"
2026-09-26T03:14:28Z,dsm-sju-jan-sat-thu,manual,DSM,SJU,2027-01-30,2027-02-04,6,2650.00,USD,United,2,https://www.google.com/travel/flights/search?tfs=CBwQAhoeEgoyMDI3LTAxLTMwagcIARIDRFNNcgcIARIDU0pVGh4SCjIwMjctMDItMDRqBwgBEgNTSlVyBwgBEgNEU01AAUABQAFAAkACQAJAA0gBcAGCAQsI____________AZgBAQ&hl=en&curr=USD,"Carry-on bag not included; Overnight layover (ORD, EWR); outbound 09:37-00:36+1; read in Chrome by Claude, 6-seat search"
2026-09-26T03:14:28Z,dsm-sju-jan-sat-thu,manual,DSM,SJU,2027-01-30,2027-02-04,6,2650.00,USD,United,2,https://www.google.com/travel/flights/search?tfs=CBwQAhoeEgoyMDI3LTAxLTMwagcIARIDRFNNcgcIARIDU0pVGh4SCjIwMjctMDItMDRqBwgBEgNTSlVyBwgBEgNEU01AAUABQAFAAkACQAJAA0gBcAGCAQsI____________AZgBAQ&hl=en&curr=USD,"Carry-on bag not included; Overnight layover (ORD, IAH); outbound 13:02-06:15+1; read in Chrome by Claude, 6-seat search"
2026-09-26T03:14:28Z,dsm-sju-jan-sat-thu,manual,DSM,SJU,2027-01-30,2027-02-04,6,2856.00,USD,American,1,https://www.google.com/travel/flights/search?tfs=CBwQAhoeEgoyMDI3LTAxLTMwagcIARIDRFNNcgcIARIDU0pVGh4SCjIwMjctMDItMDRqBwgBEgNTSlVyBwgBEgNEU01AAUABQAFAAkACQAJAA0gBcAGCAQsI____________AZgBAQ&hl=en&curr=USD,"Checked baggage for a fee; Overnight layover (MIA); outbound 14:15-09:38+1; read in Chrome by Claude, 6-seat search"
2026-09-26T03:14:28Z,dsm-stt-jan-thursdays,manual,DSM,STT,2027-01-07,2027-01-12,6,3075.00,USD,American,2,https://www.google.com/travel/flights/search?tfs=CBwQAhoeEgoyMDI3LTAxLTA3agcIARIDRFNNcgcIARIDU1RUGh4SCjIwMjctMDEtMTJqBwgBEgNTVFRyBwgBEgNEU01AAUABQAFAAkACQAJAA0gBcAGCAQsI____________AZgBAQ&hl=en&curr=USD,"Checked baggage for a fee; Overnight layover (ORD, MIA); outbound 19:57-16:14+1; read in Chrome by Claude, 6-seat search"
2026-09-26T03:14:28Z,dsm-stt-jan-thursdays,manual,DSM,STT,2027-01-07,2027-01-12,6,3075.00,USD,American,2,https://www.google.com/travel/flights/search?tfs=CBwQAhoeEgoyMDI3LTAxLTA3agcIARIDRFNNcgcIARIDU1RUGh4SCjIwMjctMDEtMTJqBwgBEgNTVFRyBwgBEgNEU01AAUABQAFAAkACQAJAA0gBcAGCAQsI____________AZgBAQ&hl=en&curr=USD,"Checked baggage for a fee; Overnight layover (DFW, MIA); outbound 15:31-12:24+1; read in Chrome by Claude, 6-seat search"
2026-09-26T03:14:28Z,dsm-stt-jan-thursdays,manual,DSM,STT,2027-01-07,2027-01-12,6,3075.00,USD,American,2,https://www.google.com/travel/flights/search?tfs=CBwQAhoeEgoyMDI3LTAxLTA3agcIARIDRFNNcgcIARIDU1RUGh4SCjIwMjctMDEtMTJqBwgBEgNTVFRyBwgBEgNEU01AAUABQAFAAkACQAJAA0gBcAGCAQsI____________AZgBAQ&hl=en&curr=USD,"Checked baggage for a fee; Overnight layover (DFW, CLT); outbound 18:14-15:40+1; read in Chrome by Claude, 6-seat search"
2026-09-26T03:14:28Z,dsm-stt-jan-thursdays,manual,DSM,STT,2027-01-14,2027-01-19,6,3777.00,USD,American,2,https://www.google.com/travel/flights/search?tfs=CBwQAhoeEgoyMDI3LTAxLTE0agcIARIDRFNNcgcIARIDU1RUGh4SCjIwMjctMDEtMTlqBwgBEgNTVFRyBwgBEgNEU01AAUABQAFAAkACQAJAA0gBcAGCAQsI____________AZgBAQ&hl=en&curr=USD,"Checked baggage for a fee; Overnight layover (DFW, MIA); outbound 18:14-14:10+1; read in Chrome by Claude, 6-seat search"
2026-09-26T03:14:28Z,dsm-stt-jan-thursdays,manual,DSM,STT,2027-01-14,2027-01-19,6,3927.00,USD,American,2,https://www.google.com/travel/flights/search?tfs=CBwQAhoeEgoyMDI3LTAxLTE0agcIARIDRFNNcgcIARIDU1RUGh4SCjIwMjctMDEtMTlqBwgBEgNTVFRyBwgBEgNEU01AAUABQAFAAkACQAJAA0gBcAGCAQsI____________AZgBAQ&hl=en&curr=USD,"Checked baggage for a fee; Overnight layover (DFW, MIA); outbound 15:31-12:24+1; read in Chrome by Claude, 6-seat search"
2026-09-26T03:14:28Z,dsm-stt-jan-thursdays,manual,DSM,STT,2027-01-14,2027-01-19,6,4047.00,USD,American,2,https://www.google.com/travel/flights/search?tfs=CBwQAhoeEgoyMDI3LTAxLTE0agcIARIDRFNNcgcIARIDU1RUGh4SCjIwMjctMDEtMTlqBwgBEgNTVFRyBwgBEgNEU01AAUABQAFAAkACQAJAA0gBcAGCAQsI____________AZgBAQ&hl=en&curr=USD,"Checked baggage for a fee; Overnight layover (ORD, MIA); outbound 19:57-16:14+1; read in Chrome by Claude, 6-seat search"
2026-09-26T03:14:28Z,dsm-stt-jan-thursdays,manual,DSM,STT,2027-01-21,2027-01-26,6,3075.00,USD,American,2,https://www.google.com/travel/flights/search?tfs=CBwQAhoeEgoyMDI3LTAxLTIxagcIARIDRFNNcgcIARIDU1RUGh4SCjIwMjctMDEtMjZqBwgBEgNTVFRyBwgBEgNEU01AAUABQAFAAkACQAJAA0gBcAGCAQsI____________AZgBAQ&hl=en&curr=USD,"Checked baggage for a fee; Overnight layover (DFW, MIA); outbound 15:31-12:24+1; read in Chrome by Claude, 6-seat search"
2026-09-26T03:14:28Z,dsm-stt-jan-thursdays,manual,DSM,STT,2027-01-21,2027-01-26,6,3075.00,USD,American,2,https://www.google.com/travel/flights/search?tfs=CBwQAhoeEgoyMDI3LTAxLTIxagcIARIDRFNNcgcIARIDU1RUGh4SCjIwMjctMDEtMjZqBwgBEgNTVFRyBwgBEgNEU01AAUABQAFAAkACQAJAA0gBcAGCAQsI____________AZgBAQ&hl=en&curr=USD,"Checked baggage for a fee; Overnight layover (DFW, MIA); outbound 18:14-14:10+1; read in Chrome by Claude, 6-seat search"
2026-09-26T03:14:28Z,dsm-stt-jan-thursdays,manual,DSM,STT,2027-01-21,2027-01-26,6,3075.00,USD,American,2,https://www.google.com/travel/flights/search?tfs=CBwQAhoeEgoyMDI3LTAxLTIxagcIARIDRFNNcgcIARIDU1RUGh4SCjIwMjctMDEtMjZqBwgBEgNTVFRyBwgBEgNEU01AAUABQAFAAkACQAJAA0gBcAGCAQsI____________AZgBAQ&hl=en&curr=USD,"Checked baggage for a fee; Overnight layover (ORD, MIA); outbound 19:57-16:14+1; read in Chrome by Claude, 6-seat search"
2026-09-26T03:14:28Z,dsm-stt-jan-thursdays,manual,DSM,STT,2027-01-28,2027-02-02,6,3075.00,USD,American,2,https://www.google.com/travel/flights/search?tfs=CBwQAhoeEgoyMDI3LTAxLTI4agcIARIDRFNNcgcIARIDU1RUGh4SCjIwMjctMDItMDJqBwgBEgNTVFRyBwgBEgNEU01AAUABQAFAAkACQAJAA0gBcAGCAQsI____________AZgBAQ&hl=en&curr=USD,"Checked baggage for a fee; Overnight layover (DFW, MIA); outbound 18:14-14:10+1; read in Chrome by Claude, 6-seat search"
2026-09-26T03:14:28Z,dsm-stt-jan-thursdays,manual,DSM,STT,2027-01-28,2027-02-02,6,3075.00,USD,American,2,https://www.google.com/travel/flights/search?tfs=CBwQAhoeEgoyMDI3LTAxLTI4agcIARIDRFNNcgcIARIDU1RUGh4SCjIwMjctMDItMDJqBwgBEgNTVFRyBwgBEgNEU01AAUABQAFAAkACQAJAA0gBcAGCAQsI____________AZgBAQ&hl=en&curr=USD,"Checked baggage for a fee; Overnight layover (ORD, MIA); outbound 14:39-12:24+1; read in Chrome by Claude, 6-seat search"
2026-09-26T03:14:28Z,dsm-stt-jan-thursdays,manual,DSM,STT,2027-01-28,2027-02-02,6,3075.00,USD,American,2,https://www.google.com/travel/flights/search?tfs=CBwQAhoeEgoyMDI3LTAxLTI4agcIARIDRFNNcgcIARIDU1RUGh4SCjIwMjctMDItMDJqBwgBEgNTVFRyBwgBEgNEU01AAUABQAFAAkACQAJAA0gBcAGCAQsI____________AZgBAQ&hl=en&curr=USD,"Checked baggage for a fee; Overnight layover (ORD, MIA); outbound 19:57-16:14+1; read in Chrome by Claude, 6-seat search"
2026-09-26T03:17:19Z,dsm-sju-jan-thursdays,manual,DSM,SJU,2027-01-07,2027-01-12,6,2856.00,USD,American,2,https://www.google.com/travel/flights/search?tfs=CBwQAhoeEgoyMDI3LTAxLTA3agcIARIDRFNNcgcIARIDU0pVGh4SCjIwMjctMDEtMTJqBwgBEgNTSlVyBwgBEgNEU01AAUABQAFAAkACQAJAA0gBcAGCAQsI____________AZgBAQ&hl=en&curr=USD,"Checked baggage for a fee; Overnight layover (ORD, MIA); outbound 14:39-09:38+1; read in Chrome by Claude, 6-seat search"
2026-09-26T03:17:19Z,dsm-sju-jan-thursdays,manual,DSM,SJU,2027-01-07,2027-01-12,6,3204.00,USD,United,1,https://www.google.com/travel/flights/search?tfs=CBwQAhoeEgoyMDI3LTAxLTA3agcIARIDRFNNcgcIARIDU0pVGh4SCjIwMjctMDEtMTJqBwgBEgNTSlVyBwgBEgNEU01AAUABQAFAAkACQAJAA0gBcAGCAQsI____________AZgBAQ&hl=en&curr=USD,"Carry-on bag not included; via ORD; outbound 09:37-21:00; read in Chrome by Claude, 6-seat search"
2026-09-26T03:17:19Z,dsm-sju-jan-thursdays,manual,DSM,SJU,2027-01-07,2027-01-12,6,3252.00,USD,American,1,https://www.google.com/travel/flights/search?tfs=CBwQAhoeEgoyMDI3LTAxLTA3agcIARIDRFNNcgcIARIDU0pVGh4SCjIwMjctMDEtMTJqBwgBEgNTSlVyBwgBEgNEU01AAUABQAFAAkACQAJAA0gBcAGCAQsI____________AZgBAQ&hl=en&curr=USD,"Checked baggage for a fee; via CLT; outbound 08:07-16:57; read in Chrome by Claude, 6-seat search"
2026-09-26T03:17:19Z,dsm-sju-jan-thursdays,manual,DSM,SJU,2027-01-14,2027-01-19,6,3306.00,USD,American,2,https://www.google.com/travel/flights/search?tfs=CBwQAhoeEgoyMDI3LTAxLTE0agcIARIDRFNNcgcIARIDU0pVGh4SCjIwMjctMDEtMTlqBwgBEgNTSlVyBwgBEgNEU01AAUABQAFAAkACQAJAA0gBcAGCAQsI____________AZgBAQ&hl=en&curr=USD,"Checked baggage for a fee; Overnight layover (DFW, MIA); outbound 15:31-09:38+1; read in Chrome by Claude, 6-seat search"
2026-09-26T03:17:19Z,dsm-sju-jan-thursdays,manual,DSM,SJU,2027-01-14,2027-01-19,6,3426.00,USD,United,1,https://www.google.com/travel/flights/search?tfs=CBwQAhoeEgoyMDI3LTAxLTE0agcIARIDRFNNcgcIARIDU0pVGh4SCjIwMjctMDEtMTlqBwgBEgNTSlVyBwgBEgNEU01AAUABQAFAAkACQAJAA0gBcAGCAQsI____________AZgBAQ&hl=en&curr=USD,"Carry-on bag not included; via ORD; outbound 09:37-21:00; read in Chrome by Claude, 6-seat search"
2026-09-26T03:17:19Z,dsm-sju-jan-thursdays,manual,DSM,SJU,2027-01-14,2027-01-19,6,4068.00,USD,American,1,https://www.google.com/travel/flights/search?tfs=CBwQAhoeEgoyMDI3LTAxLTE0agcIARIDRFNNcgcIARIDU0pVGh4SCjIwMjctMDEtMTlqBwgBEgNTSlVyBwgBEgNEU01AAUABQAFAAkACQAJAA0gBcAGCAQsI____________AZgBAQ&hl=en&curr=USD,"Checked baggage for a fee; via ORD; outbound 10:26-23:41; read in Chrome by Claude, 6-seat search"
2026-09-26T03:17:19Z,dsm-sju-jan-thursdays,manual,DSM,SJU,2027-01-21,2027-01-26,6,2753.00,USD,United,1,https://www.google.com/travel/flights/search?tfs=CBwQAhoeEgoyMDI3LTAxLTIxagcIARIDRFNNcgcIARIDU0pVGh4SCjIwMjctMDEtMjZqBwgBEgNTSlVyBwgBEgNEU01AAUABQAFAAkACQAJAA0gBcAGCAQsI____________AZgBAQ&hl=en&curr=USD,"Carry-on bag not included; via ORD; outbound 09:37-21:00; read in Chrome by Claude, 6-seat search"
2026-09-26T03:17:19Z,dsm-sju-jan-thursdays,manual,DSM,SJU,2027-01-21,2027-01-26,6,2856.00,USD,American,2,https://www.google.com/travel/flights/search?tfs=CBwQAhoeEgoyMDI3LTAxLTIxagcIARIDRFNNcgcIARIDU0pVGh4SCjIwMjctMDEtMjZqBwgBEgNTSlVyBwgBEgNEU01AAUABQAFAAkACQAJAA0gBcAGCAQsI____________AZgBAQ&hl=en&curr=USD,"Checked baggage for a fee; via DCA, MIA; outbound 06:00-21:30; read in Chrome by Claude, 6-seat search"
2026-09-26T03:17:19Z,dsm-sju-jan-thursdays,manual,DSM,SJU,2027-01-21,2027-01-26,6,2856.00,USD,American,1,https://www.google.com/travel/flights/search?tfs=CBwQAhoeEgoyMDI3LTAxLTIxagcIARIDRFNNcgcIARIDU0pVGh4SCjIwMjctMDEtMjZqBwgBEgNTSlVyBwgBEgNEU01AAUABQAFAAkACQAJAA0gBcAGCAQsI____________AZgBAQ&hl=en&curr=USD,"Checked baggage for a fee; via ORD; outbound 07:36-23:41; read in Chrome by Claude, 6-seat search"
2026-09-26T03:18:29Z,dsm-sju-jan-thursdays,manual,DSM,SJU,2027-01-28,2027-02-02,6,2753.00,USD,United,2,https://www.google.com/travel/flights/search?tfs=CBwQAhoeEgoyMDI3LTAxLTI4agcIARIDRFNNcgcIARIDU0pVGh4SCjIwMjctMDItMDJqBwgBEgNTSlVyBwgBEgNEU01AAUABQAFAAkACQAJAA0gBcAGCAQsI____________AZgBAQ&hl=en&curr=USD,"Carry-on bag not included; Overnight layover (ORD, EWR); outbound 09:37-00:36+1; read in Chrome by Claude, 6-seat search"
2026-09-26T03:18:29Z,dsm-sju-jan-thursdays,manual,DSM,SJU,2027-01-28,2027-02-02,6,2856.00,USD,American,2,https://www.google.com/travel/flights/search?tfs=CBwQAhoeEgoyMDI3LTAxLTI4agcIARIDRFNNcgcIARIDU0pVGh4SCjIwMjctMDItMDJqBwgBEgNTSlVyBwgBEgNEU01AAUABQAFAAkACQAJAA0gBcAGCAQsI____________AZgBAQ&hl=en&curr=USD,"Checked baggage for a fee; via DCA, MIA; outbound 06:00-22:39; read in Chrome by Claude, 6-seat search"
2026-09-26T03:18:29Z,dsm-sju-jan-thursdays,manual,DSM,SJU,2027-01-28,2027-02-02,6,2904.00,USD,Southwest,2,https://www.google.com/travel/flights/search?tfs=CBwQAhoeEgoyMDI3LTAxLTI4agcIARIDRFNNcgcIARIDU0pVGh4SCjIwMjctMDItMDJqBwgBEgNTSlVyBwgBEgNEU01AAUABQAFAAkACQAJAA0gBcAGCAQsI____________AZgBAQ&hl=en&curr=USD,"Checked baggage for a fee; via DEN, TPA; outbound 06:55-22:00; read in Chrome by Claude, 6-seat search"
2026-09-26T03:19:29Z,dsm-stt-apr-may-thursdays,manual,DSM,STT,2027-04-29,2027-05-04,6,3075.00,USD,American,2,https://www.google.com/travel/flights/search?tfs=CBwQAhoeEgoyMDI3LTA0LTI5agcIARIDRFNNcgcIARIDU1RUGh4SCjIwMjctMDUtMDRqBwgBEgNTVFRyBwgBEgNEU01AAUABQAFAAkACQAJAA0gBcAGCAQsI____________AZgBAQ&hl=en&curr=USD,"Checked baggage for a fee; Overnight layover (ORD, CLT); outbound 20:03-14:49+1; read in Chrome by Claude, 6-seat search"
2026-09-26T03:19:29Z,dsm-stt-apr-may-thursdays,manual,DSM,STT,2027-04-29,2027-05-04,6,3075.00,USD,American,2,https://www.google.com/travel/flights/search?tfs=CBwQAhoeEgoyMDI3LTA0LTI5agcIARIDRFNNcgcIARIDU1RUGh4SCjIwMjctMDUtMDRqBwgBEgNTVFRyBwgBEgNEU01AAUABQAFAAkACQAJAA0gBcAGCAQsI____________AZgBAQ&hl=en&curr=USD,"Checked baggage for a fee; Overnight layover (CLT, MIA); outbound 14:02-11:35+1; read in Chrome by Claude, 6-seat search"
2026-09-26T03:19:29Z,dsm-stt-apr-may-thursdays,manual,DSM,STT,2027-04-29,2027-05-04,6,3327.00,USD,American,2,https://www.google.com/travel/flights/search?tfs=CBwQAhoeEgoyMDI3LTA0LTI5agcIARIDRFNNcgcIARIDU1RUGh4SCjIwMjctMDUtMDRqBwgBEgNTVFRyBwgBEgNEU01AAUABQAFAAkACQAJAA0gBcAGCAQsI____________AZgBAQ&hl=en&curr=USD,"Checked baggage for a fee; Overnight layover (ORD, CLT); outbound 08:56-10:47+1; read in Chrome by Claude, 6-seat search"
2026-09-26T03:18:29Z,dsm-stt-apr-may-thursdays,manual,DSM,STT,2027-05-13,2027-05-18,6,3075.00,USD,American,2,https://www.google.com/travel/flights/search?tfs=CBwQAhoeEgoyMDI3LTA1LTEzagcIARIDRFNNcgcIARIDU1RUGh4SCjIwMjctMDUtMThqBwgBEgNTVFRyBwgBEgNEU01AAUABQAFAAkACQAJAA0gBcAGCAQsI____________AZgBAQ&hl=en&curr=USD,"Checked baggage for a fee; Overnight layover (ORD, CLT); outbound 20:02-14:49+1; read in Chrome by Claude, 6-seat search"
2026-09-26T03:18:29Z,dsm-stt-apr-may-thursdays,manual,DSM,STT,2027-05-13,2027-05-18,6,3075.00,USD,American,2,https://www.google.com/travel/flights/search?tfs=CBwQAhoeEgoyMDI3LTA1LTEzagcIARIDRFNNcgcIARIDU1RUGh4SCjIwMjctMDUtMThqBwgBEgNTVFRyBwgBEgNEU01AAUABQAFAAkACQAJAA0gBcAGCAQsI____________AZgBAQ&hl=en&curr=USD,"Checked baggage for a fee; Overnight layover (CLT, MIA); outbound 14:02-11:35+1; read in Chrome by Claude, 6-seat search"
2026-09-26T03:18:29Z,dsm-stt-apr-may-thursdays,manual,DSM,STT,2027-05-13,2027-05-18,6,3195.00,USD,American,2,https://www.google.com/travel/flights/search?tfs=CBwQAhoeEgoyMDI3LTA1LTEzagcIARIDRFNNcgcIARIDU1RUGh4SCjIwMjctMDUtMThqBwgBEgNTVFRyBwgBEgNEU01AAUABQAFAAkACQAJAA0gBcAGCAQsI____________AZgBAQ&hl=en&curr=USD,"Checked baggage for a fee; Overnight layover (DFW, MIA); outbound 15:20-13:05+1; read in Chrome by Claude, 6-seat search"
2026-09-26T03:19:29Z,dsm-sju-apr-may-thursdays,manual,DSM,SJU,2027-04-29,2027-05-04,6,2856.00,USD,American,1,https://www.google.com/travel/flights/search?tfs=CBwQAhoeEgoyMDI3LTA0LTI5agcIARIDRFNNcgcIARIDU0pVGh4SCjIwMjctMDUtMDRqBwgBEgNTSlVyBwgBEgNEU01AAUABQAFAAkACQAJAA0gBcAGCAQsI____________AZgBAQ&hl=en&curr=USD,"Checked baggage for a fee; Overnight layover (ORD); outbound 20:03-14:20+1; read in Chrome by Claude, 6-seat search"
2026-09-26T03:19:29Z,dsm-sju-apr-may-thursdays,manual,DSM,SJU,2027-04-29,2027-05-04,6,2946.00,USD,Southwest,2,https://www.google.com/travel/flights/search?tfs=CBwQAhoeEgoyMDI3LTA0LTI5agcIARIDRFNNcgcIARIDU0pVGh4SCjIwMjctMDUtMDRqBwgBEgNTSlVyBwgBEgNEU01AAUABQAFAAkACQAJAA0gBcAGCAQsI____________AZgBAQ&hl=en&curr=USD,"Checked baggage for a fee; Overnight layover (DEN, MCO); outbound 18:55-09:20+1; read in Chrome by Claude, 6-seat search"
2026-09-26T03:19:29Z,dsm-sju-apr-may-thursdays,manual,DSM,SJU,2027-04-29,2027-05-04,6,2976.00,USD,Delta,1,https://www.google.com/travel/flights/search?tfs=CBwQAhoeEgoyMDI3LTA0LTI5agcIARIDRFNNcgcIARIDU0pVGh4SCjIwMjctMDUtMDRqBwgBEgNTSlVyBwgBEgNEU01AAUABQAFAAkACQAJAA0gBcAGCAQsI____________AZgBAQ&hl=en&curr=USD,"Checked baggage for a fee; via ATL; outbound 11:04-20:20; read in Chrome by Claude, 6-seat search"
2026-09-26T03:19:29Z,dsm-sju-apr-may-thursdays,manual,DSM,SJU,2027-05-13,2027-05-18,6,2946.00,USD,Southwest,2,https://www.google.com/travel/flights/search?tfs=CBwQAhoeEgoyMDI3LTA1LTEzagcIARIDRFNNcgcIARIDU0pVGh4SCjIwMjctMDUtMThqBwgBEgNTSlVyBwgBEgNEU01AAUABQAFAAkACQAJAA0gBcAGCAQsI____________AZgBAQ&hl=en&curr=USD,"Checked baggage for a fee; via DEN, TPA; outbound 06:45-22:10; read in Chrome by Claude, 6-seat search"
2026-09-26T03:19:29Z,dsm-sju-apr-may-thursdays,manual,DSM,SJU,2027-05-13,2027-05-18,6,3096.00,USD,American,2,https://www.google.com/travel/flights/search?tfs=CBwQAhoeEgoyMDI3LTA1LTEzagcIARIDRFNNcgcIARIDU0pVGh4SCjIwMjctMDUtMThqBwgBEgNTSlVyBwgBEgNEU01AAUABQAFAAkACQAJAA0gBcAGCAQsI____________AZgBAQ&hl=en&curr=USD,"Checked baggage for a fee; Overnight layover (ORD, CLT); outbound 20:02-15:35+1; read in Chrome by Claude, 6-seat search"
2026-09-26T03:19:29Z,dsm-sju-apr-may-thursdays,manual,DSM,SJU,2027-05-13,2027-05-18,6,3252.00,USD,American,1,https://www.google.com/travel/flights/search?tfs=CBwQAhoeEgoyMDI3LTA1LTEzagcIARIDRFNNcgcIARIDU0pVGh4SCjIwMjctMDUtMThqBwgBEgNTSlVyBwgBEgNEU01AAUABQAFAAkACQAJAA0gBcAGCAQsI____________AZgBAQ&hl=en&curr=USD,"Checked baggage for a fee; via CLT; outbound 07:05-20:51; read in Chrome by Claude, 6-seat search"
2026-09-26T03:20:44Z,ord-sju-jan-sat-thu,manual,ORD,SJU,2027-01-02,2027-01-07,6,2647.00,USD,Frontier,0,https://www.google.com/travel/flights/search?tfs=CBwQAhoeEgoyMDI3LTAxLTAyagcIARIDT1JEcgcIARIDU0pVGh4SCjIwMjctMDEtMDdqBwgBEgNTSlVyBwgBEgNPUkRAAUABQAFAAkACQAJAA0gBcAGCAQsI____________AZgBAQ&hl=en&curr=USD,"Carry-on bag not included; nonstop, arrives next day; outbound 23:50-06:36+1; read in Chrome by Claude, 6-seat search"
2026-09-26T03:20:44Z,ord-sju-jan-sat-thu,manual,ORD,SJU,2027-01-02,2027-01-07,6,2994.00,USD,American,1,https://www.google.com/travel/flights/search?tfs=CBwQAhoeEgoyMDI3LTAxLTAyagcIARIDT1JEcgcIARIDU0pVGh4SCjIwMjctMDEtMDdqBwgBEgNTSlVyBwgBEgNPUkRAAUABQAFAAkACQAJAA0gBcAGCAQsI____________AZgBAQ&hl=en&curr=USD,"Checked baggage for a fee; via PHL; outbound 09:45-23:07; read in Chrome by Claude, 6-seat search"
2026-09-26T03:20:44Z,ord-sju-jan-sat-thu,manual,ORD,SJU,2027-01-02,2027-01-07,6,3163.00,USD,Frontier,1,https://www.google.com/travel/flights/search?tfs=CBwQAhoeEgoyMDI3LTAxLTAyagcIARIDT1JEcgcIARIDU0pVGh4SCjIwMjctMDEtMDdqBwgBEgNTSlVyBwgBEgNPUkRAAUABQAFAAkACQAJAA0gBcAGCAQsI____________AZgBAQ&hl=en&curr=USD,"Carry-on bag not included; via FLL; outbound 05:00-14:02; read in Chrome by Claude, 6-seat search"
2026-09-26T03:20:44Z,ord-sju-jan-sat-thu,manual,ORD,SJU,2027-01-16,2027-01-21,6,1473.00,USD,United,1,https://www.google.com/travel/flights/search?tfs=CBwQAhoeEgoyMDI3LTAxLTE2agcIARIDT1JEcgcIARIDU0pVGh4SCjIwMjctMDEtMjFqBwgBEgNTSlVyBwgBEgNPUkRAAUABQAFAAkACQAJAA0gBcAGCAQsI____________AZgBAQ&hl=en&curr=USD,"Carry-on bag not included; Overnight layover (EWR); outbound 15:29-00:36+1; read in Chrome by Claude, 6-seat search"
2026-09-26T03:20:44Z,ord-sju-jan-sat-thu,manual,ORD,SJU,2027-01-16,2027-01-21,6,1639.00,USD,Frontier,0,https://www.google.com/travel/flights/search?tfs=CBwQAhoeEgoyMDI3LTAxLTE2agcIARIDT1JEcgcIARIDU0pVGh4SCjIwMjctMDEtMjFqBwgBEgNTSlVyBwgBEgNPUkRAAUABQAFAAkACQAJAA0gBcAGCAQsI____________AZgBAQ&hl=en&curr=USD,"Carry-on bag not included; nonstop; outbound 00:17-07:03; read in Chrome by Claude, 6-seat search"
2026-09-26T03:20:44Z,ord-sju-jan-sat-thu,manual,ORD,SJU,2027-01-16,2027-01-21,6,1773.00,USD,American,1,https://www.google.com/travel/flights/search?tfs=CBwQAhoeEgoyMDI3LTAxLTE2agcIARIDT1JEcgcIARIDU0pVGh4SCjIwMjctMDEtMjFqBwgBEgNTSlVyBwgBEgNPUkRAAUABQAFAAkACQAJAA0gBcAGCAQsI____________AZgBAQ&hl=en&curr=USD,"Checked baggage for a fee; via PHL; outbound 08:30-23:59; read in Chrome by Claude, 6-seat search"
2026-09-26T03:20:44Z,ord-sju-jan-sat-thu,manual,ORD,SJU,2027-01-30,2027-02-04,6,1473.00,USD,American,1,https://www.google.com/travel/flights/search?tfs=CBwQAhoeEgoyMDI3LTAxLTMwagcIARIDT1JEcgcIARIDU0pVGh4SCjIwMjctMDItMDRqBwgBEgNTSlVyBwgBEgNPUkRAAUABQAFAAkACQAJAA0gBcAGCAQsI____________AZgBAQ&hl=en&curr=USD,"Checked baggage for a fee; via MIA; outbound 06:00-22:39; read in Chrome by Claude, 6-seat search"
2026-09-26T03:20:44Z,ord-sju-jan-sat-thu,manual,ORD,SJU,2027-01-30,2027-02-04,6,1473.00,USD,American,1,https://www.google.com/travel/flights/search?tfs=CBwQAhoeEgoyMDI3LTAxLTMwagcIARIDT1JEcgcIARIDU0pVGh4SCjIwMjctMDItMDRqBwgBEgNTSlVyBwgBEgNPUkRAAUABQAFAAkACQAJAA0gBcAGCAQsI____________AZgBAQ&hl=en&curr=USD,"Checked baggage for a fee; via PHL; outbound 08:30-23:59; read in Chrome by Claude, 6-seat search"
2026-09-26T03:20:44Z,ord-sju-jan-sat-thu,manual,ORD,SJU,2027-01-30,2027-02-04,6,1473.00,USD,American,1,https://www.google.com/travel/flights/search?tfs=CBwQAhoeEgoyMDI3LTAxLTMwagcIARIDT1JEcgcIARIDU0pVGh4SCjIwMjctMDItMDRqBwgBEgNTSlVyBwgBEgNPUkRAAUABQAFAAkACQAJAA0gBcAGCAQsI____________AZgBAQ&hl=en&curr=USD,"Checked baggage for a fee; Overnight layover (MIA); outbound 18:10-09:38+1; read in Chrome by Claude, 6-seat search"
2026-09-26T03:21:37Z,msp-sju-jan-sat-thu,manual,MSP,SJU,2027-01-02,2027-01-07,6,3192.00,USD,American,1,https://www.google.com/travel/flights/search?tfs=CBwQAhoeEgoyMDI3LTAxLTAyagcIARIDTVNQcgcIARIDU0pVGh4SCjIwMjctMDEtMDdqBwgBEgNTSlVyBwgBEgNNU1BAAUABQAFAAkACQAJAA0gBcAGCAQsI____________AZgBAQ&hl=en&curr=USD,"Checked baggage for a fee; via PHL; outbound 06:00-23:07; read in Chrome by Claude, 6-seat search"
2026-09-26T03:21:37Z,msp-sju-jan-sat-thu,manual,MSP,SJU,2027-01-02,2027-01-07,6,3522.00,USD,American,1,https://www.google.com/travel/flights/search?tfs=CBwQAhoeEgoyMDI3LTAxLTAyagcIARIDTVNQcgcIARIDU0pVGh4SCjIwMjctMDEtMDdqBwgBEgNTSlVyBwgBEgNNU1BAAUABQAFAAkACQAJAA0gBcAGCAQsI____________AZgBAQ&hl=en&curr=USD,"Checked baggage for a fee; Overnight layover (ORD); outbound 18:21-05:36+1; read in Chrome by Claude, 6-seat search"
2026-09-26T03:21:37Z,msp-sju-jan-sat-thu,manual,MSP,SJU,2027-01-02,2027-01-07,6,4002.00,USD,Southwest,2,https://www.google.com/travel/flights/search?tfs=CBwQAhoeEgoyMDI3LTAxLTAyagcIARIDTVNQcgcIARIDU0pVGh4SCjIwMjctMDEtMDdqBwgBEgNTSlVyBwgBEgNNU1BAAUABQAFAAkACQAJAA0gBcAGCAQsI____________AZgBAQ&hl=en&curr=USD,"Checked baggage for a fee; Overnight layover (BNA, BWI); outbound 06:15-00:55+1; read in Chrome by Claude, 6-seat search"
2026-09-26T03:21:37Z,msp-sju-jan-sat-thu,manual,MSP,SJU,2027-01-16,2027-01-21,6,2131.00,USD,United,2,https://www.google.com/travel/flights/search?tfs=CBwQAhoeEgoyMDI3LTAxLTE2agcIARIDTVNQcgcIARIDU0pVGh4SCjIwMjctMDEtMjFqBwgBEgNTSlVyBwgBEgNNU1BAAUABQAFAAkACQAJAA0gBcAGCAQsI____________AZgBAQ&hl=en&curr=USD,"Carry-on bag not included; Overnight layover (ORD, EWR); outbound 06:00-00:36+1; read in Chrome by Claude, 6-seat search"
2026-09-26T03:21:37Z,msp-sju-jan-sat-thu,manual,MSP,SJU,2027-01-16,2027-01-21,6,2598.00,USD,Southwest,2,https://www.google.com/travel/flights/search?tfs=CBwQAhoeEgoyMDI3LTAxLTE2agcIARIDTVNQcgcIARIDU0pVGh4SCjIwMjctMDEtMjFqBwgBEgNTSlVyBwgBEgNNU1BAAUABQAFAAkACQAJAA0gBcAGCAQsI____________AZgBAQ&hl=en&curr=USD,"Checked baggage for a fee; via MDW, TPA; outbound 07:45-22:00; read in Chrome by Claude, 6-seat search"
2026-09-26T03:21:37Z,msp-sju-jan-sat-thu,manual,MSP,SJU,2027-01-16,2027-01-21,6,2762.00,USD,United,1,https://www.google.com/travel/flights/search?tfs=CBwQAhoeEgoyMDI3LTAxLTE2agcIARIDTVNQcgcIARIDU0pVGh4SCjIwMjctMDEtMjFqBwgBEgNTSlVyBwgBEgNNU1BAAUABQAFAAkACQAJAA0gBcAGCAQsI____________AZgBAQ&hl=en&curr=USD,"Carry-on bag not included; via ORD; outbound 08:00-21:00; read in Chrome by Claude, 6-seat search"
2026-09-26T03:21:37Z,msp-sju-jan-sat-thu,manual,MSP,SJU,2027-01-30,2027-02-04,6,1980.00,USD,United,2,https://www.google.com/travel/flights/search?tfs=CBwQAhoeEgoyMDI3LTAxLTMwagcIARIDTVNQcgcIARIDU0pVGh4SCjIwMjctMDItMDRqBwgBEgNTSlVyBwgBEgNNU1BAAUABQAFAAkACQAJAA0gBcAGCAQsI____________AZgBAQ&hl=en&curr=USD,"Carry-on bag not included; Overnight layover (ORD, EWR); outbound 08:00-00:36+1; read in Chrome by Claude, 6-seat search"
2026-09-26T03:21:37Z,msp-sju-jan-sat-thu,manual,MSP,SJU,2027-01-30,2027-02-04,6,2448.00,USD,Southwest,1,https://www.google.com/travel/flights/search?tfs=CBwQAhoeEgoyMDI3LTAxLTMwagcIARIDTVNQcgcIARIDU0pVGh4SCjIwMjctMDItMDRqBwgBEgNTSlVyBwgBEgNNU1BAAUABQAFAAkACQAJAA0gBcAGCAQsI____________AZgBAQ&hl=en&curr=USD,"Checked baggage for a fee; via MCO; outbound 13:40-23:30; read in Chrome by Claude, 6-seat search"
2026-09-26T03:21:37Z,msp-sju-jan-sat-thu,manual,MSP,SJU,2027-01-30,2027-02-04,6,2508.00,USD,American,1,https://www.google.com/travel/flights/search?tfs=CBwQAhoeEgoyMDI3LTAxLTMwagcIARIDTVNQcgcIARIDU0pVGh4SCjIwMjctMDItMDRqBwgBEgNTSlVyBwgBEgNNU1BAAUABQAFAAkACQAJAA0gBcAGCAQsI____________AZgBAQ&hl=en&curr=USD,"Checked baggage for a fee; via ORD; outbound 13:17-23:41; read in Chrome by Claude, 6-seat search"
2026-09-26T03:22:19Z,ord-stt-jan-sat-thu,manual,ORD,STT,2027-01-09,2027-01-14,6,3370.00,USD,United,1,https://www.google.com/travel/flights/search?tfs=CBwQAhoeEgoyMDI3LTAxLTA5agcIARIDT1JEcgcIARIDU1RUGh4SCjIwMjctMDEtMTRqBwgBEgNTVFRyBwgBEgNPUkRAAUABQAFAAkACQAJAA0gBcAGCAQsI____________AZgBAQ&hl=en&curr=USD,"Carry-on bag not included; Overnight layover (IAD); outbound 21:41-13:56+1; read in Chrome by Claude, 6-seat search"
2026-09-26T03:22:19Z,ord-stt-jan-sat-thu,manual,ORD,STT,2027-01-09,2027-01-14,6,3516.00,USD,American,1,https://www.google.com/travel/flights/search?tfs=CBwQAhoeEgoyMDI3LTAxLTA5agcIARIDT1JEcgcIARIDU1RUGh4SCjIwMjctMDEtMTRqBwgBEgNTVFRyBwgBEgNPUkRAAUABQAFAAkACQAJAA0gBcAGCAQsI____________AZgBAQ&hl=en&curr=USD,"Checked baggage for a fee; Overnight layover (MIA); outbound 18:10-12:24+1; read in Chrome by Claude, 6-seat search"
2026-09-26T03:22:19Z,ord-stt-jan-sat-thu,manual,ORD,STT,2027-01-09,2027-01-14,6,3516.00,USD,American,1,https://www.google.com/travel/flights/search?tfs=CBwQAhoeEgoyMDI3LTAxLTA5agcIARIDT1JEcgcIARIDU1RUGh4SCjIwMjctMDEtMTRqBwgBEgNTVFRyBwgBEgNPUkRAAUABQAFAAkACQAJAA0gBcAGCAQsI____________AZgBAQ&hl=en&curr=USD,"Checked baggage for a fee; Overnight layover (PHL); outbound 21:30-13:17+1; read in Chrome by Claude, 6-seat search"
2026-09-26T03:22:19Z,ord-stt-jan-sat-thu,manual,ORD,STT,2027-01-23,2027-01-28,6,3342.00,USD,United,1,https://www.google.com/travel/flights/search?tfs=CBwQAhoeEgoyMDI3LTAxLTIzagcIARIDT1JEcgcIARIDU1RUGh4SCjIwMjctMDEtMjhqBwgBEgNTVFRyBwgBEgNPUkRAAUABQAFAAkACQAJAA0gBcAGCAQsI____________AZgBAQ&hl=en&curr=USD,"Carry-on bag not included; Overnight layover (IAD); outbound 21:41-13:56+1; read in Chrome by Claude, 6-seat search"
2026-09-26T03:22:19Z,ord-stt-jan-sat-thu,manual,ORD,STT,2027-01-23,2027-01-28,6,3520.00,USD,United,1,https://www.google.com/travel/flights/search?tfs=CBwQAhoeEgoyMDI3LTAxLTIzagcIARIDT1JEcgcIARIDU1RUGh4SCjIwMjctMDEtMjhqBwgBEgNTVFRyBwgBEgNPUkRAAUABQAFAAkACQAJAA0gBcAGCAQsI____________AZgBAQ&hl=en&curr=USD,"Carry-on bag not included; Overnight layover (EWR); outbound 21:20-12:05+1; read in Chrome by Claude, 6-seat search"
2026-09-26T03:22:19Z,ord-stt-jan-sat-thu,manual,ORD,STT,2027-01-23,2027-01-28,6,3543.00,USD,American,2,https://www.google.com/travel/flights/search?tfs=CBwQAhoeEgoyMDI3LTAxLTIzagcIARIDT1JEcgcIARIDU1RUGh4SCjIwMjctMDEtMjhqBwgBEgNTVFRyBwgBEgNPUkRAAUABQAFAAkACQAJAA0gBcAGCAQsI____________AZgBAQ&hl=en&curr=USD,"Checked baggage for a fee; Overnight layover (DCA, MIA); outbound 20:38-12:24+1; read in Chrome by Claude, 6-seat search"
2026-09-26T03:22:19Z,ord-stt-jan-sat-thu,manual,ORD,STT,2027-01-30,2027-02-04,6,3342.00,USD,United,1,https://www.google.com/travel/flights/search?tfs=CBwQAhoeEgoyMDI3LTAxLTMwagcIARIDT1JEcgcIARIDU1RUGh4SCjIwMjctMDItMDRqBwgBEgNTVFRyBwgBEgNPUkRAAUABQAFAAkACQAJAA0gBcAGCAQsI____________AZgBAQ&hl=en&curr=USD,"Carry-on bag not included; Overnight layover (IAD); outbound 21:41-13:56+1; read in Chrome by Claude, 6-seat search"
2026-09-26T03:22:19Z,ord-stt-jan-sat-thu,manual,ORD,STT,2027-01-30,2027-02-04,6,3516.00,USD,American,1,https://www.google.com/travel/flights/search?tfs=CBwQAhoeEgoyMDI3LTAxLTMwagcIARIDT1JEcgcIARIDU1RUGh4SCjIwMjctMDItMDRqBwgBEgNTVFRyBwgBEgNPUkRAAUABQAFAAkACQAJAA0gBcAGCAQsI____________AZgBAQ&hl=en&curr=USD,"Checked baggage for a fee; Overnight layover (PHL); outbound 21:30-13:17+1; read in Chrome by Claude, 6-seat search"
2026-09-26T03:22:19Z,ord-stt-jan-sat-thu,manual,ORD,STT,2027-01-30,2027-02-04,6,3520.00,USD,United,1,https://www.google.com/travel/flights/search?tfs=CBwQAhoeEgoyMDI3LTAxLTMwagcIARIDT1JEcgcIARIDU1RUGh4SCjIwMjctMDItMDRqBwgBEgNTVFRyBwgBEgNPUkRAAUABQAFAAkACQAJAA0gBcAGCAQsI____________AZgBAQ&hl=en&curr=USD,"Carry-on bag not included; Overnight layover (EWR); outbound 21:20-12:05+1; read in Chrome by Claude, 6-seat search"
2026-09-28T18:09:00Z,dsm-stt-jan-sat-thu,manual,DSM,STT,2027-01-02,2027-01-07,6,3075.00,USD,American,2,https://www.google.com/travel/flights/search?tfs=CBwQAhoeEgoyMDI3LTAxLTAyagcIARIDRFNNcgcIARIDU1RUGh4SCjIwMjctMDEtMDdqBwgBEgNTVFRyBwgBEgNEU01AAUABQAFAAkACQAJAA0gBcAGCAQsI____________AZgBAQ&hl=en&curr=USD,"Checked baggage for a fee; Overnight layover (DFW, MIA); outbound 19:38-14:37+1; read in Chrome by Claude, 6-seat search"
2026-09-28T18:09:00Z,dsm-stt-jan-sat-thu,manual,DSM,STT,2027-01-02,2027-01-07,6,3075.00,USD,American,1,https://www.google.com/travel/flights/search?tfs=CBwQAhoeEgoyMDI3LTAxLTAyagcIARIDRFNNcgcIARIDU1RUGh4SCjIwMjctMDEtMDdqBwgBEgNTVFRyBwgBEgNEU01AAUABQAFAAkACQAJAA0gBcAGCAQsI____________AZgBAQ&hl=en&curr=USD,"Checked baggage for a fee; Overnight layover (ORD); outbound 20:05-15:14+1; read in Chrome by Claude, 6-seat search"
2026-09-28T18:09:00Z,dsm-stt-jan-sat-thu,manual,DSM,STT,2027-01-02,2027-01-07,6,3195.00,USD,American,2,https://www.google.com/travel/flights/search?tfs=CBwQAhoeEgoyMDI3LTAxLTAyagcIARIDRFNNcgcIARIDU1RUGh4SCjIwMjctMDEtMDdqBwgBEgNTVFRyBwgBEgNEU01AAUABQAFAAkACQAJAA0gBcAGCAQsI____________AZgBAQ&hl=en&curr=USD,"Checked baggage for a fee; Overnight layover (ORD, MIA); outbound 20:05-14:37+1; read in Chrome by Claude, 6-seat search"
2026-09-28T18:09:00Z,dsm-stt-jan-sat-thu,manual,DSM,STT,2027-01-09,2027-01-14,6,3075.00,USD,American,1,https://www.google.com/travel/flights/search?tfs=CBwQAhoeEgoyMDI3LTAxLTA5agcIARIDRFNNcgcIARIDU1RUGh4SCjIwMjctMDEtMTRqBwgBEgNTVFRyBwgBEgNEU01AAUABQAFAAkACQAJAA0gBcAGCAQsI____________AZgBAQ&hl=en&curr=USD,"Checked baggage for a fee; Overnight layover (ORD); outbound 19:37-15:10+1; read in Chrome by Claude, 6-seat search"
2026-09-28T18:09:00Z,dsm-stt-jan-sat-thu,manual,DSM,STT,2027-01-09,2027-01-14,6,3075.00,USD,American,2,https://www.google.com/travel/flights/search?tfs=CBwQAhoeEgoyMDI3LTAxLTA5agcIARIDRFNNcgcIARIDU1RUGh4SCjIwMjctMDEtMTRqBwgBEgNTVFRyBwgBEgNEU01AAUABQAFAAkACQAJAA0gBcAGCAQsI____________AZgBAQ&hl=en&curr=USD,"Checked baggage for a fee; Overnight layover (DFW, MIA); outbound 15:31-12:24+1; read in Chrome by Claude, 6-seat search"
2026-09-28T18:09:00Z,dsm-stt-jan-sat-thu,manual,DSM,STT,2027-01-09,2027-01-14,6,3075.00,USD,American,2,https://www.google.com/travel/flights/search?tfs=CBwQAhoeEgoyMDI3LTAxLTA5agcIARIDRFNNcgcIARIDU1RUGh4SCjIwMjctMDEtMTRqBwgBEgNTVFRyBwgBEgNEU01AAUABQAFAAkACQAJAA0gBcAGCAQsI____________AZgBAQ&hl=en&curr=USD,"Checked baggage for a fee; Overnight layover (ORD, MIA); outbound 19:37-14:10+1; read in Chrome by Claude, 6-seat search"
2026-09-28T18:09:00Z,dsm-stt-jan-sat-thu,manual,DSM,STT,2027-01-16,2027-01-21,6,3375.00,USD,American,2,https://www.google.com/travel/flights/search?tfs=CBwQAhoeEgoyMDI3LTAxLTE2agcIARIDRFNNcgcIARIDU1RUGh4SCjIwMjctMDEtMjFqBwgBEgNTVFRyBwgBEgNEU01AAUABQAFAAkACQAJAA0gBcAGCAQsI____________AZgBAQ&hl=en&curr=USD,"Checked baggage for a fee; Overnight layover (ORD, MIA); outbound 19:37-14:10+1; read in Chrome by Claude, 6-seat search"
2026-09-28T18:09:00Z,dsm-stt-jan-sat-thu,manual,DSM,STT,2027-01-16,2027-01-21,6,3375.00,USD,American,1,https://www.google.com/travel/flights/search?tfs=CBwQAhoeEgoyMDI3LTAxLTE2agcIARIDRFNNcgcIARIDU1RUGh4SCjIwMjctMDEtMjFqBwgBEgNTVFRyBwgBEgNEU01AAUABQAFAAkACQAJAA0gBcAGCAQsI____________AZgBAQ&hl=en&curr=USD,"Checked baggage for a fee; Overnight layover (ORD); outbound 19:37-15:10+1; read in Chrome by Claude, 6-seat search"
2026-09-28T18:09:00Z,dsm-stt-jan-sat-thu,manual,DSM,STT,2027-01-16,2027-01-21,6,3375.00,USD,American,2,https://www.google.com/travel/flights/search?tfs=CBwQAhoeEgoyMDI3LTAxLTE2agcIARIDRFNNcgcIARIDU1RUGh4SCjIwMjctMDEtMjFqBwgBEgNTVFRyBwgBEgNEU01AAUABQAFAAkACQAJAA0gBcAGCAQsI____________AZgBAQ&hl=en&curr=USD,"Checked baggage for a fee; Overnight layover (DFW, MIA); outbound 15:31-12:24+1; read in Chrome by Claude, 6-seat search"
2026-09-28T18:09:00Z,dsm-stt-jan-sat-thu,manual,DSM,STT,2027-01-23,2027-01-28,6,3075.00,USD,American,2,https://www.google.com/travel/flights/search?tfs=CBwQAhoeEgoyMDI3LTAxLTIzagcIARIDRFNNcgcIARIDU1RUGh4SCjIwMjctMDEtMjhqBwgBEgNTVFRyBwgBEgNEU01AAUABQAFAAkACQAJAA0gBcAGCAQsI____________AZgBAQ&hl=en&curr=USD,"Checked baggage for a fee; Overnight layover (ORD, MIA); outbound 19:37-14:10+1; read in Chrome by Claude, 6-seat search"
2026-09-28T18:09:00Z,dsm-stt-jan-sat-thu,manual,DSM,STT,2027-01-23,2027-01-28,6,3075.00,USD,American,1,https://www.google.com/travel/flights/search?tfs=CBwQAhoeEgoyMDI3LTAxLTIzagcIARIDRFNNcgcIARIDU1RUGh4SCjIwMjctMDEtMjhqBwgBEgNTVFRyBwgBEgNEU01AAUABQAFAAkACQAJAA0gBcAGCAQsI____________AZgBAQ&hl=en&curr=USD,"Checked baggage for a fee; Overnight layover (ORD); outbound 19:37-15:10+1; read in Chrome by Claude, 6-seat search"
2026-09-28T18:09:00Z,dsm-stt-jan-sat-thu,manual,DSM,STT,2027-01-23,2027-01-28,6,3075.00,USD,American,2,https://www.google.com/travel/flights/search?tfs=CBwQAhoeEgoyMDI3LTAxLTIzagcIARIDRFNNcgcIARIDU1RUGh4SCjIwMjctMDEtMjhqBwgBEgNTVFRyBwgBEgNEU01AAUABQAFAAkACQAJAA0gBcAGCAQsI____________AZgBAQ&hl=en&curr=USD,"Checked baggage for a fee; Overnight layover (DFW, MIA); outbound 15:31-12:24+1; read in Chrome by Claude, 6-seat search"
2026-09-28T18:09:00Z,dsm-stt-jan-sat-thu,manual,DSM,STT,2027-01-30,2027-02-04,6,3075.00,USD,American,2,https://www.google.com/travel/flights/search?tfs=CBwQAhoeEgoyMDI3LTAxLTMwagcIARIDRFNNcgcIARIDU1RUGh4SCjIwMjctMDItMDRqBwgBEgNTVFRyBwgBEgNEU01AAUABQAFAAkACQAJAA0gBcAGCAQsI____________AZgBAQ&hl=en&curr=USD,"Checked baggage for a fee; Overnight layover (ORD, MIA); outbound 19:37-14:10+1; read in Chrome by Claude, 6-seat search"
2026-09-28T18:09:00Z,dsm-stt-jan-sat-thu,manual,DSM,STT,2027-01-30,2027-02-04,6,3075.00,USD,American,1,https://www.google.com/travel/flights/search?tfs=CBwQAhoeEgoyMDI3LTAxLTMwagcIARIDRFNNcgcIARIDU1RUGh4SCjIwMjctMDItMDRqBwgBEgNTVFRyBwgBEgNEU01AAUABQAFAAkACQAJAA0gBcAGCAQsI____________AZgBAQ&hl=en&curr=USD,"Checked baggage for a fee; Overnight layover (ORD); outbound 19:37-15:10+1; read in Chrome by Claude, 6-seat search"
2026-09-28T18:09:00Z,dsm-stt-jan-sat-thu,manual,DSM,STT,2027-01-30,2027-02-04,6,3075.00,USD,American,2,https://www.google.com/travel/flights/search?tfs=CBwQAhoeEgoyMDI3LTAxLTMwagcIARIDRFNNcgcIARIDU1RUGh4SCjIwMjctMDItMDRqBwgBEgNTVFRyBwgBEgNEU01AAUABQAFAAkACQAJAA0gBcAGCAQsI____________AZgBAQ&hl=en&curr=USD,"Checked baggage for a fee; Overnight layover (DFW, MIA); outbound 15:31-12:24+1; read in Chrome by Claude, 6-seat search"
2026-09-28T18:09:00Z,dsm-sju-jan-sat-thu,manual,DSM,SJU,2027-01-02,2027-01-07,6,4182.00,USD,American,2,https://www.google.com/travel/flights/search?tfs=CBwQAhoeEgoyMDI3LTAxLTAyagcIARIDRFNNcgcIARIDU0pVGh4SCjIwMjctMDEtMDdqBwgBEgNTSlVyBwgBEgNEU01AAUABQAFAAkACQAJAA0gBcAGCAQsI____________AZgBAQ&hl=en&curr=USD,"Checked baggage for a fee; Overnight layover (ORD, CLT); outbound 20:05-17:35+1; read in Chrome by Claude, 6-seat search"
2026-09-28T18:09:00Z,dsm-sju-jan-sat-thu,manual,DSM,SJU,2027-01-02,2027-01-07,6,4398.00,USD,Southwest,1,https://www.google.com/travel/flights/search?tfs=CBwQAhoeEgoyMDI3LTAxLTAyagcIARIDRFNNcgcIARIDU0pVGh4SCjIwMjctMDEtMDdqBwgBEgNTSlVyBwgBEgNEU01AAUABQAFAAkACQAJAA0gBcAGCAQsI____________AZgBAQ&hl=en&curr=USD,"Checked baggage for a fee; via MDW; outbound 05:20-15:35; read in Chrome by Claude, 6-seat search"
2026-09-28T18:09:00Z,dsm-sju-jan-sat-thu,manual,DSM,SJU,2027-01-02,2027-01-07,6,4560.00,USD,American,1,https://www.google.com/travel/flights/search?tfs=CBwQAhoeEgoyMDI3LTAxLTAyagcIARIDRFNNcgcIARIDU0pVGh4SCjIwMjctMDEtMDdqBwgBEgNTSlVyBwgBEgNEU01AAUABQAFAAkACQAJAA0gBcAGCAQsI____________AZgBAQ&hl=en&curr=USD,"Checked baggage for a fee; Overnight layover (ORD); outbound 20:05-15:00+1; read in Chrome by Claude, 6-seat search"
2026-09-28T18:09:00Z,dsm-sju-jan-sat-thu,manual,DSM,SJU,2027-01-09,2027-01-14,6,2856.00,USD,American,1,https://www.google.com/travel/flights/search?tfs=CBwQAhoeEgoyMDI3LTAxLTA5agcIARIDRFNNcgcIARIDU0pVGh4SCjIwMjctMDEtMTRqBwgBEgNTSlVyBwgBEgNEU01AAUABQAFAAkACQAJAA0gBcAGCAQsI____________AZgBAQ&hl=en&curr=USD,"Checked baggage for a fee; Overnight layover (ORD); outbound 19:37-14:51+1; read in Chrome by Claude, 6-seat search"
2026-09-28T18:09:00Z,dsm-sju-jan-sat-thu,manual,DSM,SJU,2027-01-09,2027-01-14,6,2873.00,USD,United,1,https://www.google.com/travel/flights/search?tfs=CBwQAhoeEgoyMDI3LTAxLTA5agcIARIDRFNNcgcIARIDU0pVGh4SCjIwMjctMDEtMTRqBwgBEgNTSlVyBwgBEgNEU01AAUABQAFAAkACQAJAA0gBcAGCAQsI____________AZgBAQ&hl=en&curr=USD,"Carry-on bag not included; via ORD; outbound 09:37-21:00; read in Chrome by Claude, 6-seat search"
2026-09-28T18:09:00Z,dsm-sju-jan-sat-thu,manual,DSM,SJU,2027-01-09,2027-01-14,6,2873.00,USD,United,2,https://www.google.com/travel/flights/search?tfs=CBwQAhoeEgoyMDI3LTAxLTA5agcIARIDRFNNcgcIARIDU0pVGh4SCjIwMjctMDEtMTRqBwgBEgNTSlVyBwgBEgNEU01AAUABQAFAAkACQAJAA0gBcAGCAQsI____________AZgBAQ&hl=en&curr=USD,"Carry-on bag not included; via ORD, EWR; outbound 13:02-00:36+1; read in Chrome by Claude, 6-seat search"
2026-09-28T18:09:00Z,dsm-sju-jan-sat-thu,manual,DSM,SJU,2027-01-16,2027-01-21,6,2946.00,USD,Southwest,2,https://www.google.com/travel/flights/search?tfs=CBwQAhoeEgoyMDI3LTAxLTE2agcIARIDRFNNcgcIARIDU0pVGh4SCjIwMjctMDEtMjFqBwgBEgNTSlVyBwgBEgNEU01AAUABQAFAAkACQAJAA0gBcAGCAQsI____________AZgBAQ&hl=en&curr=USD,"Checked baggage for a fee; via MDW, TPA; outbound 05:20-22:00; read in Chrome by Claude, 6-seat search"
2026-09-28T18:09:00Z,dsm-sju-jan-sat-thu,manual,DSM,SJU,2027-01-16,2027-01-21,6,2976.00,USD,United,1,https://www.google.com/travel/flights/search?tfs=CBwQAhoeEgoyMDI3LTAxLTE2agcIARIDRFNNcgcIARIDU0pVGh4SCjIwMjctMDEtMjFqBwgBEgNTSlVyBwgBEgNEU01AAUABQAFAAkACQAJAA0gBcAGCAQsI____________AZgBAQ&hl=en&curr=USD,"Carry-on bag not included; via ORD; outbound 11:28-21:00; read in Chrome by Claude, 6-seat search"
2026-09-28T18:09:00Z,dsm-sju-jan-sat-thu,manual,DSM,SJU,2027-01-16,2027-01-21,6,2976.00,USD,United,2,https://www.google.com/travel/flights/search?tfs=CBwQAhoeEgoyMDI3LTAxLTE2agcIARIDRFNNcgcIARIDU0pVGh4SCjIwMjctMDEtMjFqBwgBEgNTSlVyBwgBEgNEU01AAUABQAFAAkACQAJAA0gBcAGCAQsI____________AZgBAQ&hl=en&curr=USD,"Carry-on bag not included; via ORD, EWR; outbound 13:02-00:36+1; read in Chrome by Claude, 6-seat search"
2026-09-28T18:09:00Z,dsm-sju-jan-sat-thu,manual,DSM,SJU,2027-01-23,2027-01-28,6,2650.00,USD,United,2,https://www.google.com/travel/flights/search?tfs=CBwQAhoeEgoyMDI3LTAxLTIzagcIARIDRFNNcgcIARIDU0pVGh4SCjIwMjctMDEtMjhqBwgBEgNTSlVyBwgBEgNEU01AAUABQAFAAkACQAJAA0gBcAGCAQsI____________AZgBAQ&hl=en&curr=USD,"Carry-on bag not included; via ORD, EWR; outbound 09:37-00:36+1; read in Chrome by Claude, 6-seat search"
2026-09-28T18:09:00Z,dsm-sju-jan-sat-thu,manual,DSM,SJU,2027-01-23,2027-01-28,6,2650.00,USD,United,2,https://www.google.com/travel/flights/search?tfs=CBwQAhoeEgoyMDI3LTAxLTIzagcIARIDRFNNcgcIARIDU0pVGh4SCjIwMjctMDEtMjhqBwgBEgNTSlVyBwgBEgNEU01AAUABQAFAAkACQAJAA0gBcAGCAQsI____________AZgBAQ&hl=en&curr=USD,"Carry-on bag not included; Overnight layover (ORD, IAH); outbound 13:02-06:15+1; read in Chrome by Claude, 6-seat search"
2026-09-28T18:09:00Z,dsm-sju-jan-sat-thu,manual,DSM,SJU,2027-01-23,2027-01-28,6,2856.00,USD,American,2,https://www.google.com/travel/flights/search?tfs=CBwQAhoeEgoyMDI3LTAxLTIzagcIARIDRFNNcgcIARIDU0pVGh4SCjIwMjctMDEtMjhqBwgBEgNTSlVyBwgBEgNEU01AAUABQAFAAkACQAJAA0gBcAGCAQsI____________AZgBAQ&hl=en&curr=USD,"Checked baggage for a fee; Overnight layover (DFW, MIA); outbound 15:31-09:38+1; read in Chrome by Claude, 6-seat search"
2026-09-28T18:09:00Z,dsm-sju-jan-sat-thu,manual,DSM,SJU,2027-01-30,2027-02-04,6,2753.00,USD,United,2,https://www.google.com/travel/flights/search?tfs=CBwQAhoeEgoyMDI3LTAxLTMwagcIARIDRFNNcgcIARIDU0pVGh4SCjIwMjctMDItMDRqBwgBEgNTSlVyBwgBEgNEU01AAUABQAFAAkACQAJAA0gBcAGCAQsI____________AZgBAQ&hl=en&curr=USD,"Carry-on bag not included; via ORD, EWR; outbound 09:37-00:36+1; read in Chrome by Claude, 6-seat search"
2026-09-28T18:09:00Z,dsm-sju-jan-sat-thu,manual,DSM,SJU,2027-01-30,2027-02-04,6,2753.00,USD,United,2,https://www.google.com/travel/flights/search?tfs=CBwQAhoeEgoyMDI3LTAxLTMwagcIARIDRFNNcgcIARIDU0pVGh4SCjIwMjctMDItMDRqBwgBEgNTSlVyBwgBEgNEU01AAUABQAFAAkACQAJAA0gBcAGCAQsI____________AZgBAQ&hl=en&curr=USD,"Carry-on bag not included; Overnight layover (ORD, IAH); outbound 13:02-06:15+1; read in Chrome by Claude, 6-seat search"
2026-09-28T18:09:00Z,dsm-sju-jan-sat-thu,manual,DSM,SJU,2027-01-30,2027-02-04,6,2856.00,USD,American,1,https://www.google.com/travel/flights/search?tfs=CBwQAhoeEgoyMDI3LTAxLTMwagcIARIDRFNNcgcIARIDU0pVGh4SCjIwMjctMDItMDRqBwgBEgNTSlVyBwgBEgNEU01AAUABQAFAAkACQAJAA0gBcAGCAQsI____________AZgBAQ&hl=en&curr=USD,"Checked baggage for a fee; Overnight layover (MIA); outbound 14:15-09:38+1; read in Chrome by Claude, 6-seat search"
2026-09-28T18:09:00Z,dsm-stt-jan-thursdays,manual,DSM,STT,2027-01-07,2027-01-12,6,3075.00,USD,American,2,https://www.google.com/travel/flights/search?tfs=CBwQAhoeEgoyMDI3LTAxLTA3agcIARIDRFNNcgcIARIDU1RUGh4SCjIwMjctMDEtMTJqBwgBEgNTVFRyBwgBEgNEU01AAUABQAFAAkACQAJAA0gBcAGCAQsI____________AZgBAQ&hl=en&curr=USD,"Checked baggage for a fee; Overnight layover (ORD, MIA); outbound 19:57-14:10+1; read in Chrome by Claude, 6-seat search"
2026-09-28T18:09:00Z,dsm-stt-jan-thursdays,manual,DSM,STT,2027-01-07,2027-01-12,6,3075.00,USD,American,2,https://www.google.com/travel/flights/search?tfs=CBwQAhoeEgoyMDI3LTAxLTA3agcIARIDRFNNcgcIARIDU1RUGh4SCjIwMjctMDEtMTJqBwgBEgNTVFRyBwgBEgNEU01AAUABQAFAAkACQAJAA0gBcAGCAQsI____________AZgBAQ&hl=en&curr=USD,"Checked baggage for a fee; Overnight layover (ORD, MIA); outbound 14:39-12:24+1; read in Chrome by Claude, 6-seat search"
2026-09-28T18:09:00Z,dsm-stt-jan-thursdays,manual,DSM,STT,2027-01-07,2027-01-12,6,3195.00,USD,American,2,https://www.google.com/travel/flights/search?tfs=CBwQAhoeEgoyMDI3LTAxLTA3agcIARIDRFNNcgcIARIDU1RUGh4SCjIwMjctMDEtMTJqBwgBEgNTVFRyBwgBEgNEU01AAUABQAFAAkACQAJAA0gBcAGCAQsI____________AZgBAQ&hl=en&curr=USD,"Checked baggage for a fee; Overnight layover (DFW, MIA); outbound 15:31-12:24+1; read in Chrome by Claude, 6-seat search"
2026-09-28T18:09:00Z,dsm-stt-jan-thursdays,manual,DSM,STT,2027-01-14,2027-01-19,6,3927.00,USD,American,2,https://www.google.com/travel/flights/search?tfs=CBwQAhoeEgoyMDI3LTAxLTE0agcIARIDRFNNcgcIARIDU1RUGh4SCjIwMjctMDEtMTlqBwgBEgNTVFRyBwgBEgNEU01AAUABQAFAAkACQAJAA0gBcAGCAQsI____________AZgBAQ&hl=en&curr=USD,"Checked baggage for a fee; Overnight layover (DFW, MIA); outbound 15:31-12:24+1; read in Chrome by Claude, 6-seat search"
2026-09-28T18:09:00Z,dsm-stt-jan-thursdays,manual,DSM,STT,2027-01-14,2027-01-19,6,4005.00,USD,United,1,https://www.google.com/travel/flights/search?tfs=CBwQAhoeEgoyMDI3LTAxLTE0agcIARIDRFNNcgcIARIDU1RUGh4SCjIwMjctMDEtMTlqBwgBEgNTVFRyBwgBEgNEU01AAUABQAFAAkACQAJAA0gBcAGCAQsI____________AZgBAQ&hl=en&curr=USD,"Carry-on bag not included; via ORD; outbound 06:15-16:20; read in Chrome by Claude, 6-seat search"
2026-09-28T18:09:00Z,dsm-stt-jan-thursdays,manual,DSM,STT,2027-01-14,2027-01-19,6,4047.00,USD,American,2,https://www.google.com/travel/flights/search?tfs=CBwQAhoeEgoyMDI3LTAxLTE0agcIARIDRFNNcgcIARIDU1RUGh4SCjIwMjctMDEtMTlqBwgBEgNTVFRyBwgBEgNEU01AAUABQAFAAkACQAJAA0gBcAGCAQsI____________AZgBAQ&hl=en&curr=USD,"Checked baggage for a fee; Overnight layover (DFW, MIA); outbound 18:14-14:10+1; read in Chrome by Claude, 6-seat search"
2026-09-28T18:09:00Z,dsm-stt-jan-thursdays,manual,DSM,STT,2027-01-21,2027-01-26,6,3075.00,USD,American,2,https://www.google.com/travel/flights/search?tfs=CBwQAhoeEgoyMDI3LTAxLTIxagcIARIDRFNNcgcIARIDU1RUGh4SCjIwMjctMDEtMjZqBwgBEgNTVFRyBwgBEgNEU01AAUABQAFAAkACQAJAA0gBcAGCAQsI____________AZgBAQ&hl=en&curr=USD,"Checked baggage for a fee; Overnight layover (DFW, MIA); outbound 18:14-14:10+1; read in Chrome by Claude, 6-seat search"
2026-09-28T18:09:00Z,dsm-stt-jan-thursdays,manual,DSM,STT,2027-01-21,2027-01-26,6,3075.00,USD,American,2,https://www.google.com/travel/flights/search?tfs=CBwQAhoeEgoyMDI3LTAxLTIxagcIARIDRFNNcgcIARIDU1RUGh4SCjIwMjctMDEtMjZqBwgBEgNTVFRyBwgBEgNEU01AAUABQAFAAkACQAJAA0gBcAGCAQsI____________AZgBAQ&hl=en&curr=USD,"Checked baggage for a fee; Overnight layover (ORD, MIA); outbound 19:57-16:14+1; read in Chrome by Claude, 6-seat search"
2026-09-28T18:09:00Z,dsm-stt-jan-thursdays,manual,DSM,STT,2027-01-21,2027-01-26,6,3075.00,USD,American,2,https://www.google.com/travel/flights/search?tfs=CBwQAhoeEgoyMDI3LTAxLTIxagcIARIDRFNNcgcIARIDU1RUGh4SCjIwMjctMDEtMjZqBwgBEgNTVFRyBwgBEgNEU01AAUABQAFAAkACQAJAA0gBcAGCAQsI____________AZgBAQ&hl=en&curr=USD,"Checked baggage for a fee; Overnight layover (ORD, MIA); outbound 14:39-12:24+1; read in Chrome by Claude, 6-seat search"
2026-09-28T18:09:00Z,dsm-stt-jan-thursdays,manual,DSM,STT,2027-01-28,2027-02-02,6,3075.00,USD,American,2,https://www.google.com/travel/flights/search?tfs=CBwQAhoeEgoyMDI3LTAxLTI4agcIARIDRFNNcgcIARIDU1RUGh4SCjIwMjctMDItMDJqBwgBEgNTVFRyBwgBEgNEU01AAUABQAFAAkACQAJAA0gBcAGCAQsI____________AZgBAQ&hl=en&curr=USD,"Checked baggage for a fee; Overnight layover (DFW, MIA); outbound 18:14-14:10+1; read in Chrome by Claude, 6-seat search"
2026-09-28T18:09:00Z,dsm-stt-jan-thursdays,manual,DSM,STT,2027-01-28,2027-02-02,6,3075.00,USD,American,2,https://www.google.com/travel/flights/search?tfs=CBwQAhoeEgoyMDI3LTAxLTI4agcIARIDRFNNcgcIARIDU1RUGh4SCjIwMjctMDItMDJqBwgBEgNTVFRyBwgBEgNEU01AAUABQAFAAkACQAJAA0gBcAGCAQsI____________AZgBAQ&hl=en&curr=USD,"Checked baggage for a fee; Overnight layover (ORD, MIA); outbound 14:39-12:24+1; read in Chrome by Claude, 6-seat search"
2026-09-28T18:09:00Z,dsm-stt-jan-thursdays,manual,DSM,STT,2027-01-28,2027-02-02,6,3075.00,USD,American,2,https://www.google.com/travel/flights/search?tfs=CBwQAhoeEgoyMDI3LTAxLTI4agcIARIDRFNNcgcIARIDU1RUGh4SCjIwMjctMDItMDJqBwgBEgNTVFRyBwgBEgNEU01AAUABQAFAAkACQAJAA0gBcAGCAQsI____________AZgBAQ&hl=en&curr=USD,"Checked baggage for a fee; Overnight layover (ORD, MIA); outbound 19:57-16:14+1; read in Chrome by Claude, 6-seat search"
2026-09-28T18:09:00Z,dsm-sju-jan-thursdays,manual,DSM,SJU,2027-01-07,2027-01-12,6,2856.00,USD,American,2,https://www.google.com/travel/flights/search?tfs=CBwQAhoeEgoyMDI3LTAxLTA3agcIARIDRFNNcgcIARIDU0pVGh4SCjIwMjctMDEtMTJqBwgBEgNTSlVyBwgBEgNEU01AAUABQAFAAkACQAJAA0gBcAGCAQsI____________AZgBAQ&hl=en&curr=USD,"Checked baggage for a fee; Overnight layover (ORD, MIA); outbound 14:39-09:38+1; read in Chrome by Claude, 6-seat search"
2026-09-28T18:09:00Z,dsm-sju-jan-thursdays,manual,DSM,SJU,2027-01-07,2027-01-12,6,3252.00,USD,American,1,https://www.google.com/travel/flights/search?tfs=CBwQAhoeEgoyMDI3LTAxLTA3agcIARIDRFNNcgcIARIDU0pVGh4SCjIwMjctMDEtMTJqBwgBEgNTSlVyBwgBEgNEU01AAUABQAFAAkACQAJAA0gBcAGCAQsI____________AZgBAQ&hl=en&curr=USD,"Checked baggage for a fee; via CLT; outbound 08:07-16:57; read in Chrome by Claude, 6-seat search"
2026-09-28T18:09:00Z,dsm-sju-jan-thursdays,manual,DSM,SJU,2027-01-07,2027-01-12,6,3252.00,USD,American,1,https://www.google.com/travel/flights/search?tfs=CBwQAhoeEgoyMDI3LTAxLTA3agcIARIDRFNNcgcIARIDU0pVGh4SCjIwMjctMDEtMTJqBwgBEgNTSlVyBwgBEgNEU01AAUABQAFAAkACQAJAA0gBcAGCAQsI____________AZgBAQ&hl=en&curr=USD,"Checked baggage for a fee; via CLT; outbound 10:57-21:11; read in Chrome by Claude, 6-seat search"
2026-09-28T18:09:00Z,dsm-sju-jan-thursdays,manual,DSM,SJU,2027-01-14,2027-01-19,6,3384.00,USD,United,1,https://www.google.com/travel/flights/search?tfs=CBwQAhoeEgoyMDI3LTAxLTE0agcIARIDRFNNcgcIARIDU0pVGh4SCjIwMjctMDEtMTlqBwgBEgNTSlVyBwgBEgNEU01AAUABQAFAAkACQAJAA0gBcAGCAQsI____________AZgBAQ&hl=en&curr=USD,"Carry-on bag not included; via ORD; outbound 09:37-21:00; read in Chrome by Claude, 6-seat search"
2026-09-28T18:09:00Z,dsm-sju-jan-thursdays,manual,DSM,SJU,2027-01-14,2027-01-19,6,3924.00,USD,American,2,https://www.google.com/travel/flights/search?tfs=CBwQAhoeEgoyMDI3LTAxLTE0agcIARIDRFNNcgcIARIDU0pVGh4SCjIwMjctMDEtMTlqBwgBEgNTSlVyBwgBEgNEU01AAUABQAFAAkACQAJAA0gBcAGCAQsI____________AZgBAQ&hl=en&curr=USD,"Checked baggage for a fee; Overnight layover (DFW, MIA); outbound 15:31-09:38+1; read in Chrome by Claude, 6-seat search"
2026-09-28T18:09:00Z,dsm-sju-jan-thursdays,manual,DSM,SJU,2027-01-14,2027-01-19,6,4068.00,USD,American,1,https://www.google.com/travel/flights/search?tfs=CBwQAhoeEgoyMDI3LTAxLTE0agcIARIDRFNNcgcIARIDU0pVGh4SCjIwMjctMDEtMTlqBwgBEgNTSlVyBwgBEgNEU01AAUABQAFAAkACQAJAA0gBcAGCAQsI____________AZgBAQ&hl=en&curr=USD,"Checked baggage for a fee; via ORD; outbound 10:26-23:41; read in Chrome by Claude, 6-seat search"
2026-09-28T18:09:00Z,dsm-sju-jan-thursdays,manual,DSM,SJU,2027-01-21,2027-01-26,6,2753.00,USD,United,1,https://www.google.com/travel/flights/search?tfs=CBwQAhoeEgoyMDI3LTAxLTIxagcIARIDRFNNcgcIARIDU0pVGh4SCjIwMjctMDEtMjZqBwgBEgNTSlVyBwgBEgNEU01AAUABQAFAAkACQAJAA0gBcAGCAQsI____________AZgBAQ&hl=en&curr=USD,"Carry-on bag not included; via ORD; outbound 09:37-21:00; read in Chrome by Claude, 6-seat search"
2026-09-28T18:09:00Z,dsm-sju-jan-thursdays,manual,DSM,SJU,2027-01-21,2027-01-26,6,2856.00,USD,American,2,https://www.google.com/travel/flights/search?tfs=CBwQAhoeEgoyMDI3LTAxLTIxagcIARIDRFNNcgcIARIDU0pVGh4SCjIwMjctMDEtMjZqBwgBEgNTSlVyBwgBEgNEU01AAUABQAFAAkACQAJAA0gBcAGCAQsI____________AZgBAQ&hl=en&curr=USD,"Checked baggage for a fee; via ORD, MIA; outbound 07:36-21:30; read in Chrome by Claude, 6-seat search"
2026-09-28T18:09:00Z,dsm-sju-jan-thursdays,manual,DSM,SJU,2027-01-21,2027-01-26,6,2856.00,USD,American,1,https://www.google.com/travel/flights/search?tfs=CBwQAhoeEgoyMDI3LTAxLTIxagcIARIDRFNNcgcIARIDU0pVGh4SCjIwMjctMDEtMjZqBwgBEgNTSlVyBwgBEgNEU01AAUABQAFAAkACQAJAA0gBcAGCAQsI____________AZgBAQ&hl=en&curr=USD,"Checked baggage for a fee; via ORD; outbound 07:36-23:41; read in Chrome by Claude, 6-seat search"
2026-09-28T18:09:00Z,dsm-sju-jan-thursdays,manual,DSM,SJU,2027-01-28,2027-02-02,6,2753.00,USD,United,2,https://www.google.com/travel/flights/search?tfs=CBwQAhoeEgoyMDI3LTAxLTI4agcIARIDRFNNcgcIARIDU0pVGh4SCjIwMjctMDItMDJqBwgBEgNTSlVyBwgBEgNEU01AAUABQAFAAkACQAJAA0gBcAGCAQsI____________AZgBAQ&hl=en&curr=USD,"Carry-on bag not included; via ORD, EWR; outbound 09:37-00:36+1; read in Chrome by Claude, 6-seat search"
2026-09-28T18:09:00Z,dsm-sju-jan-thursdays,manual,DSM,SJU,2027-01-28,2027-02-02,6,2856.00,USD,American,2,https://www.google.com/travel/flights/search?tfs=CBwQAhoeEgoyMDI3LTAxLTI4agcIARIDRFNNcgcIARIDU0pVGh4SCjIwMjctMDItMDJqBwgBEgNTSlVyBwgBEgNEU01AAUABQAFAAkACQAJAA0gBcAGCAQsI____________AZgBAQ&hl=en&curr=USD,"Checked baggage for a fee; via DCA, MIA; outbound 06:00-21:30; read in Chrome by Claude, 6-seat search"
2026-09-28T18:09:00Z,dsm-sju-jan-thursdays,manual,DSM,SJU,2027-01-28,2027-02-02,6,2904.00,USD,Southwest,2,https://www.google.com/travel/flights/search?tfs=CBwQAhoeEgoyMDI3LTAxLTI4agcIARIDRFNNcgcIARIDU0pVGh4SCjIwMjctMDItMDJqBwgBEgNTSlVyBwgBEgNEU01AAUABQAFAAkACQAJAA0gBcAGCAQsI____________AZgBAQ&hl=en&curr=USD,"Checked baggage for a fee; via MDW, TPA; outbound 05:55-22:00; read in Chrome by Claude, 6-seat search"
2026-09-28T18:09:00Z,dsm-stt-apr-may-thursdays,manual,DSM,STT,2027-04-29,2027-05-04,6,3075.00,USD,American,2,https://www.google.com/travel/flights/search?tfs=CBwQAhoeEgoyMDI3LTA0LTI5agcIARIDRFNNcgcIARIDU1RUGh4SCjIwMjctMDUtMDRqBwgBEgNTVFRyBwgBEgNEU01AAUABQAFAAkACQAJAA0gBcAGCAQsI____________AZgBAQ&hl=en&curr=USD,"Checked baggage for a fee; Overnight layover (ORD, CLT); outbound 20:03-14:49+1; read in Chrome by Claude, 6-seat search"
2026-09-28T18:09:00Z,dsm-stt-apr-may-thursdays,manual,DSM,STT,2027-04-29,2027-05-04,6,3075.00,USD,American,2,https://www.google.com/travel/flights/search?tfs=CBwQAhoeEgoyMDI3LTA0LTI5agcIARIDRFNNcgcIARIDU1RUGh4SCjIwMjctMDUtMDRqBwgBEgNTVFRyBwgBEgNEU01AAUABQAFAAkACQAJAA0gBcAGCAQsI____________AZgBAQ&hl=en&curr=USD,"Checked baggage for a fee; Overnight layover (CLT, MIA); outbound 14:02-11:35+1; read in Chrome by Claude, 6-seat search"
2026-09-28T18:09:00Z,dsm-stt-apr-may-thursdays,manual,DSM,STT,2027-04-29,2027-05-04,6,3327.00,USD,American,2,https://www.google.com/travel/flights/search?tfs=CBwQAhoeEgoyMDI3LTA0LTI5agcIARIDRFNNcgcIARIDU1RUGh4SCjIwMjctMDUtMDRqBwgBEgNTVFRyBwgBEgNEU01AAUABQAFAAkACQAJAA0gBcAGCAQsI____________AZgBAQ&hl=en&curr=USD,"Checked baggage for a fee; Overnight layover (ORD, CLT); outbound 08:56-10:47+1; read in Chrome by Claude, 6-seat search"
2026-09-28T18:09:00Z,dsm-stt-apr-may-thursdays,manual,DSM,STT,2027-05-13,2027-05-18,6,3075.00,USD,American,2,https://www.google.com/travel/flights/search?tfs=CBwQAhoeEgoyMDI3LTA1LTEzagcIARIDRFNNcgcIARIDU1RUGh4SCjIwMjctMDUtMThqBwgBEgNTVFRyBwgBEgNEU01AAUABQAFAAkACQAJAA0gBcAGCAQsI____________AZgBAQ&hl=en&curr=USD,"Checked baggage for a fee; Overnight layover (ORD, CLT); outbound 20:02-14:49+1; read in Chrome by Claude, 6-seat search"
2026-09-28T18:09:00Z,dsm-stt-apr-may-thursdays,manual,DSM,STT,2027-05-13,2027-05-18,6,3075.00,USD,American,2,https://www.google.com/travel/flights/search?tfs=CBwQAhoeEgoyMDI3LTA1LTEzagcIARIDRFNNcgcIARIDU1RUGh4SCjIwMjctMDUtMThqBwgBEgNTVFRyBwgBEgNEU01AAUABQAFAAkACQAJAA0gBcAGCAQsI____________AZgBAQ&hl=en&curr=USD,"Checked baggage for a fee; Overnight layover (CLT, MIA); outbound 14:02-11:35+1; read in Chrome by Claude, 6-seat search"
2026-09-28T18:09:00Z,dsm-stt-apr-may-thursdays,manual,DSM,STT,2027-05-13,2027-05-18,6,3195.00,USD,American,2,https://www.google.com/travel/flights/search?tfs=CBwQAhoeEgoyMDI3LTA1LTEzagcIARIDRFNNcgcIARIDU1RUGh4SCjIwMjctMDUtMThqBwgBEgNTVFRyBwgBEgNEU01AAUABQAFAAkACQAJAA0gBcAGCAQsI____________AZgBAQ&hl=en&curr=USD,"Checked baggage for a fee; Overnight layover (DFW, MIA); outbound 15:20-13:05+1; read in Chrome by Claude, 6-seat search"
2026-09-28T18:09:00Z,dsm-sju-apr-may-thursdays,manual,DSM,SJU,2027-04-29,2027-05-04,6,2856.00,USD,Southwest,2,https://www.google.com/travel/flights/search?tfs=CBwQAhoeEgoyMDI3LTA0LTI5agcIARIDRFNNcgcIARIDU0pVGh4SCjIwMjctMDUtMDRqBwgBEgNTSlVyBwgBEgNEU01AAUABQAFAAkACQAJAA0gBcAGCAQsI____________AZgBAQ&hl=en&curr=USD,"Checked baggage for a fee; via BNA, TPA; outbound 07:45-22:10; read in Chrome by Claude, 6-seat search"
2026-09-28T18:09:00Z,dsm-sju-apr-may-thursdays,manual,DSM,SJU,2027-04-29,2027-05-04,6,2856.00,USD,American,1,https://www.google.com/travel/flights/search?tfs=CBwQAhoeEgoyMDI3LTA0LTI5agcIARIDRFNNcgcIARIDU0pVGh4SCjIwMjctMDUtMDRqBwgBEgNTSlVyBwgBEgNEU01AAUABQAFAAkACQAJAA0gBcAGCAQsI____________AZgBAQ&hl=en&curr=USD,"Checked baggage for a fee; Overnight layover (ORD); outbound 20:03-14:20+1; read in Chrome by Claude, 6-seat search"
2026-09-28T18:09:00Z,dsm-sju-apr-may-thursdays,manual,DSM,SJU,2027-04-29,2027-05-04,6,2976.00,USD,Delta,1,https://www.google.com/travel/flights/search?tfs=CBwQAhoeEgoyMDI3LTA0LTI5agcIARIDRFNNcgcIARIDU0pVGh4SCjIwMjctMDUtMDRqBwgBEgNTSlVyBwgBEgNEU01AAUABQAFAAkACQAJAA0gBcAGCAQsI____________AZgBAQ&hl=en&curr=USD,"Checked baggage for a fee; via ATL; outbound 11:04-20:20; read in Chrome by Claude, 6-seat search"
2026-09-28T18:09:00Z,dsm-sju-apr-may-thursdays,manual,DSM,SJU,2027-05-13,2027-05-18,6,2976.00,USD,Southwest,2,https://www.google.com/travel/flights/search?tfs=CBwQAhoeEgoyMDI3LTA1LTEzagcIARIDRFNNcgcIARIDU0pVGh4SCjIwMjctMDUtMThqBwgBEgNTSlVyBwgBEgNEU01AAUABQAFAAkACQAJAA0gBcAGCAQsI____________AZgBAQ&hl=en&curr=USD,"Checked baggage for a fee; via DEN, TPA; outbound 06:45-22:10; read in Chrome by Claude, 6-seat search"
2026-09-28T18:09:00Z,dsm-sju-apr-may-thursdays,manual,DSM,SJU,2027-05-13,2027-05-18,6,2976.00,USD,Southwest,2,https://www.google.com/travel/flights/search?tfs=CBwQAhoeEgoyMDI3LTA1LTEzagcIARIDRFNNcgcIARIDU0pVGh4SCjIwMjctMDUtMThqBwgBEgNTSlVyBwgBEgNEU01AAUABQAFAAkACQAJAA0gBcAGCAQsI____________AZgBAQ&hl=en&curr=USD,"Checked baggage for a fee; Overnight layover (DEN, MCO); outbound 18:55-09:20+1; read in Chrome by Claude, 6-seat search"
2026-09-28T18:09:00Z,dsm-sju-apr-may-thursdays,manual,DSM,SJU,2027-05-13,2027-05-18,6,3096.00,USD,American,2,https://www.google.com/travel/flights/search?tfs=CBwQAhoeEgoyMDI3LTA1LTEzagcIARIDRFNNcgcIARIDU0pVGh4SCjIwMjctMDUtMThqBwgBEgNTSlVyBwgBEgNEU01AAUABQAFAAkACQAJAA0gBcAGCAQsI____________AZgBAQ&hl=en&curr=USD,"Checked baggage for a fee; Overnight layover (ORD, CLT); outbound 20:02-15:35+1; read in Chrome by Claude, 6-seat search"
2026-09-28T18:09:00Z,ord-sju-jan-sat-thu,manual,ORD,SJU,2027-01-02,2027-01-07,6,2653.00,USD,Frontier,0,https://www.google.com/travel/flights/search?tfs=CBwQAhoeEgoyMDI3LTAxLTAyagcIARIDT1JEcgcIARIDU0pVGh4SCjIwMjctMDEtMDdqBwgBEgNTSlVyBwgBEgNPUkRAAUABQAFAAkACQAJAA0gBcAGCAQsI____________AZgBAQ&hl=en&curr=USD,"Carry-on bag not included; nonstop; outbound 23:50-06:36+1; read in Chrome by Claude, 6-seat search"
2026-09-28T18:09:00Z,ord-sju-jan-sat-thu,manual,ORD,SJU,2027-01-02,2027-01-07,6,3289.00,USD,Frontier,1,https://www.google.com/travel/flights/search?tfs=CBwQAhoeEgoyMDI3LTAxLTAyagcIARIDT1JEcgcIARIDU0pVGh4SCjIwMjctMDEtMDdqBwgBEgNTSlVyBwgBEgNPUkRAAUABQAFAAkACQAJAA0gBcAGCAQsI____________AZgBAQ&hl=en&curr=USD,"Carry-on bag not included; via FLL; outbound 05:00-14:02; read in Chrome by Claude, 6-seat search"
2026-09-28T18:09:00Z,ord-sju-jan-sat-thu,manual,ORD,SJU,2027-01-02,2027-01-07,6,3768.00,USD,American,1,https://www.google.com/travel/flights/search?tfs=CBwQAhoeEgoyMDI3LTAxLTAyagcIARIDT1JEcgcIARIDU0pVGh4SCjIwMjctMDEtMDdqBwgBEgNTSlVyBwgBEgNPUkRAAUABQAFAAkACQAJAA0gBcAGCAQsI____________AZgBAQ&hl=en&curr=USD,"Checked baggage for a fee; via CLT; outbound 12:05-21:16; read in Chrome by Claude, 6-seat search"
2026-09-28T18:09:00Z,ord-sju-jan-sat-thu,manual,ORD,SJU,2027-01-16,2027-01-21,6,1473.00,USD,United,1,https://www.google.com/travel/flights/search?tfs=CBwQAhoeEgoyMDI3LTAxLTE2agcIARIDT1JEcgcIARIDU0pVGh4SCjIwMjctMDEtMjFqBwgBEgNTSlVyBwgBEgNPUkRAAUABQAFAAkACQAJAA0gBcAGCAQsI____________AZgBAQ&hl=en&curr=USD,"Carry-on bag not included; via EWR; outbound 15:29-00:36+1; read in Chrome by Claude, 6-seat search"
2026-09-28T18:09:00Z,ord-sju-jan-sat-thu,manual,ORD,SJU,2027-01-16,2027-01-21,6,1639.00,USD,Frontier,0,https://www.google.com/travel/flights/search?tfs=CBwQAhoeEgoyMDI3LTAxLTE2agcIARIDT1JEcgcIARIDU0pVGh4SCjIwMjctMDEtMjFqBwgBEgNTSlVyBwgBEgNPUkRAAUABQAFAAkACQAJAA0gBcAGCAQsI____________AZgBAQ&hl=en&curr=USD,"Carry-on bag not included; nonstop; outbound 00:17-07:03; read in Chrome by Claude, 6-seat search"
2026-09-28T18:09:00Z,ord-sju-jan-sat-thu,manual,ORD,SJU,2027-01-16,2027-01-21,6,1773.00,USD,American,1,https://www.google.com/travel/flights/search?tfs=CBwQAhoeEgoyMDI3LTAxLTE2agcIARIDT1JEcgcIARIDU0pVGh4SCjIwMjctMDEtMjFqBwgBEgNTSlVyBwgBEgNPUkRAAUABQAFAAkACQAJAA0gBcAGCAQsI____________AZgBAQ&hl=en&curr=USD,"Checked baggage for a fee; via PHL; outbound 08:30-23:59; read in Chrome by Claude, 6-seat search"
2026-09-28T18:09:00Z,ord-sju-jan-sat-thu,manual,ORD,SJU,2027-01-30,2027-02-04,6,1473.00,USD,American,1,https://www.google.com/travel/flights/search?tfs=CBwQAhoeEgoyMDI3LTAxLTMwagcIARIDT1JEcgcIARIDU0pVGh4SCjIwMjctMDItMDRqBwgBEgNTSlVyBwgBEgNPUkRAAUABQAFAAkACQAJAA0gBcAGCAQsI____________AZgBAQ&hl=en&curr=USD,"Checked baggage for a fee; via PHL; outbound 08:30-23:59; read in Chrome by Claude, 6-seat search"
2026-09-28T18:09:00Z,ord-sju-jan-sat-thu,manual,ORD,SJU,2027-01-30,2027-02-04,6,1473.00,USD,American,1,https://www.google.com/travel/flights/search?tfs=CBwQAhoeEgoyMDI3LTAxLTMwagcIARIDT1JEcgcIARIDU0pVGh4SCjIwMjctMDItMDRqBwgBEgNTSlVyBwgBEgNPUkRAAUABQAFAAkACQAJAA0gBcAGCAQsI____________AZgBAQ&hl=en&curr=USD,"Checked baggage for a fee; Overnight layover (MIA); outbound 18:10-09:38+1; read in Chrome by Claude, 6-seat search"
2026-09-28T18:09:00Z,ord-sju-jan-sat-thu,manual,ORD,SJU,2027-01-30,2027-02-04,6,1500.00,USD,United,1,https://www.google.com/travel/flights/search?tfs=CBwQAhoeEgoyMDI3LTAxLTMwagcIARIDT1JEcgcIARIDU0pVGh4SCjIwMjctMDItMDRqBwgBEgNTSlVyBwgBEgNPUkRAAUABQAFAAkACQAJAA0gBcAGCAQsI____________AZgBAQ&hl=en&curr=USD,"Carry-on bag not included; via EWR; outbound 15:29-00:36+1; read in Chrome by Claude, 6-seat search"
2026-09-28T18:09:00Z,msp-sju-jan-sat-thu,manual,MSP,SJU,2027-01-02,2027-01-07,6,3192.00,USD,American,1,https://www.google.com/travel/flights/search?tfs=CBwQAhoeEgoyMDI3LTAxLTAyagcIARIDTVNQcgcIARIDU0pVGh4SCjIwMjctMDEtMDdqBwgBEgNTSlVyBwgBEgNNU1BAAUABQAFAAkACQAJAA0gBcAGCAQsI____________AZgBAQ&hl=en&curr=USD,"Checked baggage for a fee; via PHL; outbound 06:00-23:56; read in Chrome by Claude, 6-seat search"
2026-09-28T18:09:00Z,msp-sju-jan-sat-thu,manual,MSP,SJU,2027-01-02,2027-01-07,6,3876.00,USD,American,1,https://www.google.com/travel/flights/search?tfs=CBwQAhoeEgoyMDI3LTAxLTAyagcIARIDTVNQcgcIARIDU0pVGh4SCjIwMjctMDEtMDdqBwgBEgNTSlVyBwgBEgNNU1BAAUABQAFAAkACQAJAA0gBcAGCAQsI____________AZgBAQ&hl=en&curr=USD,"Checked baggage for a fee; Overnight layover (ORD); outbound 19:13-05:36+1; read in Chrome by Claude, 6-seat search"
2026-09-28T18:09:00Z,msp-sju-jan-sat-thu,manual,MSP,SJU,2027-01-02,2027-01-07,6,3888.00,USD,Southwest,1,https://www.google.com/travel/flights/search?tfs=CBwQAhoeEgoyMDI3LTAxLTAyagcIARIDTVNQcgcIARIDU0pVGh4SCjIwMjctMDEtMDdqBwgBEgNTSlVyBwgBEgNNU1BAAUABQAFAAkACQAJAA0gBcAGCAQsI____________AZgBAQ&hl=en&curr=USD,"Checked baggage for a fee; via MDW; outbound 05:05-15:35; read in Chrome by Claude, 6-seat search"
2026-09-28T18:09:00Z,msp-sju-jan-sat-thu,manual,MSP,SJU,2027-01-16,2027-01-21,6,2131.00,USD,United,2,https://www.google.com/travel/flights/search?tfs=CBwQAhoeEgoyMDI3LTAxLTE2agcIARIDTVNQcgcIARIDU0pVGh4SCjIwMjctMDEtMjFqBwgBEgNTSlVyBwgBEgNNU1BAAUABQAFAAkACQAJAA0gBcAGCAQsI____________AZgBAQ&hl=en&curr=USD,"Carry-on bag not included; via ORD, EWR; outbound 06:00-00:36+1; read in Chrome by Claude, 6-seat search"
2026-09-28T18:09:00Z,msp-sju-jan-sat-thu,manual,MSP,SJU,2027-01-16,2027-01-21,6,2388.00,USD,Southwest,2,https://www.google.com/travel/flights/search?tfs=CBwQAhoeEgoyMDI3LTAxLTE2agcIARIDTVNQcgcIARIDU0pVGh4SCjIwMjctMDEtMjFqBwgBEgNTSlVyBwgBEgNNU1BAAUABQAFAAkACQAJAA0gBcAGCAQsI____________AZgBAQ&hl=en&curr=USD,"Checked baggage for a fee; via MDW, TPA; outbound 07:45-22:00; read in Chrome by Claude, 6-seat search"
2026-09-28T18:09:00Z,msp-sju-jan-sat-thu,manual,MSP,SJU,2027-01-16,2027-01-21,6,2762.00,USD,United,1,https://www.google.com/travel/flights/search?tfs=CBwQAhoeEgoyMDI3LTAxLTE2agcIARIDTVNQcgcIARIDU0pVGh4SCjIwMjctMDEtMjFqBwgBEgNTSlVyBwgBEgNNU1BAAUABQAFAAkACQAJAA0gBcAGCAQsI____________AZgBAQ&hl=en&curr=USD,"Carry-on bag not included; via ORD; outbound 08:00-21:00; read in Chrome by Claude, 6-seat search"
2026-09-28T18:09:00Z,msp-sju-jan-sat-thu,manual,MSP,SJU,2027-01-30,2027-02-04,6,1980.00,USD,United,2,https://www.google.com/travel/flights/search?tfs=CBwQAhoeEgoyMDI3LTAxLTMwagcIARIDTVNQcgcIARIDU0pVGh4SCjIwMjctMDItMDRqBwgBEgNTSlVyBwgBEgNNU1BAAUABQAFAAkACQAJAA0gBcAGCAQsI____________AZgBAQ&hl=en&curr=USD,"Carry-on bag not included; via ORD, EWR; outbound 08:00-00:36+1; read in Chrome by Claude, 6-seat search"
2026-09-28T18:09:00Z,msp-sju-jan-sat-thu,manual,MSP,SJU,2027-01-30,2027-02-04,6,2268.00,USD,Southwest,1,https://www.google.com/travel/flights/search?tfs=CBwQAhoeEgoyMDI3LTAxLTMwagcIARIDTVNQcgcIARIDU0pVGh4SCjIwMjctMDItMDRqBwgBEgNTSlVyBwgBEgNNU1BAAUABQAFAAkACQAJAA0gBcAGCAQsI____________AZgBAQ&hl=en&curr=USD,"Checked baggage for a fee; via MCO; outbound 13:40-23:30; read in Chrome by Claude, 6-seat search"
2026-09-28T18:09:00Z,msp-sju-jan-sat-thu,manual,MSP,SJU,2027-01-30,2027-02-04,6,2478.00,USD,Southwest,1,https://www.google.com/travel/flights/search?tfs=CBwQAhoeEgoyMDI3LTAxLTMwagcIARIDTVNQcgcIARIDU0pVGh4SCjIwMjctMDItMDRqBwgBEgNTSlVyBwgBEgNNU1BAAUABQAFAAkACQAJAA0gBcAGCAQsI____________AZgBAQ&hl=en&curr=USD,"Checked baggage for a fee; via STL; outbound 06:15-15:15; read in Chrome by Claude, 6-seat search"
2026-09-28T18:09:00Z,ord-stt-jan-sat-thu,manual,ORD,STT,2027-01-09,2027-01-14,6,3342.00,USD,United,1,https://www.google.com/travel/flights/search?tfs=CBwQAhoeEgoyMDI3LTAxLTA5agcIARIDT1JEcgcIARIDU1RUGh4SCjIwMjctMDEtMTRqBwgBEgNTVFRyBwgBEgNPUkRAAUABQAFAAkACQAJAA0gBcAGCAQsI____________AZgBAQ&hl=en&curr=USD,"Carry-on bag not included; Overnight layover (IAD); outbound 21:41-13:56+1; read in Chrome by Claude, 6-seat search"
2026-09-28T18:09:00Z,ord-stt-jan-sat-thu,manual,ORD,STT,2027-01-09,2027-01-14,6,3516.00,USD,American,1,https://www.google.com/travel/flights/search?tfs=CBwQAhoeEgoyMDI3LTAxLTA5agcIARIDT1JEcgcIARIDU1RUGh4SCjIwMjctMDEtMTRqBwgBEgNTVFRyBwgBEgNPUkRAAUABQAFAAkACQAJAA0gBcAGCAQsI____________AZgBAQ&hl=en&curr=USD,"Checked baggage for a fee; Overnight layover (MIA); outbound 18:10-12:24+1; read in Chrome by Claude, 6-seat search"
2026-09-28T18:09:00Z,ord-stt-jan-sat-thu,manual,ORD,STT,2027-01-09,2027-01-14,6,3516.00,USD,American,1,https://www.google.com/travel/flights/search?tfs=CBwQAhoeEgoyMDI3LTAxLTA5agcIARIDT1JEcgcIARIDU1RUGh4SCjIwMjctMDEtMTRqBwgBEgNTVFRyBwgBEgNPUkRAAUABQAFAAkACQAJAA0gBcAGCAQsI____________AZgBAQ&hl=en&curr=USD,"Checked baggage for a fee; Overnight layover (PHL); outbound 21:30-13:17+1; read in Chrome by Claude, 6-seat search"
2026-09-28T18:09:00Z,ord-stt-jan-sat-thu,manual,ORD,STT,2027-01-23,2027-01-28,6,3342.00,USD,United,1,https://www.google.com/travel/flights/search?tfs=CBwQAhoeEgoyMDI3LTAxLTIzagcIARIDT1JEcgcIARIDU1RUGh4SCjIwMjctMDEtMjhqBwgBEgNTVFRyBwgBEgNPUkRAAUABQAFAAkACQAJAA0gBcAGCAQsI____________AZgBAQ&hl=en&curr=USD,"Carry-on bag not included; Overnight layover (IAD); outbound 21:41-13:56+1; read in Chrome by Claude, 6-seat search"
2026-09-28T18:09:00Z,ord-stt-jan-sat-thu,manual,ORD,STT,2027-01-23,2027-01-28,6,3543.00,USD,American,2,https://www.google.com/travel/flights/search?tfs=CBwQAhoeEgoyMDI3LTAxLTIzagcIARIDT1JEcgcIARIDU1RUGh4SCjIwMjctMDEtMjhqBwgBEgNTVFRyBwgBEgNPUkRAAUABQAFAAkACQAJAA0gBcAGCAQsI____________AZgBAQ&hl=en&curr=USD,"Checked baggage for a fee; Overnight layover (DCA, MIA); outbound 20:38-12:24+1; read in Chrome by Claude, 6-seat search"
2026-09-28T18:09:00Z,ord-stt-jan-sat-thu,manual,ORD,STT,2027-01-23,2027-01-28,6,3543.00,USD,American,1,https://www.google.com/travel/flights/search?tfs=CBwQAhoeEgoyMDI3LTAxLTIzagcIARIDT1JEcgcIARIDU1RUGh4SCjIwMjctMDEtMjhqBwgBEgNTVFRyBwgBEgNPUkRAAUABQAFAAkACQAJAA0gBcAGCAQsI____________AZgBAQ&hl=en&curr=USD,"Checked baggage for a fee; Overnight layover (PHL); outbound 21:30-13:17+1; read in Chrome by Claude, 6-seat search"
2026-09-28T18:09:00Z,ord-stt-jan-sat-thu,manual,ORD,STT,2027-01-30,2027-02-04,6,3516.00,USD,American,1,https://www.google.com/travel/flights/search?tfs=CBwQAhoeEgoyMDI3LTAxLTMwagcIARIDT1JEcgcIARIDU1RUGh4SCjIwMjctMDItMDRqBwgBEgNTVFRyBwgBEgNPUkRAAUABQAFAAkACQAJAA0gBcAGCAQsI____________AZgBAQ&hl=en&curr=USD,"Checked baggage for a fee; Overnight layover (MIA); outbound 18:10-12:24+1; read in Chrome by Claude, 6-seat search"
2026-09-28T18:09:00Z,ord-stt-jan-sat-thu,manual,ORD,STT,2027-01-30,2027-02-04,6,3516.00,USD,American,1,https://www.google.com/travel/flights/search?tfs=CBwQAhoeEgoyMDI3LTAxLTMwagcIARIDT1JEcgcIARIDU1RUGh4SCjIwMjctMDItMDRqBwgBEgNTVFRyBwgBEgNPUkRAAUABQAFAAkACQAJAA0gBcAGCAQsI____________AZgBAQ&hl=en&curr=USD,"Checked baggage for a fee; Overnight layover (PHL); outbound 21:30-13:17+1; read in Chrome by Claude, 6-seat search"
2026-09-28T18:09:00Z,ord-stt-jan-sat-thu,manual,ORD,STT,2027-01-30,2027-02-04,6,3543.00,USD,American,2,https://www.google.com/travel/flights/search?tfs=CBwQAhoeEgoyMDI3LTAxLTMwagcIARIDT1JEcgcIARIDU1RUGh4SCjIwMjctMDItMDRqBwgBEgNTVFRyBwgBEgNPUkRAAUABQAFAAkACQAJAA0gBcAGCAQsI____________AZgBAQ&hl=en&curr=USD,"Checked baggage for a fee; Overnight layover (DCA, MIA); outbound 20:38-12:24+1; read in Chrome by Claude, 6-seat search"
2026-10-04T17:23:35Z,dsm-stt-jan-sat-thu,serpapi,DSM,STT,2027-01-02,2027-01-07,6,2956.00,USD,American,1,https://www.google.com/travel/flights?hl=en&gl=us&curr=USD&tfs=CBwQAhoeEgoyMDI3LTAxLTAyagcIARIDRFNNcgcIARIDU1RUGh4SCjIwMjctMDEtMDdqBwgBEgNTVFRyBwgBEgNEU01AAUABQAFAAkACQAJAA0gBcAGYAQE&tfu=EgIIAQ,Checked baggage for a fee; Bag and fare conditions depend on the return flight
2026-10-04T17:23:35Z,dsm-stt-jan-sat-thu,serpapi,DSM,STT,2027-01-02,2027-01-07,6,4876.00,USD,United,1,https://www.google.com/travel/flights?hl=en&gl=us&curr=USD&tfs=CBwQAhoeEgoyMDI3LTAxLTAyagcIARIDRFNNcgcIARIDU1RUGh4SCjIwMjctMDEtMDdqBwgBEgNTVFRyBwgBEgNEU01AAUABQAFAAkACQAJAA0gBcAGYAQE&tfu=EgIIAQ,Checked baggage for a fee; Bag and fare conditions depend on the return flight
2026-10-04T17:23:35Z,dsm-stt-jan-sat-thu,serpapi,DSM,STT,2027-01-02,2027-01-07,6,5110.00,USD,United,1,https://www.google.com/travel/flights?hl=en&gl=us&curr=USD&tfs=CBwQAhoeEgoyMDI3LTAxLTAyagcIARIDRFNNcgcIARIDU1RUGh4SCjIwMjctMDEtMDdqBwgBEgNTVFRyBwgBEgNEU01AAUABQAFAAkACQAJAA0gBcAGYAQE&tfu=EgIIAQ,Checked baggage for a fee; Bag and fare conditions depend on the return flight
2026-10-04T17:23:35Z,dsm-stt-jan-sat-thu,serpapi,DSM,STT,2027-01-02,2027-01-07,6,2956.00,USD,American,2,https://www.google.com/travel/flights?hl=en&gl=us&curr=USD&tfs=CBwQAhoeEgoyMDI3LTAxLTAyagcIARIDRFNNcgcIARIDU1RUGh4SCjIwMjctMDEtMDdqBwgBEgNTVFRyBwgBEgNEU01AAUABQAFAAkACQAJAA0gBcAGYAQE&tfu=EgIIAQ,Checked baggage for a fee; Bag and fare conditions depend on the return flight
2026-10-04T17:23:35Z,dsm-stt-jan-sat-thu,serpapi,DSM,STT,2027-01-02,2027-01-07,6,3916.00,USD,American,1,https://www.google.com/travel/flights?hl=en&gl=us&curr=USD&tfs=CBwQAhoeEgoyMDI3LTAxLTAyagcIARIDRFNNcgcIARIDU1RUGh4SCjIwMjctMDEtMDdqBwgBEgNTVFRyBwgBEgNEU01AAUABQAFAAkACQAJAA0gBcAGYAQE&tfu=EgIIAQ,Checked baggage for a fee; Bag and fare conditions depend on the return flight
2026-10-04T17:23:35Z,dsm-stt-jan-sat-thu,serpapi,DSM,STT,2027-01-02,2027-01-07,6,4420.00,USD,American,1,https://www.google.com/travel/flights?hl=en&gl=us&curr=USD&tfs=CBwQAhoeEgoyMDI3LTAxLTAyagcIARIDRFNNcgcIARIDU1RUGh4SCjIwMjctMDEtMDdqBwgBEgNTVFRyBwgBEgNEU01AAUABQAFAAkACQAJAA0gBcAGYAQE&tfu=EgIIAQ,Checked baggage for a fee; Bag and fare conditions depend on the return flight
2026-10-04T17:23:35Z,dsm-stt-jan-sat-thu,serpapi,DSM,STT,2027-01-02,2027-01-07,6,4636.00,USD,United,2,https://www.google.com/travel/flights?hl=en&gl=us&curr=USD&tfs=CBwQAhoeEgoyMDI3LTAxLTAyagcIARIDRFNNcgcIARIDU1RUGh4SCjIwMjctMDEtMDdqBwgBEgNTVFRyBwgBEgNEU01AAUABQAFAAkACQAJAA0gBcAGYAQE&tfu=EgIIAQ,Checked baggage for a fee; Bag and fare conditions depend on the return flight
2026-10-04T17:23:35Z,dsm-stt-jan-sat-thu,serpapi,DSM,STT,2027-01-02,2027-01-07,6,4966.00,USD,American,1,https://www.google.com/travel/flights?hl=en&gl=us&curr=USD&tfs=CBwQAhoeEgoyMDI3LTAxLTAyagcIARIDRFNNcgcIARIDU1RUGh4SCjIwMjctMDEtMDdqBwgBEgNTVFRyBwgBEgNEU01AAUABQAFAAkACQAJAA0gBcAGYAQE&tfu=EgIIAQ,Checked baggage for a fee; Bag and fare conditions depend on the return flight
2026-10-04T17:23:35Z,dsm-stt-jan-sat-thu,serpapi,DSM,STT,2027-01-02,2027-01-07,6,8518.00,USD,Delta,1,https://www.google.com/travel/flights?hl=en&gl=us&curr=USD&tfs=CBwQAhoeEgoyMDI3LTAxLTAyagcIARIDRFNNcgcIARIDU1RUGh4SCjIwMjctMDEtMDdqBwgBEgNTVFRyBwgBEgNEU01AAUABQAFAAkACQAJAA0gBcAGYAQE&tfu=EgIIAQ,Checked baggage for a fee; Bag and fare conditions depend on the return flight
2026-10-04T17:23:41Z,dsm-stt-jan-sat-thu,serpapi,DSM,STT,2027-01-09,2027-01-14,6,2956.00,USD,American,2,https://www.google.com/travel/flights?hl=en&gl=us&curr=USD&tfs=CBwQAhoeEgoyMDI3LTAxLTA5agcIARIDRFNNcgcIARIDU1RUGh4SCjIwMjctMDEtMTRqBwgBEgNTVFRyBwgBEgNEU01AAUABQAFAAkACQAJAA0gBcAGYAQE&tfu=EgIIAQ,Checked baggage for a fee; Bag and fare conditions depend on the return flight
2026-10-04T17:23:41Z,dsm-stt-jan-sat-thu,serpapi,DSM,STT,2027-01-09,2027-01-14,6,2956.00,USD,American,1,https://www.google.com/travel/flights?hl=en&gl=us&curr=USD&tfs=CBwQAhoeEgoyMDI3LTAxLTA5agcIARIDRFNNcgcIARIDU1RUGh4SCjIwMjctMDEtMTRqBwgBEgNTVFRyBwgBEgNEU01AAUABQAFAAkACQAJAA0gBcAGYAQE&tfu=EgIIAQ,Checked baggage for a fee; Bag and fare conditions depend on the return flight
2026-10-04T17:23:41Z,dsm-stt-jan-sat-thu,serpapi,DSM,STT,2027-01-09,2027-01-14,6,3706.00,USD,United,2,https://www.google.com/travel/flights?hl=en&gl=us&curr=USD&tfs=CBwQAhoeEgoyMDI3LTAxLTA5agcIARIDRFNNcgcIARIDU1RUGh4SCjIwMjctMDEtMTRqBwgBEgNTVFRyBwgBEgNEU01AAUABQAFAAkACQAJAA0gBcAGYAQE&tfu=EgIIAQ,Checked baggage for a fee; Bag and fare conditions depend on the return flight
2026-10-04T17:23:41Z,dsm-stt-jan-sat-thu,serpapi,DSM,STT,2027-01-09,2027-01-14,6,3351.00,USD,American,1,https://www.google.com/travel/flights?hl=en&gl=us&curr=USD&tfs=CBwQAhoeEgoyMDI3LTAxLTA5agcIARIDRFNNcgcIARIDU1RUGh4SCjIwMjctMDEtMTRqBwgBEgNTVFRyBwgBEgNEU01AAUABQAFAAkACQAJAA0gBcAGYAQE&tfu=EgIIAQ,Checked baggage for a fee; Bag and fare conditions depend on the return flight
2026-10-04T17:23:41Z,dsm-stt-jan-sat-thu,serpapi,DSM,STT,2027-01-09,2027-01-14,6,5052.00,USD,United,1,https://www.google.com/travel/flights?hl=en&gl=us&curr=USD&tfs=CBwQAhoeEgoyMDI3LTAxLTA5agcIARIDRFNNcgcIARIDU1RUGh4SCjIwMjctMDEtMTRqBwgBEgNTVFRyBwgBEgNEU01AAUABQAFAAkACQAJAA0gBcAGYAQE&tfu=EgIIAQ,Checked baggage for a fee; Bag and fare conditions depend on the return flight
2026-10-04T17:23:41Z,dsm-stt-jan-sat-thu,serpapi,DSM,STT,2027-01-09,2027-01-14,6,8050.00,USD,Delta,1,https://www.google.com/travel/flights?hl=en&gl=us&curr=USD&tfs=CBwQAhoeEgoyMDI3LTAxLTA5agcIARIDRFNNcgcIARIDU1RUGh4SCjIwMjctMDEtMTRqBwgBEgNTVFRyBwgBEgNEU01AAUABQAFAAkACQAJAA0gBcAGYAQE&tfu=EgIIAQ,Checked baggage for a fee; Bag and fare conditions depend on the return flight
2026-10-04T17:23:54Z,dsm-stt-jan-sat-thu,serpapi,DSM,STT,2027-01-16,2027-01-21,6,3406.00,USD,American,2,https://www.google.com/travel/flights?hl=en&gl=us&curr=USD&tfs=CBwQAhoeEgoyMDI3LTAxLTE2agcIARIDRFNNcgcIARIDU1RUGh4SCjIwMjctMDEtMjFqBwgBEgNTVFRyBwgBEgNEU01AAUABQAFAAkACQAJAA0gBcAGYAQE&tfu=EgIIAQ,Checked baggage for a fee; Bag and fare conditions depend on the return flight
2026-10-04T17:23:54Z,dsm-stt-jan-sat-thu,serpapi,DSM,STT,2027-01-16,2027-01-21,6,3406.00,USD,American,1,https://www.google.com/travel/flights?hl=en&gl=us&curr=USD&tfs=CBwQAhoeEgoyMDI3LTAxLTE2agcIARIDRFNNcgcIARIDU1RUGh4SCjIwMjctMDEtMjFqBwgBEgNTVFRyBwgBEgNEU01AAUABQAFAAkACQAJAA0gBcAGYAQE&tfu=EgIIAQ,Checked baggage for a fee; Bag and fare conditions depend on the return flight
2026-10-04T17:23:54Z,dsm-stt-jan-sat-thu,serpapi,DSM,STT,2027-01-16,2027-01-21,6,4018.00,USD,United,2,https://www.google.com/travel/flights?hl=en&gl=us&curr=USD&tfs=CBwQAhoeEgoyMDI3LTAxLTE2agcIARIDRFNNcgcIARIDU1RUGh4SCjIwMjctMDEtMjFqBwgBEgNTVFRyBwgBEgNEU01AAUABQAFAAkACQAJAA0gBcAGYAQE&tfu=EgIIAQ,Checked baggage for a fee; Bag and fare conditions depend on the return flight
2026-10-04T17:23:54Z,dsm-stt-jan-sat-thu,serpapi,DSM,STT,2027-01-16,2027-01-21,6,4204.00,USD,American,1,https://www.google.com/travel/flights?hl=en&gl=us&curr=USD&tfs=CBwQAhoeEgoyMDI3LTAxLTE2agcIARIDRFNNcgcIARIDU1RUGh4SCjIwMjctMDEtMjFqBwgBEgNTVFRyBwgBEgNEU01AAUABQAFAAkACQAJAA0gBcAGYAQE&tfu=EgIIAQ,Checked baggage for a fee; Bag and fare conditions depend on the return flight
2026-10-04T17:23:54Z,dsm-stt-jan-sat-thu,serpapi,DSM,STT,2027-01-16,2027-01-21,6,4890.00,USD,United,1,https://www.google.com/travel/flights?hl=en&gl=us&curr=USD&tfs=CBwQAhoeEgoyMDI3LTAxLTE2agcIARIDRFNNcgcIARIDU1RUGh4SCjIwMjctMDEtMjFqBwgBEgNTVFRyBwgBEgNEU01AAUABQAFAAkACQAJAA0gBcAGYAQE&tfu=EgIIAQ,Checked baggage for a fee; Bag and fare conditions depend on the return flight
2026-10-04T17:23:54Z,dsm-stt-jan-sat-thu,serpapi,DSM,STT,2027-01-16,2027-01-21,6,8050.00,USD,Delta,1,https://www.google.com/travel/flights?hl=en&gl=us&curr=USD&tfs=CBwQAhoeEgoyMDI3LTAxLTE2agcIARIDRFNNcgcIARIDU1RUGh4SCjIwMjctMDEtMjFqBwgBEgNTVFRyBwgBEgNEU01AAUABQAFAAkACQAJAA0gBcAGYAQE&tfu=EgIIAQ,Checked baggage for a fee; Bag and fare conditions depend on the return flight
2026-10-04T17:24:20Z,dsm-stt-jan-sat-thu,serpapi,DSM,STT,2027-01-23,2027-01-28,6,2956.00,USD,American,2,https://www.google.com/travel/flights?hl=en&gl=us&curr=USD&tfs=CBwQAhoeEgoyMDI3LTAxLTIzagcIARIDRFNNcgcIARIDU1RUGh4SCjIwMjctMDEtMjhqBwgBEgNTVFRyBwgBEgNEU01AAUABQAFAAkACQAJAA0gBcAGYAQE&tfu=EgIIAQ,Checked baggage for a fee; Bag and fare conditions depend on the return flight
2026-10-04T17:24:20Z,dsm-stt-jan-sat-thu,serpapi,DSM,STT,2027-01-23,2027-01-28,6,2956.00,USD,American,1,https://www.google.com/travel/flights?hl=en&gl=us&curr=USD&tfs=CBwQAhoeEgoyMDI3LTAxLTIzagcIARIDRFNNcgcIARIDU1RUGh4SCjIwMjctMDEtMjhqBwgBEgNTVFRyBwgBEgNEU01AAUABQAFAAkACQAJAA0gBcAGYAQE&tfu=EgIIAQ,Checked baggage for a fee; Bag and fare conditions depend on the return flight
2026-10-04T17:24:20Z,dsm-stt-jan-sat-thu,serpapi,DSM,STT,2027-01-23,2027-01-28,6,3544.00,USD,United,2,https://www.google.com/travel/flights?hl=en&gl=us&curr=USD&tfs=CBwQAhoeEgoyMDI3LTAxLTIzagcIARIDRFNNcgcIARIDU1RUGh4SCjIwMjctMDEtMjhqBwgBEgNTVFRyBwgBEgNEU01AAUABQAFAAkACQAJAA0gBcAGYAQE&tfu=EgIIAQ,Checked baggage for a fee; Bag and fare conditions depend on the return flight
2026-10-04T17:24:20Z,dsm-stt-jan-sat-thu,serpapi,DSM,STT,2027-01-23,2027-01-28,6,4222.00,USD,American,1,https://www.google.com/travel/flights?hl=en&gl=us&curr=USD&tfs=CBwQAhoeEgoyMDI3LTAxLTIzagcIARIDRFNNcgcIARIDU1RUGh4SCjIwMjctMDEtMjhqBwgBEgNTVFRyBwgBEgNEU01AAUABQAFAAkACQAJAA0gBcAGYAQE&tfu=EgIIAQ,Checked baggage for a fee; Bag and fare conditions depend on the return flight
2026-10-04T17:24:20Z,dsm-stt-jan-sat-thu,serpapi,DSM,STT,2027-01-23,2027-01-28,6,3351.00,USD,American,1,https://www.google.com/travel/flights?hl=en&gl=us&curr=USD&tfs=CBwQAhoeEgoyMDI3LTAxLTIzagcIARIDRFNNcgcIARIDU1RUGh4SCjIwMjctMDEtMjhqBwgBEgNTVFRyBwgBEgNEU01AAUABQAFAAkACQAJAA0gBcAGYAQE&tfu=EgIIAQ,Checked baggage for a fee; Bag and fare conditions depend on the return flight
2026-10-04T17:24:20Z,dsm-stt-jan-sat-thu,serpapi,DSM,STT,2027-01-23,2027-01-28,6,6178.00,USD,Delta,1,https://www.google.com/travel/flights?hl=en&gl=us&curr=USD&tfs=CBwQAhoeEgoyMDI3LTAxLTIzagcIARIDRFNNcgcIARIDU1RUGh4SCjIwMjctMDEtMjhqBwgBEgNTVFRyBwgBEgNEU01AAUABQAFAAkACQAJAA0gBcAGYAQE&tfu=EgIIAQ,Checked baggage for a fee; Bag and fare conditions depend on the return flight
2026-10-04T17:24:30Z,dsm-stt-jan-sat-thu,serpapi,DSM,STT,2027-01-30,2027-02-04,6,2956.00,USD,American,2,https://www.google.com/travel/flights?hl=en&gl=us&curr=USD&tfs=CBwQAhoeEgoyMDI3LTAxLTMwagcIARIDRFNNcgcIARIDU1RUGh4SCjIwMjctMDItMDRqBwgBEgNTVFRyBwgBEgNEU01AAUABQAFAAkACQAJAA0gBcAGYAQE&tfu=EgIIAQ,Checked baggage for a fee; Bag and fare conditions depend on the return flight
2026-10-04T17:24:30Z,dsm-stt-jan-sat-thu,serpapi,DSM,STT,2027-01-30,2027-02-04,6,2956.00,USD,American,1,https://www.google.com/travel/flights?hl=en&gl=us&curr=USD&tfs=CBwQAhoeEgoyMDI3LTAxLTMwagcIARIDRFNNcgcIARIDU1RUGh4SCjIwMjctMDItMDRqBwgBEgNTVFRyBwgBEgNEU01AAUABQAFAAkACQAJAA0gBcAGYAQE&tfu=EgIIAQ,Checked baggage for a fee; Bag and fare conditions depend on the return flight
2026-10-04T17:24:30Z,dsm-stt-jan-sat-thu,serpapi,DSM,STT,2027-01-30,2027-02-04,6,3706.00,USD,United,2,https://www.google.com/travel/flights?hl=en&gl=us&curr=USD&tfs=CBwQAhoeEgoyMDI3LTAxLTMwagcIARIDRFNNcgcIARIDU1RUGh4SCjIwMjctMDItMDRqBwgBEgNTVFRyBwgBEgNEU01AAUABQAFAAkACQAJAA0gBcAGYAQE&tfu=EgIIAQ,Checked baggage for a fee; Bag and fare conditions depend on the return flight
2026-10-04T17:24:30Z,dsm-stt-jan-sat-thu,serpapi,DSM,STT,2027-01-30,2027-02-04,6,3351.00,USD,American,1,https://www.google.com/travel/flights?hl=en&gl=us&curr=USD&tfs=CBwQAhoeEgoyMDI3LTAxLTMwagcIARIDRFNNcgcIARIDU1RUGh4SCjIwMjctMDItMDRqBwgBEgNTVFRyBwgBEgNEU01AAUABQAFAAkACQAJAA0gBcAGYAQE&tfu=EgIIAQ,Checked baggage for a fee; Bag and fare conditions depend on the return flight
2026-10-04T17:24:30Z,dsm-stt-jan-sat-thu,serpapi,DSM,STT,2027-01-30,2027-02-04,6,4966.00,USD,American,1,https://www.google.com/travel/flights?hl=en&gl=us&curr=USD&tfs=CBwQAhoeEgoyMDI3LTAxLTMwagcIARIDRFNNcgcIARIDU1RUGh4SCjIwMjctMDItMDRqBwgBEgNTVFRyBwgBEgNEU01AAUABQAFAAkACQAJAA0gBcAGYAQE&tfu=EgIIAQ,Checked baggage for a fee; Bag and fare conditions depend on the return flight
2026-10-04T17:24:30Z,dsm-stt-jan-sat-thu,serpapi,DSM,STT,2027-01-30,2027-02-04,6,6790.00,USD,Delta,1,https://www.google.com/travel/flights?hl=en&gl=us&curr=USD&tfs=CBwQAhoeEgoyMDI3LTAxLTMwagcIARIDRFNNcgcIARIDU1RUGh4SCjIwMjctMDItMDRqBwgBEgNTVFRyBwgBEgNEU01AAUABQAFAAkACQAJAA0gBcAGYAQE&tfu=EgIIAQ,Checked baggage for a fee; Bag and fare conditions depend on the return flight
2026-10-04T17:24:30Z,dsm-stt-jan-sat-thu,serpapi,DSM,STT,2027-01-30,2027-02-04,6,7654.00,USD,Delta,1,https://www.google.com/travel/flights?hl=en&gl=us&curr=USD&tfs=CBwQAhoeEgoyMDI3LTAxLTMwagcIARIDRFNNcgcIARIDU1RUGh4SCjIwMjctMDItMDRqBwgBEgNTVFRyBwgBEgNEU01AAUABQAFAAkACQAJAA0gBcAGYAQE&tfu=EgIIAQ,Checked baggage for a fee; Bag and fare conditions depend on the return flight
2026-10-04T17:24:42Z,dsm-sju-jan-sat-thu,serpapi,DSM,SJU,2027-01-02,2027-01-07,6,3864.00,USD,American,1,https://www.google.com/travel/flights?hl=en&gl=us&curr=USD&tfs=CBwQAhoeEgoyMDI3LTAxLTAyagcIARIDRFNNcgcIARIDU0pVGh4SCjIwMjctMDEtMDdqBwgBEgNTSlVyBwgBEgNEU01AAUABQAFAAkACQAJAA0gBcAGYAQE&tfu=EgIIAQ,Checked baggage for a fee; Bag and fare conditions depend on the return flight
2026-10-04T17:24:42Z,dsm-sju-jan-sat-thu,serpapi,DSM,SJU,2027-01-02,2027-01-07,6,4740.00,USD,Southwest,1,https://www.google.com/travel/flights?hl=en&gl=us&curr=USD&tfs=CBwQAhoeEgoyMDI3LTAxLTAyagcIARIDRFNNcgcIARIDU0pVGh4SCjIwMjctMDEtMDdqBwgBEgNTSlVyBwgBEgNEU01AAUABQAFAAkACQAJAA0gBcAGYAQE&tfu=EgIIAQ,Checked baggage for a fee; Bag and fare conditions depend on the return flight
2026-10-04T17:24:42Z,dsm-sju-jan-sat-thu,serpapi,DSM,SJU,2027-01-02,2027-01-07,6,4995.00,USD,United,1,https://www.google.com/travel/flights?hl=en&gl=us&curr=USD&tfs=CBwQAhoeEgoyMDI3LTAxLTAyagcIARIDRFNNcgcIARIDU0pVGh4SCjIwMjctMDEtMDdqBwgBEgNTSlVyBwgBEgNEU01AAUABQAFAAkACQAJAA0gBcAGYAQE&tfu=EgIIAQ,Checked baggage for a fee; Bag and fare conditions depend on the return flight
2026-10-04T17:24:42Z,dsm-sju-jan-sat-thu,serpapi,DSM,SJU,2027-01-02,2027-01-07,6,3672.00,USD,American,2,https://www.google.com/travel/flights?hl=en&gl=us&curr=USD&tfs=CBwQAhoeEgoyMDI3LTAxLTAyagcIARIDRFNNcgcIARIDU0pVGh4SCjIwMjctMDEtMDdqBwgBEgNTSlVyBwgBEgNEU01AAUABQAFAAkACQAJAA0gBcAGYAQE&tfu=EgIIAQ,Checked baggage for a fee; Bag and fare conditions depend on the return flight
2026-10-04T17:24:42Z,dsm-sju-jan-sat-thu,serpapi,DSM,SJU,2027-01-02,2027-01-07,6,3672.00,USD,American,1,https://www.google.com/travel/flights?hl=en&gl=us&curr=USD&tfs=CBwQAhoeEgoyMDI3LTAxLTAyagcIARIDRFNNcgcIARIDU0pVGh4SCjIwMjctMDEtMDdqBwgBEgNTSlVyBwgBEgNEU01AAUABQAFAAkACQAJAA0gBcAGYAQE&tfu=EgIIAQ,Checked baggage for a fee; Bag and fare conditions depend on the return flight
2026-10-04T17:24:42Z,dsm-sju-jan-sat-thu,serpapi,DSM,SJU,2027-01-02,2027-01-07,6,4806.00,USD,United,1,https://www.google.com/travel/flights?hl=en&gl=us&curr=USD&tfs=CBwQAhoeEgoyMDI3LTAxLTAyagcIARIDRFNNcgcIARIDU0pVGh4SCjIwMjctMDEtMDdqBwgBEgNTSlVyBwgBEgNEU01AAUABQAFAAkACQAJAA0gBcAGYAQE&tfu=EgIIAQ,Checked baggage for a fee; Bag and fare conditions depend on the return flight
2026-10-04T17:24:42Z,dsm-sju-jan-sat-thu,serpapi,DSM,SJU,2027-01-02,2027-01-07,6,4884.00,USD,United,1,https://www.google.com/travel/flights?hl=en&gl=us&curr=USD&tfs=CBwQAhoeEgoyMDI3LTAxLTAyagcIARIDRFNNcgcIARIDU0pVGh4SCjIwMjctMDEtMDdqBwgBEgNTSlVyBwgBEgNEU01AAUABQAFAAkACQAJAA0gBcAGYAQE&tfu=EgIIAQ,Checked baggage for a fee; Bag and fare conditions depend on the return flight
2026-10-04T17:24:42Z,dsm-sju-jan-sat-thu,serpapi,DSM,SJU,2027-01-02,2027-01-07,6,5460.00,USD,United,1,https://www.google.com/travel/flights?hl=en&gl=us&curr=USD&tfs=CBwQAhoeEgoyMDI3LTAxLTAyagcIARIDRFNNcgcIARIDU0pVGh4SCjIwMjctMDEtMDdqBwgBEgNTSlVyBwgBEgNEU01AAUABQAFAAkACQAJAA0gBcAGYAQE&tfu=EgIIAQ,Checked baggage for a fee; Bag and fare conditions depend on the return flight
2026-10-04T17:24:42Z,dsm-sju-jan-sat-thu,serpapi,DSM,SJU,2027-01-02,2027-01-07,6,5628.00,USD,American,1,https://www.google.com/travel/flights?hl=en&gl=us&curr=USD&tfs=CBwQAhoeEgoyMDI3LTAxLTAyagcIARIDRFNNcgcIARIDU0pVGh4SCjIwMjctMDEtMDdqBwgBEgNTSlVyBwgBEgNEU01AAUABQAFAAkACQAJAA0gBcAGYAQE&tfu=EgIIAQ,Checked baggage for a fee; Bag and fare conditions depend on the return flight
2026-10-04T17:24:42Z,dsm-sju-jan-sat-thu,serpapi,DSM,SJU,2027-01-02,2027-01-07,6,6414.00,USD,Delta,1,https://www.google.com/travel/flights?hl=en&gl=us&curr=USD&tfs=CBwQAhoeEgoyMDI3LTAxLTAyagcIARIDRFNNcgcIARIDU0pVGh4SCjIwMjctMDEtMDdqBwgBEgNTSlVyBwgBEgNEU01AAUABQAFAAkACQAJAA0gBcAGYAQE&tfu=EgIIAQ,Checked baggage for a fee; Bag and fare conditions depend on the return flight
2026-10-04T17:24:42Z,dsm-sju-jan-sat-thu,serpapi,DSM,SJU,2027-01-02,2027-01-07,6,7242.00,USD,Delta,1,https://www.google.com/travel/flights?hl=en&gl=us&curr=USD&tfs=CBwQAhoeEgoyMDI3LTAxLTAyagcIARIDRFNNcgcIARIDU0pVGh4SCjIwMjctMDEtMDdqBwgBEgNTSlVyBwgBEgNEU01AAUABQAFAAkACQAJAA0gBcAGYAQE&tfu=EgIIAQ,Checked baggage for a fee; Bag and fare conditions depend on the return flight
2026-10-04T17:24:49Z,dsm-sju-jan-sat-thu,serpapi,DSM,SJU,2027-01-09,2027-01-14,6,2976.00,USD,United,1,https://www.google.com/travel/flights?hl=en&gl=us&curr=USD&tfs=CBwQAhoeEgoyMDI3LTAxLTA5agcIARIDRFNNcgcIARIDU0pVGh4SCjIwMjctMDEtMTRqBwgBEgNTSlVyBwgBEgNEU01AAUABQAFAAkACQAJAA0gBcAGYAQE&tfu=EgIIAQ,Checked baggage for a fee; Bag and fare conditions depend on the return flight
2026-10-04T17:24:49Z,dsm-sju-jan-sat-thu,serpapi,DSM,SJU,2027-01-09,2027-01-14,6,2976.00,USD,American,1,https://www.google.com/travel/flights?hl=en&gl=us&curr=USD&tfs=CBwQAhoeEgoyMDI3LTAxLTA5agcIARIDRFNNcgcIARIDU0pVGh4SCjIwMjctMDEtMTRqBwgBEgNTSlVyBwgBEgNEU01AAUABQAFAAkACQAJAA0gBcAGYAQE&tfu=EgIIAQ,Checked baggage for a fee; Bag and fare conditions depend on the return flight
2026-10-04T17:24:49Z,dsm-sju-jan-sat-thu,serpapi,DSM,SJU,2027-01-09,2027-01-14,6,3492.00,USD,Southwest,1,https://www.google.com/travel/flights?hl=en&gl=us&curr=USD&tfs=CBwQAhoeEgoyMDI3LTAxLTA5agcIARIDRFNNcgcIARIDU0pVGh4SCjIwMjctMDEtMTRqBwgBEgNTSlVyBwgBEgNEU01AAUABQAFAAkACQAJAA0gBcAGYAQE&tfu=EgIIAQ,Checked baggage for a fee; Bag and fare conditions depend on the return flight
2026-10-04T17:24:49Z,dsm-sju-jan-sat-thu,serpapi,DSM,SJU,2027-01-09,2027-01-14,6,2856.00,USD,American,1,https://www.google.com/travel/flights?hl=en&gl=us&curr=USD&tfs=CBwQAhoeEgoyMDI3LTAxLTA5agcIARIDRFNNcgcIARIDU0pVGh4SCjIwMjctMDEtMTRqBwgBEgNTSlVyBwgBEgNEU01AAUABQAFAAkACQAJAA0gBcAGYAQE&tfu=EgIIAQ,Checked baggage for a fee; Bag and fare conditions depend on the return flight
2026-10-04T17:24:49Z,dsm-sju-jan-sat-thu,serpapi,DSM,SJU,2027-01-09,2027-01-14,6,2856.00,USD,American,2,https://www.google.com/travel/flights?hl=en&gl=us&curr=USD&tfs=CBwQAhoeEgoyMDI3LTAxLTA5agcIARIDRFNNcgcIARIDU0pVGh4SCjIwMjctMDEtMTRqBwgBEgNTSlVyBwgBEgNEU01AAUABQAFAAkACQAJAA0gBcAGYAQE&tfu=EgIIAQ,Checked baggage for a fee; Bag and fare conditions depend on the return flight
2026-10-04T17:24:49Z,dsm-sju-jan-sat-thu,serpapi,DSM,SJU,2027-01-09,2027-01-14,6,2976.00,USD,United,2,https://www.google.com/travel/flights?hl=en&gl=us&curr=USD&tfs=CBwQAhoeEgoyMDI3LTAxLTA5agcIARIDRFNNcgcIARIDU0pVGh4SCjIwMjctMDEtMTRqBwgBEgNTSlVyBwgBEgNEU01AAUABQAFAAkACQAJAA0gBcAGYAQE&tfu=EgIIAQ,Checked baggage for a fee; Bag and fare conditions depend on the return flight
2026-10-04T17:24:49Z,dsm-sju-jan-sat-thu,serpapi,DSM,SJU,2027-01-09,2027-01-14,6,3492.00,USD,American,1,https://www.google.com/travel/flights?hl=en&gl=us&curr=USD&tfs=CBwQAhoeEgoyMDI3LTAxLTA5agcIARIDRFNNcgcIARIDU0pVGh4SCjIwMjctMDEtMTRqBwgBEgNTSlVyBwgBEgNEU01AAUABQAFAAkACQAJAA0gBcAGYAQE&tfu=EgIIAQ,Checked baggage for a fee; Bag and fare conditions depend on the return flight
2026-10-04T17:24:49Z,dsm-sju-jan-sat-thu,serpapi,DSM,SJU,2027-01-09,2027-01-14,6,3642.00,USD,Delta,2,https://www.google.com/travel/flights?hl=en&gl=us&curr=USD&tfs=CBwQAhoeEgoyMDI3LTAxLTA5agcIARIDRFNNcgcIARIDU0pVGh4SCjIwMjctMDEtMTRqBwgBEgNTSlVyBwgBEgNEU01AAUABQAFAAkACQAJAA0gBcAGYAQE&tfu=EgIIAQ,Checked baggage for a fee; Bag and fare conditions depend on the return flight
2026-10-04T17:24:49Z,dsm-sju-jan-sat-thu,serpapi,DSM,SJU,2027-01-09,2027-01-14,6,3708.00,USD,United,1,https://www.google.com/travel/flights?hl=en&gl=us&curr=USD&tfs=CBwQAhoeEgoyMDI3LTAxLTA5agcIARIDRFNNcgcIARIDU0pVGh4SCjIwMjctMDEtMTRqBwgBEgNTSlVyBwgBEgNEU01AAUABQAFAAkACQAJAA0gBcAGYAQE&tfu=EgIIAQ,Checked baggage for a fee; Bag and fare conditions depend on the return flight
2026-10-04T17:24:49Z,dsm-sju-jan-sat-thu,serpapi,DSM,SJU,2027-01-09,2027-01-14,6,4167.00,USD,United,1,https://www.google.com/travel/flights?hl=en&gl=us&curr=USD&tfs=CBwQAhoeEgoyMDI3LTAxLTA5agcIARIDRFNNcgcIARIDU0pVGh4SCjIwMjctMDEtMTRqBwgBEgNTSlVyBwgBEgNEU01AAUABQAFAAkACQAJAA0gBcAGYAQE&tfu=EgIIAQ,Checked baggage for a fee; Bag and fare conditions depend on the return flight
2026-10-04T17:24:49Z,dsm-sju-jan-sat-thu,serpapi,DSM,SJU,2027-01-09,2027-01-14,6,4296.00,USD,Delta,1,https://www.google.com/travel/flights?hl=en&gl=us&curr=USD&tfs=CBwQAhoeEgoyMDI3LTAxLTA5agcIARIDRFNNcgcIARIDU0pVGh4SCjIwMjctMDEtMTRqBwgBEgNTSlVyBwgBEgNEU01AAUABQAFAAkACQAJAA0gBcAGYAQE&tfu=EgIIAQ,Checked baggage for a fee; Bag and fare conditions depend on the return flight
2026-10-04T17:24:55Z,dsm-sju-jan-sat-thu,serpapi,DSM,SJU,2027-01-16,2027-01-21,6,2976.00,USD,United,1,https://www.google.com/travel/flights?hl=en&gl=us&curr=USD&tfs=CBwQAhoeEgoyMDI3LTAxLTE2agcIARIDRFNNcgcIARIDU0pVGh4SCjIwMjctMDEtMjFqBwgBEgNTSlVyBwgBEgNEU01AAUABQAFAAkACQAJAA0gBcAGYAQE&tfu=EgIIAQ,Checked baggage for a fee; Bag and fare conditions depend on the return flight
2026-10-04T17:24:55Z,dsm-sju-jan-sat-thu,serpapi,DSM,SJU,2027-01-16,2027-01-21,6,2976.00,USD,United,2,https://www.google.com/travel/flights?hl=en&gl=us&curr=USD&tfs=CBwQAhoeEgoyMDI3LTAxLTE2agcIARIDRFNNcgcIARIDU0pVGh4SCjIwMjctMDEtMjFqBwgBEgNTSlVyBwgBEgNEU01AAUABQAFAAkACQAJAA0gBcAGYAQE&tfu=EgIIAQ,Checked baggage for a fee; Bag and fare conditions depend on the return flight
2026-10-04T17:24:55Z,dsm-sju-jan-sat-thu,serpapi,DSM,SJU,2027-01-16,2027-01-21,6,3426.00,USD,American,1,https://www.google.com/travel/flights?hl=en&gl=us&curr=USD&tfs=CBwQAhoeEgoyMDI3LTAxLTE2agcIARIDRFNNcgcIARIDU0pVGh4SCjIwMjctMDEtMjFqBwgBEgNTSlVyBwgBEgNEU01AAUABQAFAAkACQAJAA0gBcAGYAQE&tfu=EgIIAQ,Checked baggage for a fee; Bag and fare conditions depend on the return flight
2026-10-04T17:24:55Z,dsm-sju-jan-sat-thu,serpapi,DSM,SJU,2027-01-16,2027-01-21,6,3642.00,USD,Delta,1,https://www.google.com/travel/flights?hl=en&gl=us&curr=USD&tfs=CBwQAhoeEgoyMDI3LTAxLTE2agcIARIDRFNNcgcIARIDU0pVGh4SCjIwMjctMDEtMjFqBwgBEgNTSlVyBwgBEgNEU01AAUABQAFAAkACQAJAA0gBcAGYAQE&tfu=EgIIAQ,Checked baggage for a fee; Bag and fare conditions depend on the return flight
2026-10-04T17:24:55Z,dsm-sju-jan-sat-thu,serpapi,DSM,SJU,2027-01-16,2027-01-21,6,2946.00,USD,Southwest,2,https://www.google.com/travel/flights?hl=en&gl=us&curr=USD&tfs=CBwQAhoeEgoyMDI3LTAxLTE2agcIARIDRFNNcgcIARIDU0pVGh4SCjIwMjctMDEtMjFqBwgBEgNTSlVyBwgBEgNEU01AAUABQAFAAkACQAJAA0gBcAGYAQE&tfu=EgIIAQ,Checked baggage for a fee; Bag and fare conditions depend on the return flight
2026-10-04T17:24:55Z,dsm-sju-jan-sat-thu,serpapi,DSM,SJU,2027-01-16,2027-01-21,6,3246.00,USD,Delta,2,https://www.google.com/travel/flights?hl=en&gl=us&curr=USD&tfs=CBwQAhoeEgoyMDI3LTAxLTE2agcIARIDRFNNcgcIARIDU0pVGh4SCjIwMjctMDEtMjFqBwgBEgNTSlVyBwgBEgNEU01AAUABQAFAAkACQAJAA0gBcAGYAQE&tfu=EgIIAQ,Checked baggage for a fee; Bag and fare conditions depend on the return flight
2026-10-04T17:24:55Z,dsm-sju-jan-sat-thu,serpapi,DSM,SJU,2027-01-16,2027-01-21,6,3306.00,USD,American,2,https://www.google.com/travel/flights?hl=en&gl=us&curr=USD&tfs=CBwQAhoeEgoyMDI3LTAxLTE2agcIARIDRFNNcgcIARIDU0pVGh4SCjIwMjctMDEtMjFqBwgBEgNTSlVyBwgBEgNEU01AAUABQAFAAkACQAJAA0gBcAGYAQE&tfu=EgIIAQ,Checked baggage for a fee; Bag and fare conditions depend on the return flight
2026-10-04T17:24:55Z,dsm-sju-jan-sat-thu,serpapi,DSM,SJU,2027-01-16,2027-01-21,6,3576.00,USD,United,1,https://www.google.com/travel/flights?hl=en&gl=us&curr=USD&tfs=CBwQAhoeEgoyMDI3LTAxLTE2agcIARIDRFNNcgcIARIDU0pVGh4SCjIwMjctMDEtMjFqBwgBEgNTSlVyBwgBEgNEU01AAUABQAFAAkACQAJAA0gBcAGYAQE&tfu=EgIIAQ,Checked baggage for a fee; Bag and fare conditions depend on the return flight
2026-10-04T17:24:55Z,dsm-sju-jan-sat-thu,serpapi,DSM,SJU,2027-01-16,2027-01-21,6,4536.00,USD,Southwest,1,https://www.google.com/travel/flights?hl=en&gl=us&curr=USD&tfs=CBwQAhoeEgoyMDI3LTAxLTE2agcIARIDRFNNcgcIARIDU0pVGh4SCjIwMjctMDEtMjFqBwgBEgNTSlVyBwgBEgNEU01AAUABQAFAAkACQAJAA0gBcAGYAQE&tfu=EgIIAQ,Checked baggage for a fee; Bag and fare conditions depend on the return flight
2026-10-04T17:24:55Z,dsm-sju-jan-sat-thu,serpapi,DSM,SJU,2027-01-16,2027-01-21,6,5517.00,USD,United,1,https://www.google.com/travel/flights?hl=en&gl=us&curr=USD&tfs=CBwQAhoeEgoyMDI3LTAxLTE2agcIARIDRFNNcgcIARIDU0pVGh4SCjIwMjctMDEtMjFqBwgBEgNTSlVyBwgBEgNEU01AAUABQAFAAkACQAJAA0gBcAGYAQE&tfu=EgIIAQ,Checked baggage for a fee; Bag and fare conditions depend on the return flight
2026-10-04T17:24:55Z,dsm-sju-jan-sat-thu,serpapi,DSM,SJU,2027-01-16,2027-01-21,6,6186.00,USD,Delta,1,https://www.google.com/travel/flights?hl=en&gl=us&curr=USD&tfs=CBwQAhoeEgoyMDI3LTAxLTE2agcIARIDRFNNcgcIARIDU0pVGh4SCjIwMjctMDEtMjFqBwgBEgNTSlVyBwgBEgNEU01AAUABQAFAAkACQAJAA0gBcAGYAQE&tfu=EgIIAQ,Checked baggage for a fee; Bag and fare conditions depend on the return flight
2026-10-04T17:25:00Z,dsm-sju-jan-sat-thu,serpapi,DSM,SJU,2027-01-23,2027-01-28,6,2976.00,USD,American,1,https://www.google.com/travel/flights?hl=en&gl=us&curr=USD&tfs=CBwQAhoeEgoyMDI3LTAxLTIzagcIARIDRFNNcgcIARIDU0pVGh4SCjIwMjctMDEtMjhqBwgBEgNTSlVyBwgBEgNEU01AAUABQAFAAkACQAJAA0gBcAGYAQE&tfu=EgIIAQ,Checked baggage for a fee; Bag and fare conditions depend on the return flight
2026-10-04T17:25:00Z,dsm-sju-jan-sat-thu,serpapi,DSM,SJU,2027-01-23,2027-01-28,6,2976.00,USD,United,1,https://www.google.com/travel/flights?hl=en&gl=us&curr=USD&tfs=CBwQAhoeEgoyMDI3LTAxLTIzagcIARIDRFNNcgcIARIDU0pVGh4SCjIwMjctMDEtMjhqBwgBEgNTSlVyBwgBEgNEU01AAUABQAFAAkACQAJAA0gBcAGYAQE&tfu=EgIIAQ,Checked baggage for a fee; Bag and fare conditions depend on the return flight
2026-10-04T17:25:00Z,dsm-sju-jan-sat-thu,serpapi,DSM,SJU,2027-01-23,2027-01-28,6,3096.00,USD,United,1,https://www.google.com/travel/flights?hl=en&gl=us&curr=USD&tfs=CBwQAhoeEgoyMDI3LTAxLTIzagcIARIDRFNNcgcIARIDU0pVGh4SCjIwMjctMDEtMjhqBwgBEgNTSlVyBwgBEgNEU01AAUABQAFAAkACQAJAA0gBcAGYAQE&tfu=EgIIAQ,Checked baggage for a fee; Bag and fare conditions depend on the return flight
2026-10-04T17:25:00Z,dsm-sju-jan-sat-thu,serpapi,DSM,SJU,2027-01-23,2027-01-28,6,3246.00,USD,Delta,1,https://www.google.com/travel/flights?hl=en&gl=us&curr=USD&tfs=CBwQAhoeEgoyMDI3LTAxLTIzagcIARIDRFNNcgcIARIDU0pVGh4SCjIwMjctMDEtMjhqBwgBEgNTSlVyBwgBEgNEU01AAUABQAFAAkACQAJAA0gBcAGYAQE&tfu=EgIIAQ,Checked baggage for a fee; Bag and fare conditions depend on the return flight
2026-10-04T17:25:00Z,dsm-sju-jan-sat-thu,serpapi,DSM,SJU,2027-01-23,2027-01-28,6,2856.00,USD,American,1,https://www.google.com/travel/flights?hl=en&gl=us&curr=USD&tfs=CBwQAhoeEgoyMDI3LTAxLTIzagcIARIDRFNNcgcIARIDU0pVGh4SCjIwMjctMDEtMjhqBwgBEgNTSlVyBwgBEgNEU01AAUABQAFAAkACQAJAA0gBcAGYAQE&tfu=EgIIAQ,Checked baggage for a fee; Bag and fare conditions depend on the return flight
2026-10-04T17:25:00Z,dsm-sju-jan-sat-thu,serpapi,DSM,SJU,2027-01-23,2027-01-28,6,2856.00,USD,American,2,https://www.google.com/travel/flights?hl=en&gl=us&curr=USD&tfs=CBwQAhoeEgoyMDI3LTAxLTIzagcIARIDRFNNcgcIARIDU0pVGh4SCjIwMjctMDEtMjhqBwgBEgNTSlVyBwgBEgNEU01AAUABQAFAAkACQAJAA0gBcAGYAQE&tfu=EgIIAQ,Checked baggage for a fee; Bag and fare conditions depend on the return flight
2026-10-04T17:25:00Z,dsm-sju-jan-sat-thu,serpapi,DSM,SJU,2027-01-23,2027-01-28,6,2946.00,USD,Southwest,2,https://www.google.com/travel/flights?hl=en&gl=us&curr=USD&tfs=CBwQAhoeEgoyMDI3LTAxLTIzagcIARIDRFNNcgcIARIDU0pVGh4SCjIwMjctMDEtMjhqBwgBEgNTSlVyBwgBEgNEU01AAUABQAFAAkACQAJAA0gBcAGYAQE&tfu=EgIIAQ,Checked baggage for a fee; Bag and fare conditions depend on the return flight
2026-10-04T17:25:00Z,dsm-sju-jan-sat-thu,serpapi,DSM,SJU,2027-01-23,2027-01-28,6,2976.00,USD,Delta,2,https://www.google.com/travel/flights?hl=en&gl=us&curr=USD&tfs=CBwQAhoeEgoyMDI3LTAxLTIzagcIARIDRFNNcgcIARIDU0pVGh4SCjIwMjctMDEtMjhqBwgBEgNTSlVyBwgBEgNEU01AAUABQAFAAkACQAJAA0gBcAGYAQE&tfu=EgIIAQ,Checked baggage for a fee; Bag and fare conditions depend on the return flight
2026-10-04T17:25:00Z,dsm-sju-jan-sat-thu,serpapi,DSM,SJU,2027-01-23,2027-01-28,6,3534.00,USD,United,1,https://www.google.com/travel/flights?hl=en&gl=us&curr=USD&tfs=CBwQAhoeEgoyMDI3LTAxLTIzagcIARIDRFNNcgcIARIDU0pVGh4SCjIwMjctMDEtMjhqBwgBEgNTSlVyBwgBEgNEU01AAUABQAFAAkACQAJAA0gBcAGYAQE&tfu=EgIIAQ,Checked baggage for a fee; Bag and fare conditions depend on the return flight
2026-10-04T17:25:00Z,dsm-sju-jan-sat-thu,serpapi,DSM,SJU,2027-01-23,2027-01-28,6,3636.00,USD,Southwest,1,https://www.google.com/travel/flights?hl=en&gl=us&curr=USD&tfs=CBwQAhoeEgoyMDI3LTAxLTIzagcIARIDRFNNcgcIARIDU0pVGh4SCjIwMjctMDEtMjhqBwgBEgNTSlVyBwgBEgNEU01AAUABQAFAAkACQAJAA0gBcAGYAQE&tfu=EgIIAQ,Checked baggage for a fee; Bag and fare conditions depend on the return flight
2026-10-04T17:25:11Z,dsm-sju-jan-sat-thu,serpapi,DSM,SJU,2027-01-30,2027-02-04,6,2976.00,USD,Southwest,1,https://www.google.com/travel/flights?hl=en&gl=us&curr=USD&tfs=CBwQAhoeEgoyMDI3LTAxLTMwagcIARIDRFNNcgcIARIDU0pVGh4SCjIwMjctMDItMDRqBwgBEgNTSlVyBwgBEgNEU01AAUABQAFAAkACQAJAA0gBcAGYAQE&tfu=EgIIAQ,Checked baggage for a fee; Bag and fare conditions depend on the return flight
2026-10-04T17:25:11Z,dsm-sju-jan-sat-thu,serpapi,DSM,SJU,2027-01-30,2027-02-04,6,2976.00,USD,American,1,https://www.google.com/travel/flights?hl=en&gl=us&curr=USD&tfs=CBwQAhoeEgoyMDI3LTAxLTMwagcIARIDRFNNcgcIARIDU0pVGh4SCjIwMjctMDItMDRqBwgBEgNTSlVyBwgBEgNEU01AAUABQAFAAkACQAJAA0gBcAGYAQE&tfu=EgIIAQ,Checked baggage for a fee; Bag and fare conditions depend on the return flight
2026-10-04T17:25:11Z,dsm-sju-jan-sat-thu,serpapi,DSM,SJU,2027-01-30,2027-02-04,6,2976.00,USD,United,1,https://www.google.com/travel/flights?hl=en&gl=us&curr=USD&tfs=CBwQAhoeEgoyMDI3LTAxLTMwagcIARIDRFNNcgcIARIDU0pVGh4SCjIwMjctMDItMDRqBwgBEgNTSlVyBwgBEgNEU01AAUABQAFAAkACQAJAA0gBcAGYAQE&tfu=EgIIAQ,Checked baggage for a fee; Bag and fare conditions depend on the return flight
2026-10-04T17:25:11Z,dsm-sju-jan-sat-thu,serpapi,DSM,SJU,2027-01-30,2027-02-04,6,3144.00,USD,United,1,https://www.google.com/travel/flights?hl=en&gl=us&curr=USD&tfs=CBwQAhoeEgoyMDI3LTAxLTMwagcIARIDRFNNcgcIARIDU0pVGh4SCjIwMjctMDItMDRqBwgBEgNTSlVyBwgBEgNEU01AAUABQAFAAkACQAJAA0gBcAGYAQE&tfu=EgIIAQ,Checked baggage for a fee; Bag and fare conditions depend on the return flight
2026-10-04T17:25:11Z,dsm-sju-jan-sat-thu,serpapi,DSM,SJU,2027-01-30,2027-02-04,6,2856.00,USD,American,1,https://www.google.com/travel/flights?hl=en&gl=us&curr=USD&tfs=CBwQAhoeEgoyMDI3LTAxLTMwagcIARIDRFNNcgcIARIDU0pVGh4SCjIwMjctMDItMDRqBwgBEgNTSlVyBwgBEgNEU01AAUABQAFAAkACQAJAA0gBcAGYAQE&tfu=EgIIAQ,Checked baggage for a fee; Bag and fare conditions depend on the return flight
2026-10-04T17:25:11Z,dsm-sju-jan-sat-thu,serpapi,DSM,SJU,2027-01-30,2027-02-04,6,2856.00,USD,American,2,https://www.google.com/travel/flights?hl=en&gl=us&curr=USD&tfs=CBwQAhoeEgoyMDI3LTAxLTMwagcIARIDRFNNcgcIARIDU0pVGh4SCjIwMjctMDItMDRqBwgBEgNTSlVyBwgBEgNEU01AAUABQAFAAkACQAJAA0gBcAGYAQE&tfu=EgIIAQ,Checked baggage for a fee; Bag and fare conditions depend on the return flight
2026-10-04T17:25:11Z,dsm-sju-jan-sat-thu,serpapi,DSM,SJU,2027-01-30,2027-02-04,6,2946.00,USD,Southwest,2,https://www.google.com/travel/flights?hl=en&gl=us&curr=USD&tfs=CBwQAhoeEgoyMDI3LTAxLTMwagcIARIDRFNNcgcIARIDU0pVGh4SCjIwMjctMDItMDRqBwgBEgNTSlVyBwgBEgNEU01AAUABQAFAAkACQAJAA0gBcAGYAQE&tfu=EgIIAQ,Checked baggage for a fee; Bag and fare conditions depend on the return flight
2026-10-04T17:25:11Z,dsm-sju-jan-sat-thu,serpapi,DSM,SJU,2027-01-30,2027-02-04,6,3246.00,USD,Delta,2,https://www.google.com/travel/flights?hl=en&gl=us&curr=USD&tfs=CBwQAhoeEgoyMDI3LTAxLTMwagcIARIDRFNNcgcIARIDU0pVGh4SCjIwMjctMDItMDRqBwgBEgNTSlVyBwgBEgNEU01AAUABQAFAAkACQAJAA0gBcAGYAQE&tfu=EgIIAQ,Checked baggage for a fee; Bag and fare conditions depend on the return flight
2026-10-04T17:25:11Z,dsm-sju-jan-sat-thu,serpapi,DSM,SJU,2027-01-30,2027-02-04,6,4191.00,USD,United,1,https://www.google.com/travel/flights?hl=en&gl=us&curr=USD&tfs=CBwQAhoeEgoyMDI3LTAxLTMwagcIARIDRFNNcgcIARIDU0pVGh4SCjIwMjctMDItMDRqBwgBEgNTSlVyBwgBEgNEU01AAUABQAFAAkACQAJAA0gBcAGYAQE&tfu=EgIIAQ,Checked baggage for a fee; Bag and fare conditions depend on the return flight
2026-10-04T17:25:11Z,dsm-sju-jan-sat-thu,serpapi,DSM,SJU,2027-01-30,2027-02-04,6,4296.00,USD,Delta,1,https://www.google.com/travel/flights?hl=en&gl=us&curr=USD&tfs=CBwQAhoeEgoyMDI3LTAxLTMwagcIARIDRFNNcgcIARIDU0pVGh4SCjIwMjctMDItMDRqBwgBEgNTSlVyBwgBEgNEU01AAUABQAFAAkACQAJAA0gBcAGYAQE&tfu=EgIIAQ,Checked baggage for a fee; Bag and fare conditions depend on the return flight
2026-10-04T17:25:19Z,dsm-stt-jan-thursdays,serpapi,DSM,STT,2027-01-07,2027-01-12,6,3286.00,USD,American,2,https://www.google.com/travel/flights?hl=en&gl=us&curr=USD&tfs=CBwQAhoeEgoyMDI3LTAxLTA3agcIARIDRFNNcgcIARIDU1RUGh4SCjIwMjctMDEtMTJqBwgBEgNTVFRyBwgBEgNEU01AAUABQAFAAkACQAJAA0gBcAGYAQE&tfu=EgIIAQ,Checked baggage for a fee; Bag and fare conditions depend on the return flight
2026-10-04T17:25:19Z,dsm-stt-jan-thursdays,serpapi,DSM,STT,2027-01-07,2027-01-12,6,4624.00,USD,American,1,https://www.google.com/travel/flights?hl=en&gl=us&curr=USD&tfs=CBwQAhoeEgoyMDI3LTAxLTA3agcIARIDRFNNcgcIARIDU1RUGh4SCjIwMjctMDEtMTJqBwgBEgNTVFRyBwgBEgNEU01AAUABQAFAAkACQAJAA0gBcAGYAQE&tfu=EgIIAQ,Checked baggage for a fee; Bag and fare conditions depend on the return flight
2026-10-04T17:25:19Z,dsm-stt-jan-thursdays,serpapi,DSM,STT,2027-01-07,2027-01-12,6,5170.00,USD,United,1,https://www.google.com/travel/flights?hl=en&gl=us&curr=USD&tfs=CBwQAhoeEgoyMDI3LTAxLTA3agcIARIDRFNNcgcIARIDU1RUGh4SCjIwMjctMDEtMTJqBwgBEgNTVFRyBwgBEgNEU01AAUABQAFAAkACQAJAA0gBcAGYAQE&tfu=EgIIAQ,Checked baggage for a fee; Bag and fare conditions depend on the return flight
2026-10-04T17:25:19Z,dsm-stt-jan-thursdays,serpapi,DSM,STT,2027-01-07,2027-01-12,6,5922.00,USD,United,1,https://www.google.com/travel/flights?hl=en&gl=us&curr=USD&tfs=CBwQAhoeEgoyMDI3LTAxLTA3agcIARIDRFNNcgcIARIDU1RUGh4SCjIwMjctMDEtMTJqBwgBEgNTVFRyBwgBEgNEU01AAUABQAFAAkACQAJAA0gBcAGYAQE&tfu=EgIIAQ,Checked baggage for a fee; Bag and fare conditions depend on the return flight
2026-10-04T17:25:19Z,dsm-stt-jan-thursdays,serpapi,DSM,STT,2027-01-07,2027-01-12,6,6990.00,USD,American,1,https://www.google.com/travel/flights?hl=en&gl=us&curr=USD&tfs=CBwQAhoeEgoyMDI3LTAxLTA3agcIARIDRFNNcgcIARIDU1RUGh4SCjIwMjctMDEtMTJqBwgBEgNTVFRyBwgBEgNEU01AAUABQAFAAkACQAJAA0gBcAGYAQE&tfu=EgIIAQ,Checked baggage for a fee; Bag and fare conditions depend on the return flight
2026-10-04T17:25:19Z,dsm-stt-jan-thursdays,serpapi,DSM,STT,2027-01-07,2027-01-12,6,11080.00,USD,Delta,1,https://www.google.com/travel/flights?hl=en&gl=us&curr=USD&tfs=CBwQAhoeEgoyMDI3LTAxLTA3agcIARIDRFNNcgcIARIDU1RUGh4SCjIwMjctMDEtMTJqBwgBEgNTVFRyBwgBEgNEU01AAUABQAFAAkACQAJAA0gBcAGYAQE&tfu=EgIIAQ,Checked baggage for a fee; Bag and fare conditions depend on the return flight
2026-10-04T17:25:19Z,dsm-stt-jan-thursdays,serpapi,DSM,STT,2027-01-07,2027-01-12,6,11452.00,USD,Delta,1,https://www.google.com/travel/flights?hl=en&gl=us&curr=USD&tfs=CBwQAhoeEgoyMDI3LTAxLTA3agcIARIDRFNNcgcIARIDU1RUGh4SCjIwMjctMDEtMTJqBwgBEgNTVFRyBwgBEgNEU01AAUABQAFAAkACQAJAA0gBcAGYAQE&tfu=EgIIAQ,Checked baggage for a fee; Bag and fare conditions depend on the return flight
2026-10-04T17:25:25Z,dsm-stt-jan-thursdays,serpapi,DSM,STT,2027-01-14,2027-01-19,6,4006.00,USD,American,2,https://www.google.com/travel/flights?hl=en&gl=us&curr=USD&tfs=CBwQAhoeEgoyMDI3LTAxLTE0agcIARIDRFNNcgcIARIDU1RUGh4SCjIwMjctMDEtMTlqBwgBEgNTVFRyBwgBEgNEU01AAUABQAFAAkACQAJAA0gBcAGYAQE&tfu=EgIIAQ,Checked baggage for a fee; Bag and fare conditions depend on the return flight
2026-10-04T17:25:25Z,dsm-stt-jan-thursdays,serpapi,DSM,STT,2027-01-14,2027-01-19,6,4672.00,USD,United,1,https://www.google.com/travel/flights?hl=en&gl=us&curr=USD&tfs=CBwQAhoeEgoyMDI3LTAxLTE0agcIARIDRFNNcgcIARIDU1RUGh4SCjIwMjctMDEtMTlqBwgBEgNTVFRyBwgBEgNEU01AAUABQAFAAkACQAJAA0gBcAGYAQE&tfu=EgIIAQ,Checked baggage for a fee; Bag and fare conditions depend on the return flight
2026-10-04T17:25:25Z,dsm-stt-jan-thursdays,serpapi,DSM,STT,2027-01-14,2027-01-19,6,4822.00,USD,American,1,https://www.google.com/travel/flights?hl=en&gl=us&curr=USD&tfs=CBwQAhoeEgoyMDI3LTAxLTE0agcIARIDRFNNcgcIARIDU1RUGh4SCjIwMjctMDEtMTlqBwgBEgNTVFRyBwgBEgNEU01AAUABQAFAAkACQAJAA0gBcAGYAQE&tfu=EgIIAQ,Checked baggage for a fee; Bag and fare conditions depend on the return flight
2026-10-04T17:25:25Z,dsm-stt-jan-thursdays,serpapi,DSM,STT,2027-01-14,2027-01-19,6,4150.00,USD,American,2,https://www.google.com/travel/flights?hl=en&gl=us&curr=USD&tfs=CBwQAhoeEgoyMDI3LTAxLTE0agcIARIDRFNNcgcIARIDU1RUGh4SCjIwMjctMDEtMTlqBwgBEgNTVFRyBwgBEgNEU01AAUABQAFAAkACQAJAA0gBcAGYAQE&tfu=EgIIAQ,Checked baggage for a fee; Bag and fare conditions depend on the return flight
2026-10-04T17:25:25Z,dsm-stt-jan-thursdays,serpapi,DSM,STT,2027-01-14,2027-01-19,6,11254.00,USD,Delta,1,https://www.google.com/travel/flights?hl=en&gl=us&curr=USD&tfs=CBwQAhoeEgoyMDI3LTAxLTE0agcIARIDRFNNcgcIARIDU1RUGh4SCjIwMjctMDEtMTlqBwgBEgNTVFRyBwgBEgNEU01AAUABQAFAAkACQAJAA0gBcAGYAQE&tfu=EgIIAQ,Checked baggage for a fee; Bag and fare conditions depend on the return flight
2026-10-04T17:25:33Z,dsm-stt-jan-thursdays,serpapi,DSM,STT,2027-01-21,2027-01-26,6,3286.00,USD,American,2,https://www.google.com/travel/flights?hl=en&gl=us&curr=USD&tfs=CBwQAhoeEgoyMDI3LTAxLTIxagcIARIDRFNNcgcIARIDU1RUGh4SCjIwMjctMDEtMjZqBwgBEgNTVFRyBwgBEgNEU01AAUABQAFAAkACQAJAA0gBcAGYAQE&tfu=EgIIAQ,Checked baggage for a fee; Bag and fare conditions depend on the return flight
2026-10-04T17:25:33Z,dsm-stt-jan-thursdays,serpapi,DSM,STT,2027-01-21,2027-01-26,6,3430.00,USD,American,2,https://www.google.com/travel/flights?hl=en&gl=us&curr=USD&tfs=CBwQAhoeEgoyMDI3LTAxLTIxagcIARIDRFNNcgcIARIDU1RUGh4SCjIwMjctMDEtMjZqBwgBEgNTVFRyBwgBEgNEU01AAUABQAFAAkACQAJAA0gBcAGYAQE&tfu=EgIIAQ,Checked baggage for a fee; Bag and fare conditions depend on the return flight
2026-10-04T17:25:33Z,dsm-stt-jan-thursdays,serpapi,DSM,STT,2027-01-21,2027-01-26,6,4336.00,USD,United,1,https://www.google.com/travel/flights?hl=en&gl=us&curr=USD&tfs=CBwQAhoeEgoyMDI3LTAxLTIxagcIARIDRFNNcgcIARIDU1RUGh4SCjIwMjctMDEtMjZqBwgBEgNTVFRyBwgBEgNEU01AAUABQAFAAkACQAJAA0gBcAGYAQE&tfu=EgIIAQ,Checked baggage for a fee; Bag and fare conditions depend on the return flight
2026-10-04T17:25:33Z,dsm-stt-jan-thursdays,serpapi,DSM,STT,2027-01-21,2027-01-26,6,4266.00,USD,United,2,https://www.google.com/travel/flights?hl=en&gl=us&curr=USD&tfs=CBwQAhoeEgoyMDI3LTAxLTIxagcIARIDRFNNcgcIARIDU1RUGh4SCjIwMjctMDEtMjZqBwgBEgNTVFRyBwgBEgNEU01AAUABQAFAAkACQAJAA0gBcAGYAQE&tfu=EgIIAQ,Checked baggage for a fee; Bag and fare conditions depend on the return flight
2026-10-04T17:25:33Z,dsm-stt-jan-thursdays,serpapi,DSM,STT,2027-01-21,2027-01-26,6,8050.00,USD,Delta,1,https://www.google.com/travel/flights?hl=en&gl=us&curr=USD&tfs=CBwQAhoeEgoyMDI3LTAxLTIxagcIARIDRFNNcgcIARIDU1RUGh4SCjIwMjctMDEtMjZqBwgBEgNTVFRyBwgBEgNEU01AAUABQAFAAkACQAJAA0gBcAGYAQE&tfu=EgIIAQ,Checked baggage for a fee; Bag and fare conditions depend on the return flight
2026-10-04T17:25:40Z,dsm-stt-jan-thursdays,serpapi,DSM,STT,2027-01-28,2027-02-02,6,3286.00,USD,American,2,https://www.google.com/travel/flights?hl=en&gl=us&curr=USD&tfs=CBwQAhoeEgoyMDI3LTAxLTI4agcIARIDRFNNcgcIARIDU1RUGh4SCjIwMjctMDItMDJqBwgBEgNTVFRyBwgBEgNEU01AAUABQAFAAkACQAJAA0gBcAGYAQE&tfu=EgIIAQ,Checked baggage for a fee; Bag and fare conditions depend on the return flight
2026-10-04T17:25:40Z,dsm-stt-jan-thursdays,serpapi,DSM,STT,2027-01-28,2027-02-02,6,3706.00,USD,United,1,https://www.google.com/travel/flights?hl=en&gl=us&curr=USD&tfs=CBwQAhoeEgoyMDI3LTAxLTI4agcIARIDRFNNcgcIARIDU1RUGh4SCjIwMjctMDItMDJqBwgBEgNTVFRyBwgBEgNEU01AAUABQAFAAkACQAJAA0gBcAGYAQE&tfu=EgIIAQ,Checked baggage for a fee; Bag and fare conditions depend on the return flight
2026-10-04T17:25:40Z,dsm-stt-jan-thursdays,serpapi,DSM,STT,2027-01-28,2027-02-02,6,5944.00,USD,Delta,1,https://www.google.com/travel/flights?hl=en&gl=us&curr=USD&tfs=CBwQAhoeEgoyMDI3LTAxLTI4agcIARIDRFNNcgcIARIDU1RUGh4SCjIwMjctMDItMDJqBwgBEgNTVFRyBwgBEgNEU01AAUABQAFAAkACQAJAA0gBcAGYAQE&tfu=EgIIAQ,Checked baggage for a fee; Bag and fare conditions depend on the return flight
2026-10-04T17:25:40Z,dsm-stt-jan-thursdays,serpapi,DSM,STT,2027-01-28,2027-02-02,6,3586.00,USD,American,2,https://www.google.com/travel/flights?hl=en&gl=us&curr=USD&tfs=CBwQAhoeEgoyMDI3LTAxLTI4agcIARIDRFNNcgcIARIDU1RUGh4SCjIwMjctMDItMDJqBwgBEgNTVFRyBwgBEgNEU01AAUABQAFAAkACQAJAA0gBcAGYAQE&tfu=EgIIAQ,Checked baggage for a fee; Bag and fare conditions depend on the return flight
2026-10-04T17:25:40Z,dsm-stt-jan-thursdays,serpapi,DSM,STT,2027-01-28,2027-02-02,6,7186.00,USD,Delta,1,https://www.google.com/travel/flights?hl=en&gl=us&curr=USD&tfs=CBwQAhoeEgoyMDI3LTAxLTI4agcIARIDRFNNcgcIARIDU1RUGh4SCjIwMjctMDItMDJqBwgBEgNTVFRyBwgBEgNEU01AAUABQAFAAkACQAJAA0gBcAGYAQE&tfu=EgIIAQ,Checked baggage for a fee; Bag and fare conditions depend on the return flight
2026-10-04T17:25:40Z,dsm-stt-jan-thursdays,serpapi,DSM,STT,2027-01-28,2027-02-02,6,11096.00,USD,American,1,https://www.google.com/travel/flights?hl=en&gl=us&curr=USD&tfs=CBwQAhoeEgoyMDI3LTAxLTI4agcIARIDRFNNcgcIARIDU1RUGh4SCjIwMjctMDItMDJqBwgBEgNTVFRyBwgBEgNEU01AAUABQAFAAkACQAJAA0gBcAGYAQE&tfu=EgIIAQ,Checked baggage for a fee; Bag and fare conditions depend on the return flight
2026-10-04T17:25:47Z,dsm-sju-jan-thursdays,serpapi,DSM,SJU,2027-01-07,2027-01-12,6,3096.00,USD,American,1,https://www.google.com/travel/flights?hl=en&gl=us&curr=USD&tfs=CBwQAhoeEgoyMDI3LTAxLTA3agcIARIDRFNNcgcIARIDU0pVGh4SCjIwMjctMDEtMTJqBwgBEgNTSlVyBwgBEgNEU01AAUABQAFAAkACQAJAA0gBcAGYAQE&tfu=EgIIAQ,Checked baggage for a fee; Bag and fare conditions depend on the return flight
2026-10-04T17:25:47Z,dsm-sju-jan-thursdays,serpapi,DSM,SJU,2027-01-07,2027-01-12,6,3216.00,USD,United,1,https://www.google.com/travel/flights?hl=en&gl=us&curr=USD&tfs=CBwQAhoeEgoyMDI3LTAxLTA3agcIARIDRFNNcgcIARIDU0pVGh4SCjIwMjctMDEtMTJqBwgBEgNTSlVyBwgBEgNEU01AAUABQAFAAkACQAJAA0gBcAGYAQE&tfu=EgIIAQ,Checked baggage for a fee; Bag and fare conditions depend on the return flight
2026-10-04T17:25:47Z,dsm-sju-jan-thursdays,serpapi,DSM,SJU,2027-01-07,2027-01-12,6,3732.00,USD,American,1,https://www.google.com/travel/flights?hl=en&gl=us&curr=USD&tfs=CBwQAhoeEgoyMDI3LTAxLTA3agcIARIDRFNNcgcIARIDU0pVGh4SCjIwMjctMDEtMTJqBwgBEgNTSlVyBwgBEgNEU01AAUABQAFAAkACQAJAA0gBcAGYAQE&tfu=EgIIAQ,Checked baggage for a fee; Bag and fare conditions depend on the return flight
2026-10-04T17:25:47Z,dsm-sju-jan-thursdays,serpapi,DSM,SJU,2027-01-07,2027-01-12,6,3336.00,USD,Southwest,2,https://www.google.com/travel/flights?hl=en&gl=us&curr=USD&tfs=CBwQAhoeEgoyMDI3LTAxLTA3agcIARIDRFNNcgcIARIDU0pVGh4SCjIwMjctMDEtMTJqBwgBEgNTSlVyBwgBEgNEU01AAUABQAFAAkACQAJAA0gBcAGYAQE&tfu=EgIIAQ,Checked baggage for a fee; Bag and fare conditions depend on the return flight
2026-10-04T17:25:47Z,dsm-sju-jan-thursdays,serpapi,DSM,SJU,2027-01-07,2027-01-12,6,4182.00,USD,United,1,https://www.google.com/travel/flights?hl=en&gl=us&curr=USD&tfs=CBwQAhoeEgoyMDI3LTAxLTA3agcIARIDRFNNcgcIARIDU0pVGh4SCjIwMjctMDEtMTJqBwgBEgNTSlVyBwgBEgNEU01AAUABQAFAAkACQAJAA0gBcAGYAQE&tfu=EgIIAQ,Checked baggage for a fee; Bag and fare conditions depend on the return flight
2026-10-04T17:25:47Z,dsm-sju-jan-thursdays,serpapi,DSM,SJU,2027-01-07,2027-01-12,6,4344.00,USD,Southwest,2,https://www.google.com/travel/flights?hl=en&gl=us&curr=USD&tfs=CBwQAhoeEgoyMDI3LTAxLTA3agcIARIDRFNNcgcIARIDU0pVGh4SCjIwMjctMDEtMTJqBwgBEgNTSlVyBwgBEgNEU01AAUABQAFAAkACQAJAA0gBcAGYAQE&tfu=EgIIAQ,Checked baggage for a fee; Bag and fare conditions depend on the return flight
2026-10-04T17:25:47Z,dsm-sju-jan-thursdays,serpapi,DSM,SJU,2027-01-07,2027-01-12,6,4566.00,USD,Delta,2,https://www.google.com/travel/flights?hl=en&gl=us&curr=USD&tfs=CBwQAhoeEgoyMDI3LTAxLTA3agcIARIDRFNNcgcIARIDU0pVGh4SCjIwMjctMDEtMTJqBwgBEgNTSlVyBwgBEgNEU01AAUABQAFAAkACQAJAA0gBcAGYAQE&tfu=EgIIAQ,Checked baggage for a fee; Bag and fare conditions depend on the return flight
2026-10-04T17:25:47Z,dsm-sju-jan-thursdays,serpapi,DSM,SJU,2027-01-07,2027-01-12,6,4680.00,USD,United,1,https://www.google.com/travel/flights?hl=en&gl=us&curr=USD&tfs=CBwQAhoeEgoyMDI3LTAxLTA3agcIARIDRFNNcgcIARIDU0pVGh4SCjIwMjctMDEtMTJqBwgBEgNTSlVyBwgBEgNEU01AAUABQAFAAkACQAJAA0gBcAGYAQE&tfu=EgIIAQ,Checked baggage for a fee; Bag and fare conditions depend on the return flight
2026-10-04T17:25:47Z,dsm-sju-jan-thursdays,serpapi,DSM,SJU,2027-01-07,2027-01-12,6,5262.00,USD,American,1,https://www.google.com/travel/flights?hl=en&gl=us&curr=USD&tfs=CBwQAhoeEgoyMDI3LTAxLTA3agcIARIDRFNNcgcIARIDU0pVGh4SCjIwMjctMDEtMTJqBwgBEgNTSlVyBwgBEgNEU01AAUABQAFAAkACQAJAA0gBcAGYAQE&tfu=EgIIAQ,Checked baggage for a fee; Bag and fare conditions depend on the return flight
2026-10-04T17:25:47Z,dsm-sju-jan-thursdays,serpapi,DSM,SJU,2027-01-07,2027-01-12,6,5394.00,USD,Delta,1,https://www.google.com/travel/flights?hl=en&gl=us&curr=USD&tfs=CBwQAhoeEgoyMDI3LTAxLTA3agcIARIDRFNNcgcIARIDU0pVGh4SCjIwMjctMDEtMTJqBwgBEgNTSlVyBwgBEgNEU01AAUABQAFAAkACQAJAA0gBcAGYAQE&tfu=EgIIAQ,Checked baggage for a fee; Bag and fare conditions depend on the return flight
2026-10-04T17:25:47Z,dsm-sju-jan-thursdays,serpapi,DSM,SJU,2027-01-07,2027-01-12,6,6456.00,USD,Delta,1,https://www.google.com/travel/flights?hl=en&gl=us&curr=USD&tfs=CBwQAhoeEgoyMDI3LTAxLTA3agcIARIDRFNNcgcIARIDU0pVGh4SCjIwMjctMDEtMTJqBwgBEgNTSlVyBwgBEgNEU01AAUABQAFAAkACQAJAA0gBcAGYAQE&tfu=EgIIAQ,Checked baggage for a fee; Bag and fare conditions depend on the return flight
2026-10-04T17:25:54Z,dsm-sju-jan-thursdays,serpapi,DSM,SJU,2027-01-14,2027-01-19,6,2856.00,USD,United,2,https://www.google.com/travel/flights?hl=en&gl=us&curr=USD&tfs=CBwQAhoeEgoyMDI3LTAxLTE0agcIARIDRFNNcgcIARIDU0pVGh4SCjIwMjctMDEtMTlqBwgBEgNTSlVyBwgBEgNEU01AAUABQAFAAkACQAJAA0gBcAGYAQE&tfu=EgIIAQ,Checked baggage for a fee; Bag and fare conditions depend on the return flight
2026-10-04T17:25:54Z,dsm-sju-jan-thursdays,serpapi,DSM,SJU,2027-01-14,2027-01-19,6,3546.00,USD,United,1,https://www.google.com/travel/flights?hl=en&gl=us&curr=USD&tfs=CBwQAhoeEgoyMDI3LTAxLTE0agcIARIDRFNNcgcIARIDU0pVGh4SCjIwMjctMDEtMTlqBwgBEgNTSlVyBwgBEgNEU01AAUABQAFAAkACQAJAA0gBcAGYAQE&tfu=EgIIAQ,Checked baggage for a fee; Bag and fare conditions depend on the return flight
2026-10-04T17:25:54Z,dsm-sju-jan-thursdays,serpapi,DSM,SJU,2027-01-14,2027-01-19,6,3726.00,USD,American,1,https://www.google.com/travel/flights?hl=en&gl=us&curr=USD&tfs=CBwQAhoeEgoyMDI3LTAxLTE0agcIARIDRFNNcgcIARIDU0pVGh4SCjIwMjctMDEtMTlqBwgBEgNTSlVyBwgBEgNEU01AAUABQAFAAkACQAJAA0gBcAGYAQE&tfu=EgIIAQ,Checked baggage for a fee; Bag and fare conditions depend on the return flight
2026-10-04T17:25:54Z,dsm-sju-jan-thursdays,serpapi,DSM,SJU,2027-01-14,2027-01-19,6,3216.00,USD,United,2,https://www.google.com/travel/flights?hl=en&gl=us&curr=USD&tfs=CBwQAhoeEgoyMDI3LTAxLTE0agcIARIDRFNNcgcIARIDU0pVGh4SCjIwMjctMDEtMTlqBwgBEgNTSlVyBwgBEgNEU01AAUABQAFAAkACQAJAA0gBcAGYAQE&tfu=EgIIAQ,Checked baggage for a fee; Bag and fare conditions depend on the return flight
2026-10-04T17:25:54Z,dsm-sju-jan-thursdays,serpapi,DSM,SJU,2027-01-14,2027-01-19,6,4164.00,USD,United,1,https://www.google.com/travel/flights?hl=en&gl=us&curr=USD&tfs=CBwQAhoeEgoyMDI3LTAxLTE0agcIARIDRFNNcgcIARIDU0pVGh4SCjIwMjctMDEtMTlqBwgBEgNTSlVyBwgBEgNEU01AAUABQAFAAkACQAJAA0gBcAGYAQE&tfu=EgIIAQ,Checked baggage for a fee; Bag and fare conditions depend on the return flight
2026-10-04T17:25:54Z,dsm-sju-jan-thursdays,serpapi,DSM,SJU,2027-01-14,2027-01-19,6,4314.00,USD,American,1,https://www.google.com/travel/flights?hl=en&gl=us&curr=USD&tfs=CBwQAhoeEgoyMDI3LTAxLTE0agcIARIDRFNNcgcIARIDU0pVGh4SCjIwMjctMDEtMTlqBwgBEgNTSlVyBwgBEgNEU01AAUABQAFAAkACQAJAA0gBcAGYAQE&tfu=EgIIAQ,Checked baggage for a fee; Bag and fare conditions depend on the return flight
2026-10-04T17:25:54Z,dsm-sju-jan-thursdays,serpapi,DSM,SJU,2027-01-14,2027-01-19,6,4722.00,USD,Southwest,2,https://www.google.com/travel/flights?hl=en&gl=us&curr=USD&tfs=CBwQAhoeEgoyMDI3LTAxLTE0agcIARIDRFNNcgcIARIDU0pVGh4SCjIwMjctMDEtMTlqBwgBEgNTSlVyBwgBEgNEU01AAUABQAFAAkACQAJAA0gBcAGYAQE&tfu=EgIIAQ,Checked baggage for a fee; Bag and fare conditions depend on the return flight
2026-10-04T17:25:54Z,dsm-sju-jan-thursdays,serpapi,DSM,SJU,2027-01-14,2027-01-19,6,4782.00,USD,American,1,https://www.google.com/travel/flights?hl=en&gl=us&curr=USD&tfs=CBwQAhoeEgoyMDI3LTAxLTE0agcIARIDRFNNcgcIARIDU0pVGh4SCjIwMjctMDEtMTlqBwgBEgNTSlVyBwgBEgNEU01AAUABQAFAAkACQAJAA0gBcAGYAQE&tfu=EgIIAQ,Checked baggage for a fee; Bag and fare conditions depend on the return flight
2026-10-04T17:25:54Z,dsm-sju-jan-thursdays,serpapi,DSM,SJU,2027-01-14,2027-01-19,6,5154.00,USD,Southwest,2,https://www.google.com/travel/flights?hl=en&gl=us&curr=USD&tfs=CBwQAhoeEgoyMDI3LTAxLTE0agcIARIDRFNNcgcIARIDU0pVGh4SCjIwMjctMDEtMTlqBwgBEgNTSlVyBwgBEgNEU01AAUABQAFAAkACQAJAA0gBcAGYAQE&tfu=EgIIAQ,Checked baggage for a fee; Bag and fare conditions depend on the return flight
2026-10-04T17:25:54Z,dsm-sju-jan-thursdays,serpapi,DSM,SJU,2027-01-14,2027-01-19,6,6414.00,USD,Delta,2,https://www.google.com/travel/flights?hl=en&gl=us&curr=USD&tfs=CBwQAhoeEgoyMDI3LTAxLTE0agcIARIDRFNNcgcIARIDU0pVGh4SCjIwMjctMDEtMTlqBwgBEgNTSlVyBwgBEgNEU01AAUABQAFAAkACQAJAA0gBcAGYAQE&tfu=EgIIAQ,Checked baggage for a fee; Bag and fare conditions depend on the return flight
2026-10-04T17:25:54Z,dsm-sju-jan-thursdays,serpapi,DSM,SJU,2027-01-14,2027-01-19,6,7242.00,USD,Delta,1,https://www.google.com/travel/flights?hl=en&gl=us&curr=USD&tfs=CBwQAhoeEgoyMDI3LTAxLTE0agcIARIDRFNNcgcIARIDU0pVGh4SCjIwMjctMDEtMTlqBwgBEgNTSlVyBwgBEgNEU01AAUABQAFAAkACQAJAA0gBcAGYAQE&tfu=EgIIAQ,Checked baggage for a fee; Bag and fare conditions depend on the return flight
2026-10-04T17:26:01Z,dsm-sju-jan-thursdays,serpapi,DSM,SJU,2027-01-21,2027-01-26,6,2856.00,USD,American,2,https://www.google.com/travel/flights?hl=en&gl=us&curr=USD&tfs=CBwQAhoeEgoyMDI3LTAxLTIxagcIARIDRFNNcgcIARIDU0pVGh4SCjIwMjctMDEtMjZqBwgBEgNTSlVyBwgBEgNEU01AAUABQAFAAkACQAJAA0gBcAGYAQE&tfu=EgIIAQ,Checked baggage for a fee; Bag and fare conditions depend on the return flight
2026-10-04T17:26:01Z,dsm-sju-jan-thursdays,serpapi,DSM,SJU,2027-01-21,2027-01-26,6,2982.00,USD,United,2,https://www.google.com/travel/flights?hl=en&gl=us&curr=USD&tfs=CBwQAhoeEgoyMDI3LTAxLTIxagcIARIDRFNNcgcIARIDU0pVGh4SCjIwMjctMDEtMjZqBwgBEgNTSlVyBwgBEgNEU01AAUABQAFAAkACQAJAA0gBcAGYAQE&tfu=EgIIAQ,Checked baggage for a fee; Bag and fare conditions depend on the return flight
2026-10-04T17:26:01Z,dsm-sju-jan-thursdays,serpapi,DSM,SJU,2027-01-21,2027-01-26,6,3126.00,USD,American,1,https://www.google.com/travel/flights?hl=en&gl=us&curr=USD&tfs=CBwQAhoeEgoyMDI3LTAxLTIxagcIARIDRFNNcgcIARIDU0pVGh4SCjIwMjctMDEtMjZqBwgBEgNTSlVyBwgBEgNEU01AAUABQAFAAkACQAJAA0gBcAGYAQE&tfu=EgIIAQ,Checked baggage for a fee; Bag and fare conditions depend on the return flight
2026-10-04T17:26:01Z,dsm-sju-jan-thursdays,serpapi,DSM,SJU,2027-01-21,2027-01-26,6,3216.00,USD,United,1,https://www.google.com/travel/flights?hl=en&gl=us&curr=USD&tfs=CBwQAhoeEgoyMDI3LTAxLTIxagcIARIDRFNNcgcIARIDU0pVGh4SCjIwMjctMDEtMjZqBwgBEgNTSlVyBwgBEgNEU01AAUABQAFAAkACQAJAA0gBcAGYAQE&tfu=EgIIAQ,Checked baggage for a fee; Bag and fare conditions depend on the return flight
2026-10-04T17:26:01Z,dsm-sju-jan-thursdays,serpapi,DSM,SJU,2027-01-21,2027-01-26,6,3714.00,USD,American,1,https://www.google.com/travel/flights?hl=en&gl=us&curr=USD&tfs=CBwQAhoeEgoyMDI3LTAxLTIxagcIARIDRFNNcgcIARIDU0pVGh4SCjIwMjctMDEtMjZqBwgBEgNTSlVyBwgBEgNEU01AAUABQAFAAkACQAJAA0gBcAGYAQE&tfu=EgIIAQ,Checked baggage for a fee; Bag and fare conditions depend on the return flight
2026-10-04T17:26:01Z,dsm-sju-jan-thursdays,serpapi,DSM,SJU,2027-01-21,2027-01-26,6,2976.00,USD,American,2,https://www.google.com/travel/flights?hl=en&gl=us&curr=USD&tfs=CBwQAhoeEgoyMDI3LTAxLTIxagcIARIDRFNNcgcIARIDU0pVGh4SCjIwMjctMDEtMjZqBwgBEgNTSlVyBwgBEgNEU01AAUABQAFAAkACQAJAA0gBcAGYAQE&tfu=EgIIAQ,Checked baggage for a fee; Bag and fare conditions depend on the return flight
2026-10-04T17:26:01Z,dsm-sju-jan-thursdays,serpapi,DSM,SJU,2027-01-21,2027-01-26,6,3456.00,USD,Southwest,2,https://www.google.com/travel/flights?hl=en&gl=us&curr=USD&tfs=CBwQAhoeEgoyMDI3LTAxLTIxagcIARIDRFNNcgcIARIDU0pVGh4SCjIwMjctMDEtMjZqBwgBEgNTSlVyBwgBEgNEU01AAUABQAFAAkACQAJAA0gBcAGYAQE&tfu=EgIIAQ,Checked baggage for a fee; Bag and fare conditions depend on the return flight
2026-10-04T17:26:01Z,dsm-sju-jan-thursdays,serpapi,DSM,SJU,2027-01-21,2027-01-26,6,3738.00,USD,Southwest,2,https://www.google.com/travel/flights?hl=en&gl=us&curr=USD&tfs=CBwQAhoeEgoyMDI3LTAxLTIxagcIARIDRFNNcgcIARIDU0pVGh4SCjIwMjctMDEtMjZqBwgBEgNTSlVyBwgBEgNEU01AAUABQAFAAkACQAJAA0gBcAGYAQE&tfu=EgIIAQ,Checked baggage for a fee; Bag and fare conditions depend on the return flight
2026-10-04T17:26:01Z,dsm-sju-jan-thursdays,serpapi,DSM,SJU,2027-01-21,2027-01-26,6,4223.00,USD,United,1,https://www.google.com/travel/flights?hl=en&gl=us&curr=USD&tfs=CBwQAhoeEgoyMDI3LTAxLTIxagcIARIDRFNNcgcIARIDU0pVGh4SCjIwMjctMDEtMjZqBwgBEgNTSlVyBwgBEgNEU01AAUABQAFAAkACQAJAA0gBcAGYAQE&tfu=EgIIAQ,Checked baggage for a fee; Bag and fare conditions depend on the return flight
2026-10-04T17:26:01Z,dsm-sju-jan-thursdays,serpapi,DSM,SJU,2027-01-21,2027-01-26,6,4698.00,USD,Delta,2,https://www.google.com/travel/flights?hl=en&gl=us&curr=USD&tfs=CBwQAhoeEgoyMDI3LTAxLTIxagcIARIDRFNNcgcIARIDU0pVGh4SCjIwMjctMDEtMjZqBwgBEgNTSlVyBwgBEgNEU01AAUABQAFAAkACQAJAA0gBcAGYAQE&tfu=EgIIAQ,Checked baggage for a fee; Bag and fare conditions depend on the return flight
2026-10-04T17:26:01Z,dsm-sju-jan-thursdays,serpapi,DSM,SJU,2027-01-21,2027-01-26,6,4710.00,USD,United,1,https://www.google.com/travel/flights?hl=en&gl=us&curr=USD&tfs=CBwQAhoeEgoyMDI3LTAxLTIxagcIARIDRFNNcgcIARIDU0pVGh4SCjIwMjctMDEtMjZqBwgBEgNTSlVyBwgBEgNEU01AAUABQAFAAkACQAJAA0gBcAGYAQE&tfu=EgIIAQ,Checked baggage for a fee; Bag and fare conditions depend on the return flight
2026-10-04T17:26:01Z,dsm-sju-jan-thursdays,serpapi,DSM,SJU,2027-01-21,2027-01-26,6,5748.00,USD,Delta,1,https://www.google.com/travel/flights?hl=en&gl=us&curr=USD&tfs=CBwQAhoeEgoyMDI3LTAxLTIxagcIARIDRFNNcgcIARIDU0pVGh4SCjIwMjctMDEtMjZqBwgBEgNTSlVyBwgBEgNEU01AAUABQAFAAkACQAJAA0gBcAGYAQE&tfu=EgIIAQ,Checked baggage for a fee; Bag and fare conditions depend on the return flight
2026-10-04T17:26:07Z,dsm-sju-jan-thursdays,serpapi,DSM,SJU,2027-01-28,2027-02-02,6,2856.00,USD,United,2,https://www.google.com/travel/flights?hl=en&gl=us&curr=USD&tfs=CBwQAhoeEgoyMDI3LTAxLTI4agcIARIDRFNNcgcIARIDU0pVGh4SCjIwMjctMDItMDJqBwgBEgNTSlVyBwgBEgNEU01AAUABQAFAAkACQAJAA0gBcAGYAQE&tfu=EgIIAQ,Checked baggage for a fee; Bag and fare conditions depend on the return flight
2026-10-04T17:26:07Z,dsm-sju-jan-thursdays,serpapi,DSM,SJU,2027-01-28,2027-02-02,6,2856.00,USD,American,1,https://www.google.com/travel/flights?hl=en&gl=us&curr=USD&tfs=CBwQAhoeEgoyMDI3LTAxLTI4agcIARIDRFNNcgcIARIDU0pVGh4SCjIwMjctMDItMDJqBwgBEgNTSlVyBwgBEgNEU01AAUABQAFAAkACQAJAA0gBcAGYAQE&tfu=EgIIAQ,Checked baggage for a fee; Bag and fare conditions depend on the return flight
2026-10-04T17:26:07Z,dsm-sju-jan-thursdays,serpapi,DSM,SJU,2027-01-28,2027-02-02,6,3546.00,USD,United,1,https://www.google.com/travel/flights?hl=en&gl=us&curr=USD&tfs=CBwQAhoeEgoyMDI3LTAxLTI4agcIARIDRFNNcgcIARIDU0pVGh4SCjIwMjctMDItMDJqBwgBEgNTSlVyBwgBEgNEU01AAUABQAFAAkACQAJAA0gBcAGYAQE&tfu=EgIIAQ,Checked baggage for a fee; Bag and fare conditions depend on the return flight
2026-10-04T17:26:07Z,dsm-sju-jan-thursdays,serpapi,DSM,SJU,2027-01-28,2027-02-02,6,3642.00,USD,Delta,1,https://www.google.com/travel/flights?hl=en&gl=us&curr=USD&tfs=CBwQAhoeEgoyMDI3LTAxLTI4agcIARIDRFNNcgcIARIDU0pVGh4SCjIwMjctMDItMDJqBwgBEgNTSlVyBwgBEgNEU01AAUABQAFAAkACQAJAA0gBcAGYAQE&tfu=EgIIAQ,Checked baggage for a fee; Bag and fare conditions depend on the return flight
2026-10-04T17:26:07Z,dsm-sju-jan-thursdays,serpapi,DSM,SJU,2027-01-28,2027-02-02,6,3714.00,USD,American,1,https://www.google.com/travel/flights?hl=en&gl=us&curr=USD&tfs=CBwQAhoeEgoyMDI3LTAxLTI4agcIARIDRFNNcgcIARIDU0pVGh4SCjIwMjctMDItMDJqBwgBEgNTSlVyBwgBEgNEU01AAUABQAFAAkACQAJAA0gBcAGYAQE&tfu=EgIIAQ,Checked baggage for a fee; Bag and fare conditions depend on the return flight
2026-10-04T17:26:07Z,dsm-sju-jan-thursdays,serpapi,DSM,SJU,2027-01-28,2027-02-02,6,2976.00,USD,Southwest,2,https://www.google.com/travel/flights?hl=en&gl=us&curr=USD&tfs=CBwQAhoeEgoyMDI3LTAxLTI4agcIARIDRFNNcgcIARIDU0pVGh4SCjIwMjctMDItMDJqBwgBEgNTSlVyBwgBEgNEU01AAUABQAFAAkACQAJAA0gBcAGYAQE&tfu=EgIIAQ,Checked baggage for a fee; Bag and fare conditions depend on the return flight
2026-10-04T17:26:07Z,dsm-sju-jan-thursdays,serpapi,DSM,SJU,2027-01-28,2027-02-02,6,3336.00,USD,Southwest,2,https://www.google.com/travel/flights?hl=en&gl=us&curr=USD&tfs=CBwQAhoeEgoyMDI3LTAxLTI4agcIARIDRFNNcgcIARIDU0pVGh4SCjIwMjctMDItMDJqBwgBEgNTSlVyBwgBEgNEU01AAUABQAFAAkACQAJAA0gBcAGYAQE&tfu=EgIIAQ,Checked baggage for a fee; Bag and fare conditions depend on the return flight
2026-10-04T17:26:07Z,dsm-sju-jan-thursdays,serpapi,DSM,SJU,2027-01-28,2027-02-02,6,3492.00,USD,American,1,https://www.google.com/travel/flights?hl=en&gl=us&curr=USD&tfs=CBwQAhoeEgoyMDI3LTAxLTI4agcIARIDRFNNcgcIARIDU0pVGh4SCjIwMjctMDItMDJqBwgBEgNTSlVyBwgBEgNEU01AAUABQAFAAkACQAJAA0gBcAGYAQE&tfu=EgIIAQ,Checked baggage for a fee; Bag and fare conditions depend on the return flight
2026-10-04T17:26:07Z,dsm-sju-jan-thursdays,serpapi,DSM,SJU,2027-01-28,2027-02-02,6,4182.00,USD,American,1,https://www.google.com/travel/flights?hl=en&gl=us&curr=USD&tfs=CBwQAhoeEgoyMDI3LTAxLTI4agcIARIDRFNNcgcIARIDU0pVGh4SCjIwMjctMDItMDJqBwgBEgNTSlVyBwgBEgNEU01AAUABQAFAAkACQAJAA0gBcAGYAQE&tfu=EgIIAQ,Checked baggage for a fee; Bag and fare conditions depend on the return flight
2026-10-04T17:26:07Z,dsm-sju-jan-thursdays,serpapi,DSM,SJU,2027-01-28,2027-02-02,6,4554.00,USD,United,1,https://www.google.com/travel/flights?hl=en&gl=us&curr=USD&tfs=CBwQAhoeEgoyMDI3LTAxLTI4agcIARIDRFNNcgcIARIDU0pVGh4SCjIwMjctMDItMDJqBwgBEgNTSlVyBwgBEgNEU01AAUABQAFAAkACQAJAA0gBcAGYAQE&tfu=EgIIAQ,Checked baggage for a fee; Bag and fare conditions depend on the return flight
2026-10-04T17:26:07Z,dsm-sju-jan-thursdays,serpapi,DSM,SJU,2027-01-28,2027-02-02,6,4770.00,USD,United,1,https://www.google.com/travel/flights?hl=en&gl=us&curr=USD&tfs=CBwQAhoeEgoyMDI3LTAxLTI4agcIARIDRFNNcgcIARIDU0pVGh4SCjIwMjctMDItMDJqBwgBEgNTSlVyBwgBEgNEU01AAUABQAFAAkACQAJAA0gBcAGYAQE&tfu=EgIIAQ,Checked baggage for a fee; Bag and fare conditions depend on the return flight
2026-10-04T17:26:07Z,dsm-sju-jan-thursdays,serpapi,DSM,SJU,2027-01-28,2027-02-02,6,6186.00,USD,Delta,1,https://www.google.com/travel/flights?hl=en&gl=us&curr=USD&tfs=CBwQAhoeEgoyMDI3LTAxLTI4agcIARIDRFNNcgcIARIDU0pVGh4SCjIwMjctMDItMDJqBwgBEgNTSlVyBwgBEgNEU01AAUABQAFAAkACQAJAA0gBcAGYAQE&tfu=EgIIAQ,Checked baggage for a fee; Bag and fare conditions depend on the return flight
2026-10-04T17:26:25Z,dsm-stt-apr-may-thursdays,serpapi,DSM,STT,2027-04-29,2027-05-04,6,3286.00,USD,American,2,https://www.google.com/travel/flights?hl=en&gl=us&curr=USD&tfs=CBwQAhoeEgoyMDI3LTA0LTI5agcIARIDRFNNcgcIARIDU1RUGh4SCjIwMjctMDUtMDRqBwgBEgNTVFRyBwgBEgNEU01AAUABQAFAAkACQAJAA0gBcAGYAQE&tfu=EgIIAQ,Checked baggage for a fee; Bag and fare conditions depend on the return flight
2026-10-04T17:26:25Z,dsm-stt-apr-may-thursdays,serpapi,DSM,STT,2027-04-29,2027-05-04,6,4222.00,USD,American,1,https://www.google.com/travel/flights?hl=en&gl=us&curr=USD&tfs=CBwQAhoeEgoyMDI3LTA0LTI5agcIARIDRFNNcgcIARIDU1RUGh4SCjIwMjctMDUtMDRqBwgBEgNTVFRyBwgBEgNEU01AAUABQAFAAkACQAJAA0gBcAGYAQE&tfu=EgIIAQ,Checked baggage for a fee; Bag and fare conditions depend on the return flight
2026-10-04T17:26:25Z,dsm-stt-apr-may-thursdays,serpapi,DSM,STT,2027-04-29,2027-05-04,6,4996.00,USD,Delta,1,https://www.google.com/travel/flights?hl=en&gl=us&curr=USD&tfs=CBwQAhoeEgoyMDI3LTA0LTI5agcIARIDRFNNcgcIARIDU1RUGh4SCjIwMjctMDUtMDRqBwgBEgNTVFRyBwgBEgNEU01AAUABQAFAAkACQAJAA0gBcAGYAQE&tfu=EgIIAQ,Checked baggage for a fee; Bag and fare conditions depend on the return flight
2026-10-04T17:26:25Z,dsm-stt-apr-may-thursdays,serpapi,DSM,STT,2027-04-29,2027-05-04,6,4162.00,USD,American,2,https://www.google.com/travel/flights?hl=en&gl=us&curr=USD&tfs=CBwQAhoeEgoyMDI3LTA0LTI5agcIARIDRFNNcgcIARIDU1RUGh4SCjIwMjctMDUtMDRqBwgBEgNTVFRyBwgBEgNEU01AAUABQAFAAkACQAJAA0gBcAGYAQE&tfu=EgIIAQ,Checked baggage for a fee; Bag and fare conditions depend on the return flight
2026-10-04T17:26:25Z,dsm-stt-apr-may-thursdays,serpapi,DSM,STT,2027-04-29,2027-05-04,6,5631.00,USD,United,2,https://www.google.com/travel/flights?hl=en&gl=us&curr=USD&tfs=CBwQAhoeEgoyMDI3LTA0LTI5agcIARIDRFNNcgcIARIDU1RUGh4SCjIwMjctMDUtMDRqBwgBEgNTVFRyBwgBEgNEU01AAUABQAFAAkACQAJAA0gBcAGYAQE&tfu=EgIIAQ,Checked baggage for a fee; Bag and fare conditions depend on the return flight
2026-10-04T17:26:25Z,dsm-stt-apr-may-thursdays,serpapi,DSM,STT,2027-04-29,2027-05-04,6,5974.00,USD,United,2,https://www.google.com/travel/flights?hl=en&gl=us&curr=USD&tfs=CBwQAhoeEgoyMDI3LTA0LTI5agcIARIDRFNNcgcIARIDU1RUGh4SCjIwMjctMDUtMDRqBwgBEgNTVFRyBwgBEgNEU01AAUABQAFAAkACQAJAA0gBcAGYAQE&tfu=EgIIAQ,Checked baggage for a fee; Bag and fare conditions depend on the return flight
2026-10-04T17:26:25Z,dsm-stt-apr-may-thursdays,serpapi,DSM,STT,2027-04-29,2027-05-04,6,6646.00,USD,Delta,1,https://www.google.com/travel/flights?hl=en&gl=us&curr=USD&tfs=CBwQAhoeEgoyMDI3LTA0LTI5agcIARIDRFNNcgcIARIDU1RUGh4SCjIwMjctMDUtMDRqBwgBEgNTVFRyBwgBEgNEU01AAUABQAFAAkACQAJAA0gBcAGYAQE&tfu=EgIIAQ,Checked baggage for a fee; Bag and fare conditions depend on the return flight
2026-10-04T17:26:25Z,dsm-stt-apr-may-thursdays,serpapi,DSM,STT,2027-04-29,2027-05-04,6,23152.00,USD,Delta,2,https://www.google.com/travel/flights?hl=en&gl=us&curr=USD&tfs=CBwQAhoeEgoyMDI3LTA0LTI5agcIARIDRFNNcgcIARIDU1RUGh4SCjIwMjctMDUtMDRqBwgBEgNTVFRyBwgBEgNEU01AAUABQAFAAkACQAJAA0gBcAGYAQE&tfu=EgIIAQ,Checked baggage for a fee; Bag and fare conditions depend on the return flight
2026-10-04T17:26:25Z,dsm-stt-apr-may-thursdays,serpapi,DSM,STT,2027-04-29,2027-05-04,6,23436.00,USD,Delta,1,https://www.google.com/travel/flights?hl=en&gl=us&curr=USD&tfs=CBwQAhoeEgoyMDI3LTA0LTI5agcIARIDRFNNcgcIARIDU1RUGh4SCjIwMjctMDUtMDRqBwgBEgNTVFRyBwgBEgNEU01AAUABQAFAAkACQAJAA0gBcAGYAQE&tfu=EgIIAQ,Checked baggage for a fee; Bag and fare conditions depend on the return flight
2026-10-04T17:26:46Z,dsm-stt-apr-may-thursdays,serpapi,DSM,STT,2027-05-13,2027-05-18,6,3286.00,USD,American,2,https://www.google.com/travel/flights?hl=en&gl=us&curr=USD&tfs=CBwQAhoeEgoyMDI3LTA1LTEzagcIARIDRFNNcgcIARIDU1RUGh4SCjIwMjctMDUtMThqBwgBEgNTVFRyBwgBEgNEU01AAUABQAFAAkACQAJAA0gBcAGYAQE&tfu=EgIIAQ,Checked baggage for a fee; Bag and fare conditions depend on the return flight
2026-10-04T17:26:46Z,dsm-stt-apr-may-thursdays,serpapi,DSM,STT,2027-05-13,2027-05-18,6,3898.00,USD,Delta,1,https://www.google.com/travel/flights?hl=en&gl=us&curr=USD&tfs=CBwQAhoeEgoyMDI3LTA1LTEzagcIARIDRFNNcgcIARIDU1RUGh4SCjIwMjctMDUtMThqBwgBEgNTVFRyBwgBEgNEU01AAUABQAFAAkACQAJAA0gBcAGYAQE&tfu=EgIIAQ,Checked baggage for a fee; Bag and fare conditions depend on the return flight
2026-10-04T17:26:46Z,dsm-stt-apr-may-thursdays,serpapi,DSM,STT,2027-05-13,2027-05-18,6,3910.00,USD,American,1,https://www.google.com/travel/flights?hl=en&gl=us&curr=USD&tfs=CBwQAhoeEgoyMDI3LTA1LTEzagcIARIDRFNNcgcIARIDU1RUGh4SCjIwMjctMDUtMThqBwgBEgNTVFRyBwgBEgNEU01AAUABQAFAAkACQAJAA0gBcAGYAQE&tfu=EgIIAQ,Checked baggage for a fee; Bag and fare conditions depend on the return flight
2026-10-04T17:26:46Z,dsm-stt-apr-may-thursdays,serpapi,DSM,STT,2027-05-13,2027-05-18,6,3910.00,USD,American,2,https://www.google.com/travel/flights?hl=en&gl=us&curr=USD&tfs=CBwQAhoeEgoyMDI3LTA1LTEzagcIARIDRFNNcgcIARIDU1RUGh4SCjIwMjctMDUtMThqBwgBEgNTVFRyBwgBEgNEU01AAUABQAFAAkACQAJAA0gBcAGYAQE&tfu=EgIIAQ,Checked baggage for a fee; Bag and fare conditions depend on the return flight
2026-10-04T17:26:46Z,dsm-stt-apr-may-thursdays,serpapi,DSM,STT,2027-05-13,2027-05-18,6,5548.00,USD,Delta,1,https://www.google.com/travel/flights?hl=en&gl=us&curr=USD&tfs=CBwQAhoeEgoyMDI3LTA1LTEzagcIARIDRFNNcgcIARIDU1RUGh4SCjIwMjctMDUtMThqBwgBEgNTVFRyBwgBEgNEU01AAUABQAFAAkACQAJAA0gBcAGYAQE&tfu=EgIIAQ,Checked baggage for a fee; Bag and fare conditions depend on the return flight
2026-10-04T17:26:46Z,dsm-stt-apr-may-thursdays,serpapi,DSM,STT,2027-05-13,2027-05-18,6,5631.00,USD,United,2,https://www.google.com/travel/flights?hl=en&gl=us&curr=USD&tfs=CBwQAhoeEgoyMDI3LTA1LTEzagcIARIDRFNNcgcIARIDU1RUGh4SCjIwMjctMDUtMThqBwgBEgNTVFRyBwgBEgNEU01AAUABQAFAAkACQAJAA0gBcAGYAQE&tfu=EgIIAQ,Checked baggage for a fee; Bag and fare conditions depend on the return flight
2026-10-04T17:26:46Z,dsm-stt-apr-may-thursdays,serpapi,DSM,STT,2027-05-13,2027-05-18,6,6960.00,USD,United,2,https://www.google.com/travel/flights?hl=en&gl=us&curr=USD&tfs=CBwQAhoeEgoyMDI3LTA1LTEzagcIARIDRFNNcgcIARIDU1RUGh4SCjIwMjctMDUtMThqBwgBEgNTVFRyBwgBEgNEU01AAUABQAFAAkACQAJAA0gBcAGYAQE&tfu=EgIIAQ,Checked baggage for a fee; Bag and fare conditions depend on the return flight
2026-10-04T17:26:46Z,dsm-stt-apr-may-thursdays,serpapi,DSM,STT,2027-05-13,2027-05-18,6,20245.00,USD,United,2,https://www.google.com/travel/flights?hl=en&gl=us&curr=USD&tfs=CBwQAhoeEgoyMDI3LTA1LTEzagcIARIDRFNNcgcIARIDU1RUGh4SCjIwMjctMDUtMThqBwgBEgNTVFRyBwgBEgNEU01AAUABQAFAAkACQAJAA0gBcAGYAQE&tfu=EgIIAQ,Checked baggage for a fee; Bag and fare conditions depend on the return flight
2026-10-04T17:26:46Z,dsm-stt-apr-may-thursdays,serpapi,DSM,STT,2027-05-13,2027-05-18,6,23436.00,USD,Delta,1,https://www.google.com/travel/flights?hl=en&gl=us&curr=USD&tfs=CBwQAhoeEgoyMDI3LTA1LTEzagcIARIDRFNNcgcIARIDU1RUGh4SCjIwMjctMDUtMThqBwgBEgNTVFRyBwgBEgNEU01AAUABQAFAAkACQAJAA0gBcAGYAQE&tfu=EgIIAQ,Checked baggage for a fee; Bag and fare conditions depend on the return flight
2026-10-04T17:26:58Z,dsm-sju-apr-may-thursdays,serpapi,DSM,SJU,2027-04-29,2027-05-04,6,2976.00,USD,Delta,1,https://www.google.com/travel/flights?hl=en&gl=us&curr=USD&tfs=CBwQAhoeEgoyMDI3LTA0LTI5agcIARIDRFNNcgcIARIDU0pVGh4SCjIwMjctMDUtMDRqBwgBEgNTSlVyBwgBEgNEU01AAUABQAFAAkACQAJAA0gBcAGYAQE&tfu=EgIIAQ,Checked baggage for a fee; Bag and fare conditions depend on the return flight
2026-10-04T17:26:58Z,dsm-sju-apr-may-thursdays,serpapi,DSM,SJU,2027-04-29,2027-05-04,6,3186.00,USD,Southwest,1,https://www.google.com/travel/flights?hl=en&gl=us&curr=USD&tfs=CBwQAhoeEgoyMDI3LTA0LTI5agcIARIDRFNNcgcIARIDU0pVGh4SCjIwMjctMDUtMDRqBwgBEgNTSlVyBwgBEgNEU01AAUABQAFAAkACQAJAA0gBcAGYAQE&tfu=EgIIAQ,Checked baggage for a fee; Bag and fare conditions depend on the return flight
2026-10-04T17:26:58Z,dsm-sju-apr-may-thursdays,serpapi,DSM,SJU,2027-04-29,2027-05-04,6,3546.00,USD,United,1,https://www.google.com/travel/flights?hl=en&gl=us&curr=USD&tfs=CBwQAhoeEgoyMDI3LTA0LTI5agcIARIDRFNNcgcIARIDU0pVGh4SCjIwMjctMDUtMDRqBwgBEgNTSlVyBwgBEgNEU01AAUABQAFAAkACQAJAA0gBcAGYAQE&tfu=EgIIAQ,Checked baggage for a fee; Bag and fare conditions depend on the return flight
2026-10-04T17:26:58Z,dsm-sju-apr-may-thursdays,serpapi,DSM,SJU,2027-04-29,2027-05-04,6,2946.00,USD,Southwest,2,https://www.google.com/travel/flights?hl=en&gl=us&curr=USD&tfs=CBwQAhoeEgoyMDI3LTA0LTI5agcIARIDRFNNcgcIARIDU0pVGh4SCjIwMjctMDUtMDRqBwgBEgNTSlVyBwgBEgNEU01AAUABQAFAAkACQAJAA0gBcAGYAQE&tfu=EgIIAQ,Checked baggage for a fee; Bag and fare conditions depend on the return flight
2026-10-04T17:26:58Z,dsm-sju-apr-may-thursdays,serpapi,DSM,SJU,2027-04-29,2027-05-04,6,2976.00,USD,American,1,https://www.google.com/travel/flights?hl=en&gl=us&curr=USD&tfs=CBwQAhoeEgoyMDI3LTA0LTI5agcIARIDRFNNcgcIARIDU0pVGh4SCjIwMjctMDUtMDRqBwgBEgNTSlVyBwgBEgNEU01AAUABQAFAAkACQAJAA0gBcAGYAQE&tfu=EgIIAQ,Checked baggage for a fee; Bag and fare conditions depend on the return flight
2026-10-04T17:26:58Z,dsm-sju-apr-may-thursdays,serpapi,DSM,SJU,2027-04-29,2027-05-04,6,3660.00,USD,United,1,https://www.google.com/travel/flights?hl=en&gl=us&curr=USD&tfs=CBwQAhoeEgoyMDI3LTA0LTI5agcIARIDRFNNcgcIARIDU0pVGh4SCjIwMjctMDUtMDRqBwgBEgNTSlVyBwgBEgNEU01AAUABQAFAAkACQAJAA0gBcAGYAQE&tfu=EgIIAQ,Checked baggage for a fee; Bag and fare conditions depend on the return flight
2026-10-04T17:26:58Z,dsm-sju-apr-may-thursdays,serpapi,DSM,SJU,2027-04-29,2027-05-04,6,3714.00,USD,American,1,https://www.google.com/travel/flights?hl=en&gl=us&curr=USD&tfs=CBwQAhoeEgoyMDI3LTA0LTI5agcIARIDRFNNcgcIARIDU0pVGh4SCjIwMjctMDUtMDRqBwgBEgNTSlVyBwgBEgNEU01AAUABQAFAAkACQAJAA0gBcAGYAQE&tfu=EgIIAQ,Checked baggage for a fee; Bag and fare conditions depend on the return flight
2026-10-04T17:26:58Z,dsm-sju-apr-may-thursdays,serpapi,DSM,SJU,2027-04-29,2027-05-04,6,4182.00,USD,American,1,https://www.google.com/travel/flights?hl=en&gl=us&curr=USD&tfs=CBwQAhoeEgoyMDI3LTA0LTI5agcIARIDRFNNcgcIARIDU0pVGh4SCjIwMjctMDUtMDRqBwgBEgNTSlVyBwgBEgNEU01AAUABQAFAAkACQAJAA0gBcAGYAQE&tfu=EgIIAQ,Checked baggage for a fee; Bag and fare conditions depend on the return flight
2026-10-04T17:26:58Z,dsm-sju-apr-may-thursdays,serpapi,DSM,SJU,2027-04-29,2027-05-04,6,4296.00,USD,Delta,1,https://www.google.com/travel/flights?hl=en&gl=us&curr=USD&tfs=CBwQAhoeEgoyMDI3LTA0LTI5agcIARIDRFNNcgcIARIDU0pVGh4SCjIwMjctMDUtMDRqBwgBEgNTSlVyBwgBEgNEU01AAUABQAFAAkACQAJAA0gBcAGYAQE&tfu=EgIIAQ,Checked baggage for a fee; Bag and fare conditions depend on the return flight
2026-10-04T17:27:06Z,dsm-sju-apr-may-thursdays,serpapi,DSM,SJU,2027-05-13,2027-05-18,6,3492.00,USD,American,1,https://www.google.com/travel/flights?hl=en&gl=us&curr=USD&tfs=CBwQAhoeEgoyMDI3LTA1LTEzagcIARIDRFNNcgcIARIDU0pVGh4SCjIwMjctMDUtMThqBwgBEgNTSlVyBwgBEgNEU01AAUABQAFAAkACQAJAA0gBcAGYAQE&tfu=EgIIAQ,Checked baggage for a fee; Bag and fare conditions depend on the return flight
2026-10-04T17:27:06Z,dsm-sju-apr-may-thursdays,serpapi,DSM,SJU,2027-05-13,2027-05-18,6,3558.00,USD,United,1,https://www.google.com/travel/flights?hl=en&gl=us&curr=USD&tfs=CBwQAhoeEgoyMDI3LTA1LTEzagcIARIDRFNNcgcIARIDU0pVGh4SCjIwMjctMDUtMThqBwgBEgNTSlVyBwgBEgNEU01AAUABQAFAAkACQAJAA0gBcAGYAQE&tfu=EgIIAQ,Checked baggage for a fee; Bag and fare conditions depend on the return flight
2026-10-04T17:27:06Z,dsm-sju-apr-may-thursdays,serpapi,DSM,SJU,2027-05-13,2027-05-18,6,3642.00,USD,Delta,1,https://www.google.com/travel/flights?hl=en&gl=us&curr=USD&tfs=CBwQAhoeEgoyMDI3LTA1LTEzagcIARIDRFNNcgcIARIDU0pVGh4SCjIwMjctMDUtMThqBwgBEgNTSlVyBwgBEgNEU01AAUABQAFAAkACQAJAA0gBcAGYAQE&tfu=EgIIAQ,Checked baggage for a fee; Bag and fare conditions depend on the return flight
2026-10-04T17:27:06Z,dsm-sju-apr-may-thursdays,serpapi,DSM,SJU,2027-05-13,2027-05-18,6,2946.00,USD,Southwest,2,https://www.google.com/travel/flights?hl=en&gl=us&curr=USD&tfs=CBwQAhoeEgoyMDI3LTA1LTEzagcIARIDRFNNcgcIARIDU0pVGh4SCjIwMjctMDUtMThqBwgBEgNTSlVyBwgBEgNEU01AAUABQAFAAkACQAJAA0gBcAGYAQE&tfu=EgIIAQ,Checked baggage for a fee; Bag and fare conditions depend on the return flight
2026-10-04T17:27:06Z,dsm-sju-apr-may-thursdays,serpapi,DSM,SJU,2027-05-13,2027-05-18,6,3126.00,USD,American,2,https://www.google.com/travel/flights?hl=en&gl=us&curr=USD&tfs=CBwQAhoeEgoyMDI3LTA1LTEzagcIARIDRFNNcgcIARIDU0pVGh4SCjIwMjctMDUtMThqBwgBEgNTSlVyBwgBEgNEU01AAUABQAFAAkACQAJAA0gBcAGYAQE&tfu=EgIIAQ,Checked baggage for a fee; Bag and fare conditions depend on the return flight
2026-10-04T17:27:06Z,dsm-sju-apr-may-thursdays,serpapi,DSM,SJU,2027-05-13,2027-05-18,6,3384.00,USD,United,2,https://www.google.com/travel/flights?hl=en&gl=us&curr=USD&tfs=CBwQAhoeEgoyMDI3LTA1LTEzagcIARIDRFNNcgcIARIDU0pVGh4SCjIwMjctMDUtMThqBwgBEgNTSlVyBwgBEgNEU01AAUABQAFAAkACQAJAA0gBcAGYAQE&tfu=EgIIAQ,Checked baggage for a fee; Bag and fare conditions depend on the return flight
2026-10-04T17:27:06Z,dsm-sju-apr-may-thursdays,serpapi,DSM,SJU,2027-05-13,2027-05-18,6,3546.00,USD,United,1,https://www.google.com/travel/flights?hl=en&gl=us&curr=USD&tfs=CBwQAhoeEgoyMDI3LTA1LTEzagcIARIDRFNNcgcIARIDU0pVGh4SCjIwMjctMDUtMThqBwgBEgNTSlVyBwgBEgNEU01AAUABQAFAAkACQAJAA0gBcAGYAQE&tfu=EgIIAQ,Checked baggage for a fee; Bag and fare conditions depend on the return flight
2026-10-04T17:27:06Z,dsm-sju-apr-may-thursdays,serpapi,DSM,SJU,2027-05-13,2027-05-18,6,3714.00,USD,American,1,https://www.google.com/travel/flights?hl=en&gl=us&curr=USD&tfs=CBwQAhoeEgoyMDI3LTA1LTEzagcIARIDRFNNcgcIARIDU0pVGh4SCjIwMjctMDUtMThqBwgBEgNTSlVyBwgBEgNEU01AAUABQAFAAkACQAJAA0gBcAGYAQE&tfu=EgIIAQ,Checked baggage for a fee; Bag and fare conditions depend on the return flight
2026-10-04T17:27:06Z,dsm-sju-apr-may-thursdays,serpapi,DSM,SJU,2027-05-13,2027-05-18,6,3882.00,USD,American,1,https://www.google.com/travel/flights?hl=en&gl=us&curr=USD&tfs=CBwQAhoeEgoyMDI3LTA1LTEzagcIARIDRFNNcgcIARIDU0pVGh4SCjIwMjctMDUtMThqBwgBEgNTSlVyBwgBEgNEU01AAUABQAFAAkACQAJAA0gBcAGYAQE&tfu=EgIIAQ,Checked baggage for a fee; Bag and fare conditions depend on the return flight
2026-10-04T17:27:06Z,dsm-sju-apr-may-thursdays,serpapi,DSM,SJU,2027-05-13,2027-05-18,6,5016.00,USD,Southwest,1,https://www.google.com/travel/flights?hl=en&gl=us&curr=USD&tfs=CBwQAhoeEgoyMDI3LTA1LTEzagcIARIDRFNNcgcIARIDU0pVGh4SCjIwMjctMDUtMThqBwgBEgNTSlVyBwgBEgNEU01AAUABQAFAAkACQAJAA0gBcAGYAQE&tfu=EgIIAQ,Checked baggage for a fee; Bag and fare conditions depend on the return flight
2026-10-04T17:27:13Z,ord-sju-jan-sat-thu,serpapi,ORD,SJU,2027-01-02,2027-01-07,6,2587.00,USD,Frontier,0,https://www.google.com/travel/flights?hl=en&gl=us&curr=USD&tfs=CBwQAhoeEgoyMDI3LTAxLTAyagcIARIDT1JEcgcIARIDU0pVGh4SCjIwMjctMDEtMDdqBwgBEgNTSlVyBwgBEgNPUkRAAUABQAFAAkACQAJAA0gBcAGYAQE&tfu=EgIIAQ,Checked baggage for a fee; Bag and fare conditions depend on the return flight
2026-10-04T17:27:13Z,ord-sju-jan-sat-thu,serpapi,ORD,SJU,2027-01-02,2027-01-07,6,3375.00,USD,American,0,https://www.google.com/travel/flights?hl=en&gl=us&curr=USD&tfs=CBwQAhoeEgoyMDI3LTAxLTAyagcIARIDT1JEcgcIARIDU0pVGh4SCjIwMjctMDEtMDdqBwgBEgNTSlVyBwgBEgNPUkRAAUABQAFAAkACQAJAA0gBcAGYAQE&tfu=EgIIAQ,Checked baggage for a fee; Bag and fare conditions depend on the return flight
2026-10-04T17:27:13Z,ord-sju-jan-sat-thu,serpapi,ORD,SJU,2027-01-02,2027-01-07,6,3744.00,USD,United,0,https://www.google.com/travel/flights?hl=en&gl=us&curr=USD&tfs=CBwQAhoeEgoyMDI3LTAxLTAyagcIARIDT1JEcgcIARIDU0pVGh4SCjIwMjctMDEtMDdqBwgBEgNTSlVyBwgBEgNPUkRAAUABQAFAAkACQAJAA0gBcAGYAQE&tfu=EgIIAQ,Checked baggage for a fee; Bag and fare conditions depend on the return flight
2026-10-04T17:27:13Z,ord-sju-jan-sat-thu,serpapi,ORD,SJU,2027-01-02,2027-01-07,6,2562.00,USD,American,1,https://www.google.com/travel/flights?hl=en&gl=us&curr=USD&tfs=CBwQAhoeEgoyMDI3LTAxLTAyagcIARIDT1JEcgcIARIDU0pVGh4SCjIwMjctMDEtMDdqBwgBEgNTSlVyBwgBEgNPUkRAAUABQAFAAkACQAJAA0gBcAGYAQE&tfu=EgIIAQ,Checked baggage for a fee; Bag and fare conditions depend on the return flight
2026-10-04T17:27:13Z,ord-sju-jan-sat-thu,serpapi,ORD,SJU,2027-01-02,2027-01-07,6,3402.00,USD,American,1,https://www.google.com/travel/flights?hl=en&gl=us&curr=USD&tfs=CBwQAhoeEgoyMDI3LTAxLTAyagcIARIDT1JEcgcIARIDU0pVGh4SCjIwMjctMDEtMDdqBwgBEgNTSlVyBwgBEgNPUkRAAUABQAFAAkACQAJAA0gBcAGYAQE&tfu=EgIIAQ,Checked baggage for a fee; Bag and fare conditions depend on the return flight
2026-10-04T17:27:13Z,ord-sju-jan-sat-thu,serpapi,ORD,SJU,2027-01-02,2027-01-07,6,4251.00,USD,American,0,https://www.google.com/travel/flights?hl=en&gl=us&curr=USD&tfs=CBwQAhoeEgoyMDI3LTAxLTAyagcIARIDT1JEcgcIARIDU0pVGh4SCjIwMjctMDEtMDdqBwgBEgNTSlVyBwgBEgNPUkRAAUABQAFAAkACQAJAA0gBcAGYAQE&tfu=EgIIAQ,Checked baggage for a fee; Bag and fare conditions depend on the return flight
2026-10-04T17:27:13Z,ord-sju-jan-sat-thu,serpapi,ORD,SJU,2027-01-02,2027-01-07,6,4356.00,USD,United,0,https://www.google.com/travel/flights?hl=en&gl=us&curr=USD&tfs=CBwQAhoeEgoyMDI3LTAxLTAyagcIARIDT1JEcgcIARIDU0pVGh4SCjIwMjctMDEtMDdqBwgBEgNTSlVyBwgBEgNPUkRAAUABQAFAAkACQAJAA0gBcAGYAQE&tfu=EgIIAQ,Checked baggage for a fee; Bag and fare conditions depend on the return flight
2026-10-04T17:27:27Z,ord-sju-jan-sat-thu,serpapi,ORD,SJU,2027-01-16,2027-01-21,6,1473.00,USD,United,1,https://www.google.com/travel/flights?hl=en&gl=us&curr=USD&tfs=CBwQAhoeEgoyMDI3LTAxLTE2agcIARIDT1JEcgcIARIDU0pVGh4SCjIwMjctMDEtMjFqBwgBEgNTSlVyBwgBEgNPUkRAAUABQAFAAkACQAJAA0gBcAGYAQE&tfu=EgIIAQ,Checked baggage for a fee; Bag and fare conditions depend on the return flight
2026-10-04T17:27:27Z,ord-sju-jan-sat-thu,serpapi,ORD,SJU,2027-01-16,2027-01-21,6,2106.00,USD,United,0,https://www.google.com/travel/flights?hl=en&gl=us&curr=USD&tfs=CBwQAhoeEgoyMDI3LTAxLTE2agcIARIDT1JEcgcIARIDU0pVGh4SCjIwMjctMDEtMjFqBwgBEgNTSlVyBwgBEgNPUkRAAUABQAFAAkACQAJAA0gBcAGYAQE&tfu=EgIIAQ,Checked baggage for a fee; Bag and fare conditions depend on the return flight
2026-10-04T17:27:27Z,ord-sju-jan-sat-thu,serpapi,ORD,SJU,2027-01-16,2027-01-21,6,1819.00,USD,Frontier,0,https://www.google.com/travel/flights?hl=en&gl=us&curr=USD&tfs=CBwQAhoeEgoyMDI3LTAxLTE2agcIARIDT1JEcgcIARIDU0pVGh4SCjIwMjctMDEtMjFqBwgBEgNTSlVyBwgBEgNPUkRAAUABQAFAAkACQAJAA0gBcAGYAQE&tfu=EgIIAQ,Checked baggage for a fee; Bag and fare conditions depend on the return flight
2026-10-04T17:27:27Z,ord-sju-jan-sat-thu,serpapi,ORD,SJU,2027-01-16,2027-01-21,6,2262.00,USD,United,0,https://www.google.com/travel/flights?hl=en&gl=us&curr=USD&tfs=CBwQAhoeEgoyMDI3LTAxLTE2agcIARIDT1JEcgcIARIDU0pVGh4SCjIwMjctMDEtMjFqBwgBEgNTSlVyBwgBEgNPUkRAAUABQAFAAkACQAJAA0gBcAGYAQE&tfu=EgIIAQ,Checked baggage for a fee; Bag and fare conditions depend on the return flight
2026-10-04T17:27:27Z,ord-sju-jan-sat-thu,serpapi,ORD,SJU,2027-01-16,2027-01-21,6,2316.00,USD,American,0,https://www.google.com/travel/flights?hl=en&gl=us&curr=USD&tfs=CBwQAhoeEgoyMDI3LTAxLTE2agcIARIDT1JEcgcIARIDU0pVGh4SCjIwMjctMDEtMjFqBwgBEgNTSlVyBwgBEgNPUkRAAUABQAFAAkACQAJAA0gBcAGYAQE&tfu=EgIIAQ,Checked baggage for a fee; Bag and fare conditions depend on the return flight
2026-10-04T17:27:27Z,ord-sju-jan-sat-thu,serpapi,ORD,SJU,2027-01-16,2027-01-21,6,2724.00,USD,American,0,https://www.google.com/travel/flights?hl=en&gl=us&curr=USD&tfs=CBwQAhoeEgoyMDI3LTAxLTE2agcIARIDT1JEcgcIARIDU0pVGh4SCjIwMjctMDEtMjFqBwgBEgNTSlVyBwgBEgNPUkRAAUABQAFAAkACQAJAA0gBcAGYAQE&tfu=EgIIAQ,Checked baggage for a fee; Bag and fare conditions depend on the return flight
2026-10-04T17:27:27Z,ord-sju-jan-sat-thu,serpapi,ORD,SJU,2027-01-16,2027-01-21,6,2844.00,USD,United,0,https://www.google.com/travel/flights?hl=en&gl=us&curr=USD&tfs=CBwQAhoeEgoyMDI3LTAxLTE2agcIARIDT1JEcgcIARIDU0pVGh4SCjIwMjctMDEtMjFqBwgBEgNTSlVyBwgBEgNPUkRAAUABQAFAAkACQAJAA0gBcAGYAQE&tfu=EgIIAQ,Checked baggage for a fee; Bag and fare conditions depend on the return flight
2026-10-04T17:27:47Z,ord-sju-jan-sat-thu,serpapi,ORD,SJU,2027-01-30,2027-02-04,6,1473.00,USD,United,0,https://www.google.com/travel/flights?hl=en&gl=us&curr=USD&tfs=CBwQAhoeEgoyMDI3LTAxLTMwagcIARIDT1JEcgcIARIDU0pVGh4SCjIwMjctMDItMDRqBwgBEgNTSlVyBwgBEgNPUkRAAUABQAFAAkACQAJAA0gBcAGYAQE&tfu=EgIIAQ,Checked baggage for a fee; Bag and fare conditions depend on the return flight
2026-10-04T17:27:47Z,ord-sju-jan-sat-thu,serpapi,ORD,SJU,2027-01-30,2027-02-04,6,1500.00,USD,United,1,https://www.google.com/travel/flights?hl=en&gl=us&curr=USD&tfs=CBwQAhoeEgoyMDI3LTAxLTMwagcIARIDT1JEcgcIARIDU0pVGh4SCjIwMjctMDItMDRqBwgBEgNTSlVyBwgBEgNPUkRAAUABQAFAAkACQAJAA0gBcAGYAQE&tfu=EgIIAQ,Checked baggage for a fee; Bag and fare conditions depend on the return flight
2026-10-04T17:27:47Z,ord-sju-jan-sat-thu,serpapi,ORD,SJU,2027-01-30,2027-02-04,6,1866.00,USD,American,0,https://www.google.com/travel/flights?hl=en&gl=us&curr=USD&tfs=CBwQAhoeEgoyMDI3LTAxLTMwagcIARIDT1JEcgcIARIDU0pVGh4SCjIwMjctMDItMDRqBwgBEgNTSlVyBwgBEgNPUkRAAUABQAFAAkACQAJAA0gBcAGYAQE&tfu=EgIIAQ,Checked baggage for a fee; Bag and fare conditions depend on the return flight
2026-10-04T17:27:47Z,ord-sju-jan-sat-thu,serpapi,ORD,SJU,2027-01-30,2027-02-04,6,1893.00,USD,American,1,https://www.google.com/travel/flights?hl=en&gl=us&curr=USD&tfs=CBwQAhoeEgoyMDI3LTAxLTMwagcIARIDT1JEcgcIARIDU0pVGh4SCjIwMjctMDItMDRqBwgBEgNTSlVyBwgBEgNPUkRAAUABQAFAAkACQAJAA0gBcAGYAQE&tfu=EgIIAQ,Checked baggage for a fee; Bag and fare conditions depend on the return flight
2026-10-04T17:27:47Z,ord-sju-jan-sat-thu,serpapi,ORD,SJU,2027-01-30,2027-02-04,6,1473.00,USD,American,1,https://www.google.com/travel/flights?hl=en&gl=us&curr=USD&tfs=CBwQAhoeEgoyMDI3LTAxLTMwagcIARIDT1JEcgcIARIDU0pVGh4SCjIwMjctMDItMDRqBwgBEgNTSlVyBwgBEgNPUkRAAUABQAFAAkACQAJAA0gBcAGYAQE&tfu=EgIIAQ,Checked baggage for a fee; Bag and fare conditions depend on the return flight
2026-10-04T17:27:47Z,ord-sju-jan-sat-thu,serpapi,ORD,SJU,2027-01-30,2027-02-04,6,1851.00,USD,United,0,https://www.google.com/travel/flights?hl=en&gl=us&curr=USD&tfs=CBwQAhoeEgoyMDI3LTAxLTMwagcIARIDT1JEcgcIARIDU0pVGh4SCjIwMjctMDItMDRqBwgBEgNTSlVyBwgBEgNPUkRAAUABQAFAAkACQAJAA0gBcAGYAQE&tfu=EgIIAQ,Checked baggage for a fee; Bag and fare conditions depend on the return flight
2026-10-04T17:27:47Z,ord-sju-jan-sat-thu,serpapi,ORD,SJU,2027-01-30,2027-02-04,6,1929.00,USD,United,0,https://www.google.com/travel/flights?hl=en&gl=us&curr=USD&tfs=CBwQAhoeEgoyMDI3LTAxLTMwagcIARIDT1JEcgcIARIDU0pVGh4SCjIwMjctMDItMDRqBwgBEgNTSlVyBwgBEgNPUkRAAUABQAFAAkACQAJAA0gBcAGYAQE&tfu=EgIIAQ,Checked baggage for a fee; Bag and fare conditions depend on the return flight
2026-10-04T17:27:47Z,ord-sju-jan-sat-thu,serpapi,ORD,SJU,2027-01-30,2027-02-04,6,1981.00,USD,Frontier,1,https://www.google.com/travel/flights?hl=en&gl=us&curr=USD&tfs=CBwQAhoeEgoyMDI3LTAxLTMwagcIARIDT1JEcgcIARIDU0pVGh4SCjIwMjctMDItMDRqBwgBEgNTSlVyBwgBEgNPUkRAAUABQAFAAkACQAJAA0gBcAGYAQE&tfu=EgIIAQ,Checked baggage for a fee; Bag and fare conditions depend on the return flight
2026-10-04T17:27:47Z,ord-sju-jan-sat-thu,serpapi,ORD,SJU,2027-01-30,2027-02-04,6,2274.00,USD,American,0,https://www.google.com/travel/flights?hl=en&gl=us&curr=USD&tfs=CBwQAhoeEgoyMDI3LTAxLTMwagcIARIDT1JEcgcIARIDU0pVGh4SCjIwMjctMDItMDRqBwgBEgNTSlVyBwgBEgNPUkRAAUABQAFAAkACQAJAA0gBcAGYAQE&tfu=EgIIAQ,Checked baggage for a fee; Bag and fare conditions depend on the return flight
2026-10-04T17:27:47Z,ord-sju-jan-sat-thu,serpapi,ORD,SJU,2027-01-30,2027-02-04,6,2964.00,USD,Delta,1,https://www.google.com/travel/flights?hl=en&gl=us&curr=USD&tfs=CBwQAhoeEgoyMDI3LTAxLTMwagcIARIDT1JEcgcIARIDU0pVGh4SCjIwMjctMDItMDRqBwgBEgNTSlVyBwgBEgNPUkRAAUABQAFAAkACQAJAA0gBcAGYAQE&tfu=EgIIAQ,Checked baggage for a fee; Bag and fare conditions depend on the return flight
2026-10-04T17:27:51Z,msp-sju-jan-sat-thu,serpapi,MSP,SJU,2027-01-02,2027-01-07,6,3294.00,USD,American,1,https://www.google.com/travel/flights?hl=en&gl=us&curr=USD&tfs=CBwQAhoeEgoyMDI3LTAxLTAyagcIARIDTVNQcgcIARIDU0pVGh4SCjIwMjctMDEtMDdqBwgBEgNTSlVyBwgBEgNNU1BAAUABQAFAAkACQAJAA0gBcAGYAQE&tfu=EgIIAQ,Checked baggage for a fee; Bag and fare conditions depend on the return flight
2026-10-04T17:27:51Z,msp-sju-jan-sat-thu,serpapi,MSP,SJU,2027-01-02,2027-01-07,6,3387.00,USD,Delta,0,https://www.google.com/travel/flights?hl=en&gl=us&curr=USD&tfs=CBwQAhoeEgoyMDI3LTAxLTAyagcIARIDTVNQcgcIARIDU0pVGh4SCjIwMjctMDEtMDdqBwgBEgNTSlVyBwgBEgNNU1BAAUABQAFAAkACQAJAA0gBcAGYAQE&tfu=EgIIAQ,Checked baggage for a fee; Bag and fare conditions depend on the return flight
2026-10-04T17:27:51Z,msp-sju-jan-sat-thu,serpapi,MSP,SJU,2027-01-02,2027-01-07,6,4746.00,USD,Sun Country Airlines,0,https://www.google.com/travel/flights?hl=en&gl=us&curr=USD&tfs=CBwQAhoeEgoyMDI3LTAxLTAyagcIARIDTVNQcgcIARIDU0pVGh4SCjIwMjctMDEtMDdqBwgBEgNTSlVyBwgBEgNNU1BAAUABQAFAAkACQAJAA0gBcAGYAQE&tfu=EgIIAQ,Checked baggage for a fee; Bag and fare conditions depend on the return flight
2026-10-04T17:27:51Z,msp-sju-jan-sat-thu,serpapi,MSP,SJU,2027-01-02,2027-01-07,6,4110.00,USD,American,1,https://www.google.com/travel/flights?hl=en&gl=us&curr=USD&tfs=CBwQAhoeEgoyMDI3LTAxLTAyagcIARIDTVNQcgcIARIDU0pVGh4SCjIwMjctMDEtMDdqBwgBEgNTSlVyBwgBEgNNU1BAAUABQAFAAkACQAJAA0gBcAGYAQE&tfu=EgIIAQ,Checked baggage for a fee; Bag and fare conditions depend on the return flight
2026-10-04T17:27:51Z,msp-sju-jan-sat-thu,serpapi,MSP,SJU,2027-01-02,2027-01-07,6,4662.00,USD,Southwest,1,https://www.google.com/travel/flights?hl=en&gl=us&curr=USD&tfs=CBwQAhoeEgoyMDI3LTAxLTAyagcIARIDTVNQcgcIARIDU0pVGh4SCjIwMjctMDEtMDdqBwgBEgNTSlVyBwgBEgNNU1BAAUABQAFAAkACQAJAA0gBcAGYAQE&tfu=EgIIAQ,Checked baggage for a fee; Bag and fare conditions depend on the return flight
2026-10-04T17:27:51Z,msp-sju-jan-sat-thu,serpapi,MSP,SJU,2027-01-02,2027-01-07,6,4953.00,USD,United,1,https://www.google.com/travel/flights?hl=en&gl=us&curr=USD&tfs=CBwQAhoeEgoyMDI3LTAxLTAyagcIARIDTVNQcgcIARIDU0pVGh4SCjIwMjctMDEtMDdqBwgBEgNTSlVyBwgBEgNNU1BAAUABQAFAAkACQAJAA0gBcAGYAQE&tfu=EgIIAQ,Checked baggage for a fee; Bag and fare conditions depend on the return flight
2026-10-04T17:27:51Z,msp-sju-jan-sat-thu,serpapi,MSP,SJU,2027-01-02,2027-01-07,6,5040.00,USD,Sun Country Airlines,0,https://www.google.com/travel/flights?hl=en&gl=us&curr=USD&tfs=CBwQAhoeEgoyMDI3LTAxLTAyagcIARIDTVNQcgcIARIDU0pVGh4SCjIwMjctMDEtMDdqBwgBEgNTSlVyBwgBEgNNU1BAAUABQAFAAkACQAJAA0gBcAGYAQE&tfu=EgIIAQ,Checked baggage for a fee; Bag and fare conditions depend on the return flight
2026-10-04T17:27:51Z,msp-sju-jan-sat-thu,serpapi,MSP,SJU,2027-01-02,2027-01-07,6,6702.00,USD,United,1,https://www.google.com/travel/flights?hl=en&gl=us&curr=USD&tfs=CBwQAhoeEgoyMDI3LTAxLTAyagcIARIDTVNQcgcIARIDU0pVGh4SCjIwMjctMDEtMDdqBwgBEgNTSlVyBwgBEgNNU1BAAUABQAFAAkACQAJAA0gBcAGYAQE&tfu=EgIIAQ,Checked baggage for a fee; Bag and fare conditions depend on the return flight
2026-10-04T17:27:55Z,msp-sju-jan-sat-thu,serpapi,MSP,SJU,2027-01-16,2027-01-21,6,2778.00,USD,Southwest,1,https://www.google.com/travel/flights?hl=en&gl=us&curr=USD&tfs=CBwQAhoeEgoyMDI3LTAxLTE2agcIARIDTVNQcgcIARIDU0pVGh4SCjIwMjctMDEtMjFqBwgBEgNTSlVyBwgBEgNNU1BAAUABQAFAAkACQAJAA0gBcAGYAQE&tfu=EgIIAQ,Checked baggage for a fee; Bag and fare conditions depend on the return flight
2026-10-04T17:27:55Z,msp-sju-jan-sat-thu,serpapi,MSP,SJU,2027-01-16,2027-01-21,6,2898.00,USD,Delta,0,https://www.google.com/travel/flights?hl=en&gl=us&curr=USD&tfs=CBwQAhoeEgoyMDI3LTAxLTE2agcIARIDTVNQcgcIARIDU0pVGh4SCjIwMjctMDEtMjFqBwgBEgNTSlVyBwgBEgNNU1BAAUABQAFAAkACQAJAA0gBcAGYAQE&tfu=EgIIAQ,Checked baggage for a fee; Bag and fare conditions depend on the return flight
2026-10-04T17:27:55Z,msp-sju-jan-sat-thu,serpapi,MSP,SJU,2027-01-16,2027-01-21,6,2925.00,USD,Delta,1,https://www.google.com/travel/flights?hl=en&gl=us&curr=USD&tfs=CBwQAhoeEgoyMDI3LTAxLTE2agcIARIDTVNQcgcIARIDU0pVGh4SCjIwMjctMDEtMjFqBwgBEgNTSlVyBwgBEgNNU1BAAUABQAFAAkACQAJAA0gBcAGYAQE&tfu=EgIIAQ,Checked baggage for a fee; Bag and fare conditions depend on the return flight
2026-10-04T17:27:55Z,msp-sju-jan-sat-thu,serpapi,MSP,SJU,2027-01-16,2027-01-21,6,2958.00,USD,American,1,https://www.google.com/travel/flights?hl=en&gl=us&curr=USD&tfs=CBwQAhoeEgoyMDI3LTAxLTE2agcIARIDTVNQcgcIARIDU0pVGh4SCjIwMjctMDEtMjFqBwgBEgNTSlVyBwgBEgNNU1BAAUABQAFAAkACQAJAA0gBcAGYAQE&tfu=EgIIAQ,Checked baggage for a fee; Bag and fare conditions depend on the return flight
2026-10-04T17:27:55Z,msp-sju-jan-sat-thu,serpapi,MSP,SJU,2027-01-16,2027-01-21,6,3360.00,USD,Delta,0,https://www.google.com/travel/flights?hl=en&gl=us&curr=USD&tfs=CBwQAhoeEgoyMDI3LTAxLTE2agcIARIDTVNQcgcIARIDU0pVGh4SCjIwMjctMDEtMjFqBwgBEgNTSlVyBwgBEgNNU1BAAUABQAFAAkACQAJAA0gBcAGYAQE&tfu=EgIIAQ,Checked baggage for a fee; Bag and fare conditions depend on the return flight
2026-10-04T17:27:55Z,msp-sju-jan-sat-thu,serpapi,MSP,SJU,2027-01-16,2027-01-21,6,2358.00,USD,Southwest,2,https://www.google.com/travel/flights?hl=en&gl=us&curr=USD&tfs=CBwQAhoeEgoyMDI3LTAxLTE2agcIARIDTVNQcgcIARIDU0pVGh4SCjIwMjctMDEtMjFqBwgBEgNTSlVyBwgBEgNNU1BAAUABQAFAAkACQAJAA0gBcAGYAQE&tfu=EgIIAQ,Checked baggage for a fee; Bag and fare conditions depend on the return flight
2026-10-04T17:27:55Z,msp-sju-jan-sat-thu,serpapi,MSP,SJU,2027-01-16,2027-01-21,6,3228.00,USD,Southwest,1,https://www.google.com/travel/flights?hl=en&gl=us&curr=USD&tfs=CBwQAhoeEgoyMDI3LTAxLTE2agcIARIDTVNQcgcIARIDU0pVGh4SCjIwMjctMDEtMjFqBwgBEgNTSlVyBwgBEgNNU1BAAUABQAFAAkACQAJAA0gBcAGYAQE&tfu=EgIIAQ,Checked baggage for a fee; Bag and fare conditions depend on the return flight
2026-10-04T17:27:55Z,msp-sju-jan-sat-thu,serpapi,MSP,SJU,2027-01-16,2027-01-21,6,3288.00,USD,American,1,https://www.google.com/travel/flights?hl=en&gl=us&curr=USD&tfs=CBwQAhoeEgoyMDI3LTAxLTE2agcIARIDTVNQcgcIARIDU0pVGh4SCjIwMjctMDEtMjFqBwgBEgNTSlVyBwgBEgNNU1BAAUABQAFAAkACQAJAA0gBcAGYAQE&tfu=EgIIAQ,Checked baggage for a fee; Bag and fare conditions depend on the return flight
2026-10-04T17:27:55Z,msp-sju-jan-sat-thu,serpapi,MSP,SJU,2027-01-16,2027-01-21,6,4265.00,USD,United,1,https://www.google.com/travel/flights?hl=en&gl=us&curr=USD&tfs=CBwQAhoeEgoyMDI3LTAxLTE2agcIARIDTVNQcgcIARIDU0pVGh4SCjIwMjctMDEtMjFqBwgBEgNTSlVyBwgBEgNNU1BAAUABQAFAAkACQAJAA0gBcAGYAQE&tfu=EgIIAQ,Checked baggage for a fee; Bag and fare conditions depend on the return flight
2026-10-04T17:28:00Z,msp-sju-jan-sat-thu,serpapi,MSP,SJU,2027-01-30,2027-02-04,6,2508.00,USD,American,1,https://www.google.com/travel/flights?hl=en&gl=us&curr=USD&tfs=CBwQAhoeEgoyMDI3LTAxLTMwagcIARIDTVNQcgcIARIDU0pVGh4SCjIwMjctMDItMDRqBwgBEgNTSlVyBwgBEgNNU1BAAUABQAFAAkACQAJAA0gBcAGYAQE&tfu=EgIIAQ,Checked baggage for a fee; Bag and fare conditions depend on the return flight
2026-10-04T17:28:00Z,msp-sju-jan-sat-thu,serpapi,MSP,SJU,2027-01-30,2027-02-04,6,2571.00,USD,Delta,1,https://www.google.com/travel/flights?hl=en&gl=us&curr=USD&tfs=CBwQAhoeEgoyMDI3LTAxLTMwagcIARIDTVNQcgcIARIDU0pVGh4SCjIwMjctMDItMDRqBwgBEgNTSlVyBwgBEgNNU1BAAUABQAFAAkACQAJAA0gBcAGYAQE&tfu=EgIIAQ,Checked baggage for a fee; Bag and fare conditions depend on the return flight
2026-10-04T17:28:00Z,msp-sju-jan-sat-thu,serpapi,MSP,SJU,2027-01-30,2027-02-04,6,3360.00,USD,Delta,0,https://www.google.com/travel/flights?hl=en&gl=us&curr=USD&tfs=CBwQAhoeEgoyMDI3LTAxLTMwagcIARIDTVNQcgcIARIDU0pVGh4SCjIwMjctMDItMDRqBwgBEgNTSlVyBwgBEgNNU1BAAUABQAFAAkACQAJAA0gBcAGYAQE&tfu=EgIIAQ,Checked baggage for a fee; Bag and fare conditions depend on the return flight
2026-10-04T17:28:00Z,msp-sju-jan-sat-thu,serpapi,MSP,SJU,2027-01-30,2027-02-04,6,2358.00,USD,Southwest,2,https://www.google.com/travel/flights?hl=en&gl=us&curr=USD&tfs=CBwQAhoeEgoyMDI3LTAxLTMwagcIARIDTVNQcgcIARIDU0pVGh4SCjIwMjctMDItMDRqBwgBEgNTSlVyBwgBEgNNU1BAAUABQAFAAkACQAJAA0gBcAGYAQE&tfu=EgIIAQ,Checked baggage for a fee; Bag and fare conditions depend on the return flight
2026-10-04T17:28:00Z,msp-sju-jan-sat-thu,serpapi,MSP,SJU,2027-01-30,2027-02-04,6,2358.00,USD,Southwest,1,https://www.google.com/travel/flights?hl=en&gl=us&curr=USD&tfs=CBwQAhoeEgoyMDI3LTAxLTMwagcIARIDTVNQcgcIARIDU0pVGh4SCjIwMjctMDItMDRqBwgBEgNTSlVyBwgBEgNNU1BAAUABQAFAAkACQAJAA0gBcAGYAQE&tfu=EgIIAQ,Checked baggage for a fee; Bag and fare conditions depend on the return flight
2026-10-04T17:28:00Z,msp-sju-jan-sat-thu,serpapi,MSP,SJU,2027-01-30,2027-02-04,6,2568.00,USD,Southwest,1,https://www.google.com/travel/flights?hl=en&gl=us&curr=USD&tfs=CBwQAhoeEgoyMDI3LTAxLTMwagcIARIDTVNQcgcIARIDU0pVGh4SCjIwMjctMDItMDRqBwgBEgNTSlVyBwgBEgNNU1BAAUABQAFAAkACQAJAA0gBcAGYAQE&tfu=EgIIAQ,Checked baggage for a fee; Bag and fare conditions depend on the return flight
2026-10-04T17:28:00Z,msp-sju-jan-sat-thu,serpapi,MSP,SJU,2027-01-30,2027-02-04,6,2925.00,USD,Delta,1,https://www.google.com/travel/flights?hl=en&gl=us&curr=USD&tfs=CBwQAhoeEgoyMDI3LTAxLTMwagcIARIDTVNQcgcIARIDU0pVGh4SCjIwMjctMDItMDRqBwgBEgNTSlVyBwgBEgNNU1BAAUABQAFAAkACQAJAA0gBcAGYAQE&tfu=EgIIAQ,Checked baggage for a fee; Bag and fare conditions depend on the return flight
2026-10-04T17:28:00Z,msp-sju-jan-sat-thu,serpapi,MSP,SJU,2027-01-30,2027-02-04,6,3437.00,USD,United,1,https://www.google.com/travel/flights?hl=en&gl=us&curr=USD&tfs=CBwQAhoeEgoyMDI3LTAxLTMwagcIARIDTVNQcgcIARIDU0pVGh4SCjIwMjctMDItMDRqBwgBEgNTSlVyBwgBEgNNU1BAAUABQAFAAkACQAJAA0gBcAGYAQE&tfu=EgIIAQ,Checked baggage for a fee; Bag and fare conditions depend on the return flight
2026-10-04T17:28:11Z,ord-stt-jan-sat-thu,serpapi,ORD,STT,2027-01-09,2027-01-14,6,3640.00,USD,United,1,https://www.google.com/travel/flights?hl=en&gl=us&curr=USD&tfs=CBwQAhoeEgoyMDI3LTAxLTA5agcIARIDT1JEcgcIARIDU1RUGh4SCjIwMjctMDEtMTRqBwgBEgNTVFRyBwgBEgNPUkRAAUABQAFAAkACQAJAA0gBcAGYAQE&tfu=EgIIAQ,Checked baggage for a fee; Bag and fare conditions depend on the return flight
2026-10-04T17:28:11Z,ord-stt-jan-sat-thu,serpapi,ORD,STT,2027-01-09,2027-01-14,6,3640.00,USD,United,0,https://www.google.com/travel/flights?hl=en&gl=us&curr=USD&tfs=CBwQAhoeEgoyMDI3LTAxLTA5agcIARIDT1JEcgcIARIDU1RUGh4SCjIwMjctMDEtMTRqBwgBEgNTVFRyBwgBEgNPUkRAAUABQAFAAkACQAJAA0gBcAGYAQE&tfu=EgIIAQ,Checked baggage for a fee; Bag and fare conditions depend on the return flight
2026-10-04T17:28:11Z,ord-stt-jan-sat-thu,serpapi,ORD,STT,2027-01-09,2027-01-14,6,3910.00,USD,American,0,https://www.google.com/travel/flights?hl=en&gl=us&curr=USD&tfs=CBwQAhoeEgoyMDI3LTAxLTA5agcIARIDT1JEcgcIARIDU1RUGh4SCjIwMjctMDEtMTRqBwgBEgNTVFRyBwgBEgNPUkRAAUABQAFAAkACQAJAA0gBcAGYAQE&tfu=EgIIAQ,Checked baggage for a fee; Bag and fare conditions depend on the return flight
2026-10-04T17:28:11Z,ord-stt-jan-sat-thu,serpapi,ORD,STT,2027-01-09,2027-01-14,6,3937.00,USD,American,1,https://www.google.com/travel/flights?hl=en&gl=us&curr=USD&tfs=CBwQAhoeEgoyMDI3LTAxLTA5agcIARIDT1JEcgcIARIDU1RUGh4SCjIwMjctMDEtMTRqBwgBEgNTVFRyBwgBEgNPUkRAAUABQAFAAkACQAJAA0gBcAGYAQE&tfu=EgIIAQ,Checked baggage for a fee; Bag and fare conditions depend on the return flight
2026-10-04T17:28:11Z,ord-stt-jan-sat-thu,serpapi,ORD,STT,2027-01-09,2027-01-14,6,3964.00,USD,Delta,1,https://www.google.com/travel/flights?hl=en&gl=us&curr=USD&tfs=CBwQAhoeEgoyMDI3LTAxLTA5agcIARIDT1JEcgcIARIDU1RUGh4SCjIwMjctMDEtMTRqBwgBEgNTVFRyBwgBEgNPUkRAAUABQAFAAkACQAJAA0gBcAGYAQE&tfu=EgIIAQ,Checked baggage for a fee; Bag and fare conditions depend on the return flight
2026-10-04T17:28:11Z,ord-stt-jan-sat-thu,serpapi,ORD,STT,2027-01-09,2027-01-14,6,3517.00,USD,American,1,https://www.google.com/travel/flights?hl=en&gl=us&curr=USD&tfs=CBwQAhoeEgoyMDI3LTAxLTA5agcIARIDT1JEcgcIARIDU1RUGh4SCjIwMjctMDEtMTRqBwgBEgNTVFRyBwgBEgNPUkRAAUABQAFAAkACQAJAA0gBcAGYAQE&tfu=EgIIAQ,Checked baggage for a fee; Bag and fare conditions depend on the return flight
2026-10-04T17:28:11Z,ord-stt-jan-sat-thu,serpapi,ORD,STT,2027-01-09,2027-01-14,6,3550.00,USD,United,1,https://www.google.com/travel/flights?hl=en&gl=us&curr=USD&tfs=CBwQAhoeEgoyMDI3LTAxLTA5agcIARIDT1JEcgcIARIDU1RUGh4SCjIwMjctMDEtMTRqBwgBEgNTVFRyBwgBEgNPUkRAAUABQAFAAkACQAJAA0gBcAGYAQE&tfu=EgIIAQ,Checked baggage for a fee; Bag and fare conditions depend on the return flight
2026-10-04T17:28:11Z,ord-stt-jan-sat-thu,serpapi,ORD,STT,2027-01-09,2027-01-14,6,3594.00,USD,United,1,https://www.google.com/travel/flights?hl=en&gl=us&curr=USD&tfs=CBwQAhoeEgoyMDI3LTAxLTA5agcIARIDT1JEcgcIARIDU1RUGh4SCjIwMjctMDEtMTRqBwgBEgNTVFRyBwgBEgNPUkRAAUABQAFAAkACQAJAA0gBcAGYAQE&tfu=EgIIAQ,Checked baggage for a fee; Bag and fare conditions depend on the return flight
2026-10-04T17:28:16Z,ord-stt-jan-sat-thu,serpapi,ORD,STT,2027-01-23,2027-01-28,6,3640.00,USD,United,1,https://www.google.com/travel/flights?hl=en&gl=us&curr=USD&tfs=CBwQAhoeEgoyMDI3LTAxLTIzagcIARIDT1JEcgcIARIDU1RUGh4SCjIwMjctMDEtMjhqBwgBEgNTVFRyBwgBEgNPUkRAAUABQAFAAkACQAJAA0gBcAGYAQE&tfu=EgIIAQ,Checked baggage for a fee; Bag and fare conditions depend on the return flight
2026-10-04T17:28:16Z,ord-stt-jan-sat-thu,serpapi,ORD,STT,2027-01-23,2027-01-28,6,3667.00,USD,United,1,https://www.google.com/travel/flights?hl=en&gl=us&curr=USD&tfs=CBwQAhoeEgoyMDI3LTAxLTIzagcIARIDT1JEcgcIARIDU1RUGh4SCjIwMjctMDEtMjhqBwgBEgNTVFRyBwgBEgNPUkRAAUABQAFAAkACQAJAA0gBcAGYAQE&tfu=EgIIAQ,Checked baggage for a fee; Bag and fare conditions depend on the return flight
2026-10-04T17:28:16Z,ord-stt-jan-sat-thu,serpapi,ORD,STT,2027-01-23,2027-01-28,6,3694.00,USD,American,1,https://www.google.com/travel/flights?hl=en&gl=us&curr=USD&tfs=CBwQAhoeEgoyMDI3LTAxLTIzagcIARIDT1JEcgcIARIDU1RUGh4SCjIwMjctMDEtMjhqBwgBEgNTVFRyBwgBEgNPUkRAAUABQAFAAkACQAJAA0gBcAGYAQE&tfu=EgIIAQ,Checked baggage for a fee; Bag and fare conditions depend on the return flight
2026-10-04T17:28:16Z,ord-stt-jan-sat-thu,serpapi,ORD,STT,2027-01-23,2027-01-28,6,3868.00,USD,United,0,https://www.google.com/travel/flights?hl=en&gl=us&curr=USD&tfs=CBwQAhoeEgoyMDI3LTAxLTIzagcIARIDT1JEcgcIARIDU1RUGh4SCjIwMjctMDEtMjhqBwgBEgNTVFRyBwgBEgNPUkRAAUABQAFAAkACQAJAA0gBcAGYAQE&tfu=EgIIAQ,Checked baggage for a fee; Bag and fare conditions depend on the return flight
2026-10-04T17:28:16Z,ord-stt-jan-sat-thu,serpapi,ORD,STT,2027-01-23,2027-01-28,6,3937.00,USD,American,0,https://www.google.com/travel/flights?hl=en&gl=us&curr=USD&tfs=CBwQAhoeEgoyMDI3LTAxLTIzagcIARIDT1JEcgcIARIDU1RUGh4SCjIwMjctMDEtMjhqBwgBEgNTVFRyBwgBEgNPUkRAAUABQAFAAkACQAJAA0gBcAGYAQE&tfu=EgIIAQ,Checked baggage for a fee; Bag and fare conditions depend on the return flight
2026-10-04T17:28:16Z,ord-stt-jan-sat-thu,serpapi,ORD,STT,2027-01-23,2027-01-28,6,3544.00,USD,American,1,https://www.google.com/travel/flights?hl=en&gl=us&curr=USD&tfs=CBwQAhoeEgoyMDI3LTAxLTIzagcIARIDT1JEcgcIARIDU1RUGh4SCjIwMjctMDEtMjhqBwgBEgNTVFRyBwgBEgNPUkRAAUABQAFAAkACQAJAA0gBcAGYAQE&tfu=EgIIAQ,Checked baggage for a fee; Bag and fare conditions depend on the return flight
2026-10-04T17:28:16Z,ord-stt-jan-sat-thu,serpapi,ORD,STT,2027-01-23,2027-01-28,6,3544.00,USD,American,2,https://www.google.com/travel/flights?hl=en&gl=us&curr=USD&tfs=CBwQAhoeEgoyMDI3LTAxLTIzagcIARIDT1JEcgcIARIDU1RUGh4SCjIwMjctMDEtMjhqBwgBEgNTVFRyBwgBEgNPUkRAAUABQAFAAkACQAJAA0gBcAGYAQE&tfu=EgIIAQ,Checked baggage for a fee; Bag and fare conditions depend on the return flight
2026-10-04T17:28:16Z,ord-stt-jan-sat-thu,serpapi,ORD,STT,2027-01-23,2027-01-28,6,3550.00,USD,United,1,https://www.google.com/travel/flights?hl=en&gl=us&curr=USD&tfs=CBwQAhoeEgoyMDI3LTAxLTIzagcIARIDT1JEcgcIARIDU1RUGh4SCjIwMjctMDEtMjhqBwgBEgNTVFRyBwgBEgNPUkRAAUABQAFAAkACQAJAA0gBcAGYAQE&tfu=EgIIAQ,Checked baggage for a fee; Bag and fare conditions depend on the return flight
2026-10-04T17:28:16Z,ord-stt-jan-sat-thu,serpapi,ORD,STT,2027-01-23,2027-01-28,6,4972.00,USD,American,1,https://www.google.com/travel/flights?hl=en&gl=us&curr=USD&tfs=CBwQAhoeEgoyMDI3LTAxLTIzagcIARIDT1JEcgcIARIDU1RUGh4SCjIwMjctMDEtMjhqBwgBEgNTVFRyBwgBEgNPUkRAAUABQAFAAkACQAJAA0gBcAGYAQE&tfu=EgIIAQ,Checked baggage for a fee; Bag and fare conditions depend on the return flight
2026-10-04T17:28:21Z,ord-stt-jan-sat-thu,serpapi,ORD,STT,2027-01-30,2027-02-04,6,3640.00,USD,United,1,https://www.google.com/travel/flights?hl=en&gl=us&curr=USD&tfs=CBwQAhoeEgoyMDI3LTAxLTMwagcIARIDT1JEcgcIARIDU1RUGh4SCjIwMjctMDItMDRqBwgBEgNTVFRyBwgBEgNPUkRAAUABQAFAAkACQAJAA0gBcAGYAQE&tfu=EgIIAQ,Checked baggage for a fee; Bag and fare conditions depend on the return flight
2026-10-04T17:28:21Z,ord-stt-jan-sat-thu,serpapi,ORD,STT,2027-01-30,2027-02-04,6,3640.00,USD,United,0,https://www.google.com/travel/flights?hl=en&gl=us&curr=USD&tfs=CBwQAhoeEgoyMDI3LTAxLTMwagcIARIDT1JEcgcIARIDU1RUGh4SCjIwMjctMDItMDRqBwgBEgNTVFRyBwgBEgNPUkRAAUABQAFAAkACQAJAA0gBcAGYAQE&tfu=EgIIAQ,Checked baggage for a fee; Bag and fare conditions depend on the return flight
2026-10-04T17:28:21Z,ord-stt-jan-sat-thu,serpapi,ORD,STT,2027-01-30,2027-02-04,6,3694.00,USD,Delta,1,https://www.google.com/travel/flights?hl=en&gl=us&curr=USD&tfs=CBwQAhoeEgoyMDI3LTAxLTMwagcIARIDT1JEcgcIARIDU1RUGh4SCjIwMjctMDItMDRqBwgBEgNTVFRyBwgBEgNPUkRAAUABQAFAAkACQAJAA0gBcAGYAQE&tfu=EgIIAQ,Checked baggage for a fee; Bag and fare conditions depend on the return flight
2026-10-04T17:28:21Z,ord-stt-jan-sat-thu,serpapi,ORD,STT,2027-01-30,2027-02-04,6,3910.00,USD,American,0,https://www.google.com/travel/flights?hl=en&gl=us&curr=USD&tfs=CBwQAhoeEgoyMDI3LTAxLTMwagcIARIDT1JEcgcIARIDU1RUGh4SCjIwMjctMDItMDRqBwgBEgNTVFRyBwgBEgNPUkRAAUABQAFAAkACQAJAA0gBcAGYAQE&tfu=EgIIAQ,Checked baggage for a fee; Bag and fare conditions depend on the return flight
2026-10-04T17:28:21Z,ord-stt-jan-sat-thu,serpapi,ORD,STT,2027-01-30,2027-02-04,6,4189.00,USD,American,1,https://www.google.com/travel/flights?hl=en&gl=us&curr=USD&tfs=CBwQAhoeEgoyMDI3LTAxLTMwagcIARIDT1JEcgcIARIDU1RUGh4SCjIwMjctMDItMDRqBwgBEgNTVFRyBwgBEgNPUkRAAUABQAFAAkACQAJAA0gBcAGYAQE&tfu=EgIIAQ,Checked baggage for a fee; Bag and fare conditions depend on the return flight
2026-10-04T17:28:21Z,ord-stt-jan-sat-thu,serpapi,ORD,STT,2027-01-30,2027-02-04,6,3517.00,USD,American,1,https://www.google.com/travel/flights?hl=en&gl=us&curr=USD&tfs=CBwQAhoeEgoyMDI3LTAxLTMwagcIARIDT1JEcgcIARIDU1RUGh4SCjIwMjctMDItMDRqBwgBEgNTVFRyBwgBEgNPUkRAAUABQAFAAkACQAJAA0gBcAGYAQE&tfu=EgIIAQ,Checked baggage for a fee; Bag and fare conditions depend on the return flight
2026-10-04T17:28:21Z,ord-stt-jan-sat-thu,serpapi,ORD,STT,2027-01-30,2027-02-04,6,3550.00,USD,United,1,https://www.google.com/travel/flights?hl=en&gl=us&curr=USD&tfs=CBwQAhoeEgoyMDI3LTAxLTMwagcIARIDT1JEcgcIARIDU1RUGh4SCjIwMjctMDItMDRqBwgBEgNTVFRyBwgBEgNPUkRAAUABQAFAAkACQAJAA0gBcAGYAQE&tfu=EgIIAQ,Checked baggage for a fee; Bag and fare conditions depend on the return flight
2026-10-04T17:28:21Z,ord-stt-jan-sat-thu,serpapi,ORD,STT,2027-01-30,2027-02-04,6,3594.00,USD,United,1,https://www.google.com/travel/flights?hl=en&gl=us&curr=USD&tfs=CBwQAhoeEgoyMDI3LTAxLTMwagcIARIDT1JEcgcIARIDU1RUGh4SCjIwMjctMDItMDRqBwgBEgNTVFRyBwgBEgNPUkRAAUABQAFAAkACQAJAA0gBcAGYAQE&tfu=EgIIAQ,Checked baggage for a fee; Bag and fare conditions depend on the return flight
2026-10-06T17:25:17Z,dsm-stt-mar-sat-thu,serpapi,DSM,STT,2027-03-13,2027-03-18,6,3916.00,USD,American,2,https://www.google.com/travel/flights?hl=en&gl=us&curr=USD&tfs=CBwQAhoeEgoyMDI3LTAzLTEzagcIARIDRFNNcgcIARIDU1RUGh4SCjIwMjctMDMtMThqBwgBEgNTVFRyBwgBEgNEU01AAUABQAFAAkACQAJAA0gBcAGYAQE&tfu=EgIIAQ,Checked baggage for a fee; Bag and fare conditions depend on the return flight
2026-10-06T17:25:17Z,dsm-stt-mar-sat-thu,serpapi,DSM,STT,2027-03-13,2027-03-18,6,4432.00,USD,American,2,https://www.google.com/travel/flights?hl=en&gl=us&curr=USD&tfs=CBwQAhoeEgoyMDI3LTAzLTEzagcIARIDRFNNcgcIARIDU1RUGh4SCjIwMjctMDMtMThqBwgBEgNTVFRyBwgBEgNEU01AAUABQAFAAkACQAJAA0gBcAGYAQE&tfu=EgIIAQ,Checked baggage for a fee; Bag and fare conditions depend on the return flight
2026-10-06T17:25:17Z,dsm-stt-mar-sat-thu,serpapi,DSM,STT,2027-03-13,2027-03-18,6,6184.00,USD,United,2,https://www.google.com/travel/flights?hl=en&gl=us&curr=USD&tfs=CBwQAhoeEgoyMDI3LTAzLTEzagcIARIDRFNNcgcIARIDU1RUGh4SCjIwMjctMDMtMThqBwgBEgNTVFRyBwgBEgNEU01AAUABQAFAAkACQAJAA0gBcAGYAQE&tfu=EgIIAQ,Checked baggage for a fee; Bag and fare conditions depend on the return flight
2026-10-06T17:25:17Z,dsm-stt-mar-sat-thu,serpapi,DSM,STT,2027-03-13,2027-03-18,6,7324.00,USD,United,1,https://www.google.com/travel/flights?hl=en&gl=us&curr=USD&tfs=CBwQAhoeEgoyMDI3LTAzLTEzagcIARIDRFNNcgcIARIDU1RUGh4SCjIwMjctMDMtMThqBwgBEgNTVFRyBwgBEgNEU01AAUABQAFAAkACQAJAA0gBcAGYAQE&tfu=EgIIAQ,Checked baggage for a fee; Bag and fare conditions depend on the return flight
2026-10-06T17:25:17Z,dsm-stt-mar-sat-thu,serpapi,DSM,STT,2027-03-13,2027-03-18,6,4708.00,USD,American,2,https://www.google.com/travel/flights?hl=en&gl=us&curr=USD&tfs=CBwQAhoeEgoyMDI3LTAzLTEzagcIARIDRFNNcgcIARIDU1RUGh4SCjIwMjctMDMtMThqBwgBEgNTVFRyBwgBEgNEU01AAUABQAFAAkACQAJAA0gBcAGYAQE&tfu=EgIIAQ,Checked baggage for a fee; Bag and fare conditions depend on the return flight
2026-10-06T17:25:17Z,dsm-stt-mar-sat-thu,serpapi,DSM,STT,2027-03-13,2027-03-18,6,6856.00,USD,United,2,https://www.google.com/travel/flights?hl=en&gl=us&curr=USD&tfs=CBwQAhoeEgoyMDI3LTAzLTEzagcIARIDRFNNcgcIARIDU1RUGh4SCjIwMjctMDMtMThqBwgBEgNTVFRyBwgBEgNEU01AAUABQAFAAkACQAJAA0gBcAGYAQE&tfu=EgIIAQ,Checked baggage for a fee; Bag and fare conditions depend on the return flight
2026-10-06T17:25:17Z,dsm-stt-mar-sat-thu,serpapi,DSM,STT,2027-03-13,2027-03-18,6,10613.00,USD,United,1,https://www.google.com/travel/flights?hl=en&gl=us&curr=USD&tfs=CBwQAhoeEgoyMDI3LTAzLTEzagcIARIDRFNNcgcIARIDU1RUGh4SCjIwMjctMDMtMThqBwgBEgNTVFRyBwgBEgNEU01AAUABQAFAAkACQAJAA0gBcAGYAQE&tfu=EgIIAQ,Checked baggage for a fee; Bag and fare conditions depend on the return flight
2026-10-06T17:25:17Z,dsm-stt-mar-sat-thu,serpapi,DSM,STT,2027-03-13,2027-03-18,6,11974.00,USD,Southwest,2,https://www.google.com/travel/flights?hl=en&gl=us&curr=USD&tfs=CBwQAhoeEgoyMDI3LTAzLTEzagcIARIDRFNNcgcIARIDU1RUGh4SCjIwMjctMDMtMThqBwgBEgNTVFRyBwgBEgNEU01AAUABQAFAAkACQAJAA0gBcAGYAQE&tfu=EgIIAQ,Checked baggage for a fee; Bag and fare conditions depend on the return flight
2026-10-06T17:25:17Z,dsm-stt-mar-sat-thu,serpapi,DSM,STT,2027-03-13,2027-03-18,6,13718.00,USD,American,1,https://www.google.com/travel/flights?hl=en&gl=us&curr=USD&tfs=CBwQAhoeEgoyMDI3LTAzLTEzagcIARIDRFNNcgcIARIDU1RUGh4SCjIwMjctMDMtMThqBwgBEgNTVFRyBwgBEgNEU01AAUABQAFAAkACQAJAA0gBcAGYAQE&tfu=EgIIAQ,Checked baggage for a fee; Bag and fare conditions depend on the return flight
2026-10-06T17:25:17Z,dsm-stt-mar-sat-thu,serpapi,DSM,STT,2027-03-13,2027-03-18,6,17728.00,USD,Delta,1,https://www.google.com/travel/flights?hl=en&gl=us&curr=USD&tfs=CBwQAhoeEgoyMDI3LTAzLTEzagcIARIDRFNNcgcIARIDU1RUGh4SCjIwMjctMDMtMThqBwgBEgNTVFRyBwgBEgNEU01AAUABQAFAAkACQAJAA0gBcAGYAQE&tfu=EgIIAQ,Checked baggage for a fee; Bag and fare conditions depend on the return flight
2026-10-06T17:25:28Z,dsm-sju-mar-sat-thu,serpapi,DSM,SJU,2027-03-13,2027-03-18,6,4322.00,USD,United,1,https://www.google.com/travel/flights?hl=en&gl=us&curr=USD&tfs=CBwQAhoeEgoyMDI3LTAzLTEzagcIARIDRFNNcgcIARIDU0pVGh4SCjIwMjctMDMtMThqBwgBEgNTSlVyBwgBEgNEU01AAUABQAFAAkACQAJAA0gBcAGYAQE&tfu=EgIIAQ,Checked baggage for a fee; Bag and fare conditions depend on the return flight
2026-10-06T17:25:28Z,dsm-sju-mar-sat-thu,serpapi,DSM,SJU,2027-03-13,2027-03-18,6,4806.00,USD,United,2,https://www.google.com/travel/flights?hl=en&gl=us&curr=USD&tfs=CBwQAhoeEgoyMDI3LTAzLTEzagcIARIDRFNNcgcIARIDU0pVGh4SCjIwMjctMDMtMThqBwgBEgNTSlVyBwgBEgNEU01AAUABQAFAAkACQAJAA0gBcAGYAQE&tfu=EgIIAQ,Checked baggage for a fee; Bag and fare conditions depend on the return flight
2026-10-06T17:25:28Z,dsm-sju-mar-sat-thu,serpapi,DSM,SJU,2027-03-13,2027-03-18,6,5531.00,USD,United,1,https://www.google.com/travel/flights?hl=en&gl=us&curr=USD&tfs=CBwQAhoeEgoyMDI3LTAzLTEzagcIARIDRFNNcgcIARIDU0pVGh4SCjIwMjctMDMtMThqBwgBEgNTSlVyBwgBEgNEU01AAUABQAFAAkACQAJAA0gBcAGYAQE&tfu=EgIIAQ,Checked baggage for a fee; Bag and fare conditions depend on the return flight
2026-10-06T17:25:28Z,dsm-sju-mar-sat-thu,serpapi,DSM,SJU,2027-03-13,2027-03-18,6,5000.00,USD,United,1,https://www.google.com/travel/flights?hl=en&gl=us&curr=USD&tfs=CBwQAhoeEgoyMDI3LTAzLTEzagcIARIDRFNNcgcIARIDU0pVGh4SCjIwMjctMDMtMThqBwgBEgNTSlVyBwgBEgNEU01AAUABQAFAAkACQAJAA0gBcAGYAQE&tfu=EgIIAQ,Checked baggage for a fee; Bag and fare conditions depend on the return flight
2026-10-06T17:25:28Z,dsm-sju-mar-sat-thu,serpapi,DSM,SJU,2027-03-13,2027-03-18,6,5088.00,USD,United,1,https://www.google.com/travel/flights?hl=en&gl=us&curr=USD&tfs=CBwQAhoeEgoyMDI3LTAzLTEzagcIARIDRFNNcgcIARIDU0pVGh4SCjIwMjctMDMtMThqBwgBEgNTSlVyBwgBEgNEU01AAUABQAFAAkACQAJAA0gBcAGYAQE&tfu=EgIIAQ,Checked baggage for a fee; Bag and fare conditions depend on the return flight
2026-10-06T17:25:28Z,dsm-sju-mar-sat-thu,serpapi,DSM,SJU,2027-03-13,2027-03-18,6,5712.00,USD,American,2,https://www.google.com/travel/flights?hl=en&gl=us&curr=USD&tfs=CBwQAhoeEgoyMDI3LTAzLTEzagcIARIDRFNNcgcIARIDU0pVGh4SCjIwMjctMDMtMThqBwgBEgNTSlVyBwgBEgNEU01AAUABQAFAAkACQAJAA0gBcAGYAQE&tfu=EgIIAQ,Checked baggage for a fee; Bag and fare conditions depend on the return flight
2026-10-06T17:25:28Z,dsm-sju-mar-sat-thu,serpapi,DSM,SJU,2027-03-13,2027-03-18,6,6113.00,USD,United,2,https://www.google.com/travel/flights?hl=en&gl=us&curr=USD&tfs=CBwQAhoeEgoyMDI3LTAzLTEzagcIARIDRFNNcgcIARIDU0pVGh4SCjIwMjctMDMtMThqBwgBEgNTSlVyBwgBEgNEU01AAUABQAFAAkACQAJAA0gBcAGYAQE&tfu=EgIIAQ,Checked baggage for a fee; Bag and fare conditions depend on the return flight
2026-10-06T17:25:28Z,dsm-sju-mar-sat-thu,serpapi,DSM,SJU,2027-03-13,2027-03-18,6,7506.00,USD,Southwest,2,https://www.google.com/travel/flights?hl=en&gl=us&curr=USD&tfs=CBwQAhoeEgoyMDI3LTAzLTEzagcIARIDRFNNcgcIARIDU0pVGh4SCjIwMjctMDMtMThqBwgBEgNTSlVyBwgBEgNEU01AAUABQAFAAkACQAJAA0gBcAGYAQE&tfu=EgIIAQ,Checked baggage for a fee; Bag and fare conditions depend on the return flight
2026-10-06T17:25:28Z,dsm-sju-mar-sat-thu,serpapi,DSM,SJU,2027-03-13,2027-03-18,6,8616.00,USD,United,1,https://www.google.com/travel/flights?hl=en&gl=us&curr=USD&tfs=CBwQAhoeEgoyMDI3LTAzLTEzagcIARIDRFNNcgcIARIDU0pVGh4SCjIwMjctMDMtMThqBwgBEgNTSlVyBwgBEgNEU01AAUABQAFAAkACQAJAA0gBcAGYAQE&tfu=EgIIAQ,Checked baggage for a fee; Bag and fare conditions depend on the return flight
2026-10-06T17:25:28Z,dsm-sju-mar-sat-thu,serpapi,DSM,SJU,2027-03-13,2027-03-18,6,9756.00,USD,Southwest,1,https://www.google.com/travel/flights?hl=en&gl=us&curr=USD&tfs=CBwQAhoeEgoyMDI3LTAzLTEzagcIARIDRFNNcgcIARIDU0pVGh4SCjIwMjctMDMtMThqBwgBEgNTSlVyBwgBEgNEU01AAUABQAFAAkACQAJAA0gBcAGYAQE&tfu=EgIIAQ,Checked baggage for a fee; Bag and fare conditions depend on the return flight
2026-10-06T17:25:28Z,dsm-sju-mar-sat-thu,serpapi,DSM,SJU,2027-03-13,2027-03-18,6,10170.00,USD,Delta,1,https://www.google.com/travel/flights?hl=en&gl=us&curr=USD&tfs=CBwQAhoeEgoyMDI3LTAzLTEzagcIARIDRFNNcgcIARIDU0pVGh4SCjIwMjctMDMtMThqBwgBEgNTSlVyBwgBEgNEU01AAUABQAFAAkACQAJAA0gBcAGYAQE&tfu=EgIIAQ,Checked baggage for a fee; Bag and fare conditions depend on the return flight
2026-10-06T17:25:28Z,dsm-sju-mar-sat-thu,serpapi,DSM,SJU,2027-03-13,2027-03-18,6,10224.00,USD,American,1,https://www.google.com/travel/flights?hl=en&gl=us&curr=USD&tfs=CBwQAhoeEgoyMDI3LTAzLTEzagcIARIDRFNNcgcIARIDU0pVGh4SCjIwMjctMDMtMThqBwgBEgNTSlVyBwgBEgNEU01AAUABQAFAAkACQAJAA0gBcAGYAQE&tfu=EgIIAQ,Checked baggage for a fee; Bag and fare conditions depend on the return flight
2026-10-06T17:25:28Z,dsm-sju-mar-sat-thu,serpapi,DSM,SJU,2027-03-13,2027-03-18,6,11268.00,USD,Delta,1,https://www.google.com/travel/flights?hl=en&gl=us&curr=USD&tfs=CBwQAhoeEgoyMDI3LTAzLTEzagcIARIDRFNNcgcIARIDU0pVGh4SCjIwMjctMDMtMThqBwgBEgNTSlVyBwgBEgNEU01AAUABQAFAAkACQAJAA0gBcAGYAQE&tfu=EgIIAQ,Checked baggage for a fee; Bag and fare conditions depend on the return flight
2026-10-06T17:25:39Z,dsm-stt-mar-thu-tue,serpapi,DSM,STT,2027-03-11,2027-03-16,6,3586.00,USD,American,2,https://www.google.com/travel/flights?hl=en&gl=us&curr=USD&tfs=CBwQAhoeEgoyMDI3LTAzLTExagcIARIDRFNNcgcIARIDU1RUGh4SCjIwMjctMDMtMTZqBwgBEgNTVFRyBwgBEgNEU01AAUABQAFAAkACQAJAA0gBcAGYAQE&tfu=EgIIAQ,Checked baggage for a fee; Bag and fare conditions depend on the return flight
2026-10-06T17:25:39Z,dsm-stt-mar-thu-tue,serpapi,DSM,STT,2027-03-11,2027-03-16,6,5548.00,USD,American,1,https://www.google.com/travel/flights?hl=en&gl=us&curr=USD&tfs=CBwQAhoeEgoyMDI3LTAzLTExagcIARIDRFNNcgcIARIDU1RUGh4SCjIwMjctMDMtMTZqBwgBEgNTVFRyBwgBEgNEU01AAUABQAFAAkACQAJAA0gBcAGYAQE&tfu=EgIIAQ,Checked baggage for a fee; Bag and fare conditions depend on the return flight
2026-10-06T17:25:39Z,dsm-stt-mar-thu-tue,serpapi,DSM,STT,2027-03-11,2027-03-16,6,6463.00,USD,United,1,https://www.google.com/travel/flights?hl=en&gl=us&curr=USD&tfs=CBwQAhoeEgoyMDI3LTAzLTExagcIARIDRFNNcgcIARIDU1RUGh4SCjIwMjctMDMtMTZqBwgBEgNTVFRyBwgBEgNEU01AAUABQAFAAkACQAJAA0gBcAGYAQE&tfu=EgIIAQ,Checked baggage for a fee; Bag and fare conditions depend on the return flight
2026-10-06T17:25:39Z,dsm-stt-mar-thu-tue,serpapi,DSM,STT,2027-03-11,2027-03-16,6,3910.00,USD,American,2,https://www.google.com/travel/flights?hl=en&gl=us&curr=USD&tfs=CBwQAhoeEgoyMDI3LTAzLTExagcIARIDRFNNcgcIARIDU1RUGh4SCjIwMjctMDMtMTZqBwgBEgNTVFRyBwgBEgNEU01AAUABQAFAAkACQAJAA0gBcAGYAQE&tfu=EgIIAQ,Checked baggage for a fee; Bag and fare conditions depend on the return flight
2026-10-06T17:25:39Z,dsm-stt-mar-thu-tue,serpapi,DSM,STT,2027-03-11,2027-03-16,6,4420.00,USD,American,2,https://www.google.com/travel/flights?hl=en&gl=us&curr=USD&tfs=CBwQAhoeEgoyMDI3LTAzLTExagcIARIDRFNNcgcIARIDU1RUGh4SCjIwMjctMDMtMTZqBwgBEgNTVFRyBwgBEgNEU01AAUABQAFAAkACQAJAA0gBcAGYAQE&tfu=EgIIAQ,Checked baggage for a fee; Bag and fare conditions depend on the return flight
2026-10-06T17:25:39Z,dsm-stt-mar-thu-tue,serpapi,DSM,STT,2027-03-11,2027-03-16,6,4966.00,USD,American,2,https://www.google.com/travel/flights?hl=en&gl=us&curr=USD&tfs=CBwQAhoeEgoyMDI3LTAzLTExagcIARIDRFNNcgcIARIDU1RUGh4SCjIwMjctMDMtMTZqBwgBEgNTVFRyBwgBEgNEU01AAUABQAFAAkACQAJAA0gBcAGYAQE&tfu=EgIIAQ,Checked baggage for a fee; Bag and fare conditions depend on the return flight
2026-10-06T17:25:39Z,dsm-stt-mar-thu-tue,serpapi,DSM,STT,2027-03-11,2027-03-16,6,5842.00,USD,United,2,https://www.google.com/travel/flights?hl=en&gl=us&curr=USD&tfs=CBwQAhoeEgoyMDI3LTAzLTExagcIARIDRFNNcgcIARIDU1RUGh4SCjIwMjctMDMtMTZqBwgBEgNTVFRyBwgBEgNEU01AAUABQAFAAkACQAJAA0gBcAGYAQE&tfu=EgIIAQ,Checked baggage for a fee; Bag and fare conditions depend on the return flight
2026-10-06T17:25:39Z,dsm-stt-mar-thu-tue,serpapi,DSM,STT,2027-03-11,2027-03-16,6,7132.00,USD,American,1,https://www.google.com/travel/flights?hl=en&gl=us&curr=USD&tfs=CBwQAhoeEgoyMDI3LTAzLTExagcIARIDRFNNcgcIARIDU1RUGh4SCjIwMjctMDMtMTZqBwgBEgNTVFRyBwgBEgNEU01AAUABQAFAAkACQAJAA0gBcAGYAQE&tfu=EgIIAQ,Checked baggage for a fee; Bag and fare conditions depend on the return flight
2026-10-06T17:25:39Z,dsm-stt-mar-thu-tue,serpapi,DSM,STT,2027-03-11,2027-03-16,6,9124.00,USD,Southwest,2,https://www.google.com/travel/flights?hl=en&gl=us&curr=USD&tfs=CBwQAhoeEgoyMDI3LTAzLTExagcIARIDRFNNcgcIARIDU1RUGh4SCjIwMjctMDMtMTZqBwgBEgNTVFRyBwgBEgNEU01AAUABQAFAAkACQAJAA0gBcAGYAQE&tfu=EgIIAQ,Checked baggage for a fee; Bag and fare conditions depend on the return flight
2026-10-06T17:25:39Z,dsm-stt-mar-thu-tue,serpapi,DSM,STT,2027-03-11,2027-03-16,6,10078.00,USD,Delta,1,https://www.google.com/travel/flights?hl=en&gl=us&curr=USD&tfs=CBwQAhoeEgoyMDI3LTAzLTExagcIARIDRFNNcgcIARIDU1RUGh4SCjIwMjctMDMtMTZqBwgBEgNTVFRyBwgBEgNEU01AAUABQAFAAkACQAJAA0gBcAGYAQE&tfu=EgIIAQ,Checked baggage for a fee; Bag and fare conditions depend on the return flight
2026-10-06T17:25:45Z,dsm-sju-mar-thu-tue,serpapi,DSM,SJU,2027-03-11,2027-03-16,6,3474.00,USD,Southwest,2,https://www.google.com/travel/flights?hl=en&gl=us&curr=USD&tfs=CBwQAhoeEgoyMDI3LTAzLTExagcIARIDRFNNcgcIARIDU0pVGh4SCjIwMjctMDMtMTZqBwgBEgNTSlVyBwgBEgNEU01AAUABQAFAAkACQAJAA0gBcAGYAQE&tfu=EgIIAQ,Checked baggage for a fee; Bag and fare conditions depend on the return flight
2026-10-06T17:25:45Z,dsm-sju-mar-thu-tue,serpapi,DSM,SJU,2027-03-11,2027-03-16,6,5574.00,USD,United,1,https://www.google.com/travel/flights?hl=en&gl=us&curr=USD&tfs=CBwQAhoeEgoyMDI3LTAzLTExagcIARIDRFNNcgcIARIDU0pVGh4SCjIwMjctMDMtMTZqBwgBEgNTSlVyBwgBEgNEU01AAUABQAFAAkACQAJAA0gBcAGYAQE&tfu=EgIIAQ,Checked baggage for a fee; Bag and fare conditions depend on the return flight
2026-10-06T17:25:45Z,dsm-sju-mar-thu-tue,serpapi,DSM,SJU,2027-03-11,2027-03-16,6,6294.00,USD,American,1,https://www.google.com/travel/flights?hl=en&gl=us&curr=USD&tfs=CBwQAhoeEgoyMDI3LTAzLTExagcIARIDRFNNcgcIARIDU0pVGh4SCjIwMjctMDMtMTZqBwgBEgNTSlVyBwgBEgNEU01AAUABQAFAAkACQAJAA0gBcAGYAQE&tfu=EgIIAQ,Checked baggage for a fee; Bag and fare conditions depend on the return flight
2026-10-06T17:25:45Z,dsm-sju-mar-thu-tue,serpapi,DSM,SJU,2027-03-11,2027-03-16,6,4866.00,USD,American,1,https://www.google.com/travel/flights?hl=en&gl=us&curr=USD&tfs=CBwQAhoeEgoyMDI3LTAzLTExagcIARIDRFNNcgcIARIDU0pVGh4SCjIwMjctMDMtMTZqBwgBEgNTSlVyBwgBEgNEU01AAUABQAFAAkACQAJAA0gBcAGYAQE&tfu=EgIIAQ,Checked baggage for a fee; Bag and fare conditions depend on the return flight
2026-10-06T17:25:45Z,dsm-sju-mar-thu-tue,serpapi,DSM,SJU,2027-03-11,2027-03-16,6,5847.00,USD,American,1,https://www.google.com/travel/flights?hl=en&gl=us&curr=USD&tfs=CBwQAhoeEgoyMDI3LTAzLTExagcIARIDRFNNcgcIARIDU0pVGh4SCjIwMjctMDMtMTZqBwgBEgNTSlVyBwgBEgNEU01AAUABQAFAAkACQAJAA0gBcAGYAQE&tfu=EgIIAQ,Checked baggage for a fee; Bag and fare conditions depend on the return flight
2026-10-06T17:25:45Z,dsm-sju-mar-thu-tue,serpapi,DSM,SJU,2027-03-11,2027-03-16,6,6186.00,USD,Delta,2,https://www.google.com/travel/flights?hl=en&gl=us&curr=USD&tfs=CBwQAhoeEgoyMDI3LTAzLTExagcIARIDRFNNcgcIARIDU0pVGh4SCjIwMjctMDMtMTZqBwgBEgNTSlVyBwgBEgNEU01AAUABQAFAAkACQAJAA0gBcAGYAQE&tfu=EgIIAQ,Checked baggage for a fee; Bag and fare conditions depend on the return flight
2026-10-06T17:25:45Z,dsm-sju-mar-thu-tue,serpapi,DSM,SJU,2027-03-11,2027-03-16,6,6287.00,USD,American,1,https://www.google.com/travel/flights?hl=en&gl=us&curr=USD&tfs=CBwQAhoeEgoyMDI3LTAzLTExagcIARIDRFNNcgcIARIDU0pVGh4SCjIwMjctMDMtMTZqBwgBEgNTSlVyBwgBEgNEU01AAUABQAFAAkACQAJAA0gBcAGYAQE&tfu=EgIIAQ,Checked baggage for a fee; Bag and fare conditions depend on the return flight
2026-10-06T17:25:45Z,dsm-sju-mar-thu-tue,serpapi,DSM,SJU,2027-03-11,2027-03-16,6,6603.00,USD,United,1,https://www.google.com/travel/flights?hl=en&gl=us&curr=USD&tfs=CBwQAhoeEgoyMDI3LTAzLTExagcIARIDRFNNcgcIARIDU0pVGh4SCjIwMjctMDMtMTZqBwgBEgNTSlVyBwgBEgNEU01AAUABQAFAAkACQAJAA0gBcAGYAQE&tfu=EgIIAQ,Checked baggage for a fee; Bag and fare conditions depend on the return flight
2026-10-06T17:25:45Z,dsm-sju-mar-thu-tue,serpapi,DSM,SJU,2027-03-11,2027-03-16,6,8700.00,USD,Delta,1,https://www.google.com/travel/flights?hl=en&gl=us&curr=USD&tfs=CBwQAhoeEgoyMDI3LTAzLTExagcIARIDRFNNcgcIARIDU0pVGh4SCjIwMjctMDMtMTZqBwgBEgNTSlVyBwgBEgNEU01AAUABQAFAAkACQAJAA0gBcAGYAQE&tfu=EgIIAQ,Checked baggage for a fee; Bag and fare conditions depend on the return flight
2026-10-06T17:25:58Z,dsm-stt-mar-sat-sat,serpapi,DSM,STT,2027-03-13,2027-03-20,6,4162.00,USD,American,2,https://www.google.com/travel/flights?hl=en&gl=us&curr=USD&tfs=CBwQAhoeEgoyMDI3LTAzLTEzagcIARIDRFNNcgcIARIDU1RUGh4SCjIwMjctMDMtMjBqBwgBEgNTVFRyBwgBEgNEU01AAUABQAFAAkACQAJAA0gBcAGYAQE&tfu=EgIIAQ,Checked baggage for a fee; Bag and fare conditions depend on the return flight
2026-10-06T17:25:58Z,dsm-stt-mar-sat-sat,serpapi,DSM,STT,2027-03-13,2027-03-20,6,4678.00,USD,American,2,https://www.google.com/travel/flights?hl=en&gl=us&curr=USD&tfs=CBwQAhoeEgoyMDI3LTAzLTEzagcIARIDRFNNcgcIARIDU1RUGh4SCjIwMjctMDMtMjBqBwgBEgNTVFRyBwgBEgNEU01AAUABQAFAAkACQAJAA0gBcAGYAQE&tfu=EgIIAQ,Checked baggage for a fee; Bag and fare conditions depend on the return flight
2026-10-06T17:25:58Z,dsm-stt-mar-sat-sat,serpapi,DSM,STT,2027-03-13,2027-03-20,6,4954.00,USD,American,2,https://www.google.com/travel/flights?hl=en&gl=us&curr=USD&tfs=CBwQAhoeEgoyMDI3LTAzLTEzagcIARIDRFNNcgcIARIDU1RUGh4SCjIwMjctMDMtMjBqBwgBEgNTVFRyBwgBEgNEU01AAUABQAFAAkACQAJAA0gBcAGYAQE&tfu=EgIIAQ,Checked baggage for a fee; Bag and fare conditions depend on the return flight
2026-10-06T17:25:58Z,dsm-stt-mar-sat-sat,serpapi,DSM,STT,2027-03-13,2027-03-20,6,6988.00,USD,American,1,https://www.google.com/travel/flights?hl=en&gl=us&curr=USD&tfs=CBwQAhoeEgoyMDI3LTAzLTEzagcIARIDRFNNcgcIARIDU1RUGh4SCjIwMjctMDMtMjBqBwgBEgNTVFRyBwgBEgNEU01AAUABQAFAAkACQAJAA0gBcAGYAQE&tfu=EgIIAQ,Checked baggage for a fee; Bag and fare conditions depend on the return flight
2026-10-06T17:25:58Z,dsm-stt-mar-sat-sat,serpapi,DSM,STT,2027-03-13,2027-03-20,6,6988.00,USD,American,2,https://www.google.com/travel/flights?hl=en&gl=us&curr=USD&tfs=CBwQAhoeEgoyMDI3LTAzLTEzagcIARIDRFNNcgcIARIDU1RUGh4SCjIwMjctMDMtMjBqBwgBEgNTVFRyBwgBEgNEU01AAUABQAFAAkACQAJAA0gBcAGYAQE&tfu=EgIIAQ,Checked baggage for a fee; Bag and fare conditions depend on the return flight
2026-10-06T17:25:58Z,dsm-stt-mar-sat-sat,serpapi,DSM,STT,2027-03-13,2027-03-20,6,8038.00,USD,United,2,https://www.google.com/travel/flights?hl=en&gl=us&curr=USD&tfs=CBwQAhoeEgoyMDI3LTAzLTEzagcIARIDRFNNcgcIARIDU1RUGh4SCjIwMjctMDMtMjBqBwgBEgNTVFRyBwgBEgNEU01AAUABQAFAAkACQAJAA0gBcAGYAQE&tfu=EgIIAQ,Checked baggage for a fee; Bag and fare conditions depend on the return flight
2026-10-06T17:25:58Z,dsm-stt-mar-sat-sat,serpapi,DSM,STT,2027-03-13,2027-03-20,6,10108.00,USD,American,1,https://www.google.com/travel/flights?hl=en&gl=us&curr=USD&tfs=CBwQAhoeEgoyMDI3LTAzLTEzagcIARIDRFNNcgcIARIDU1RUGh4SCjIwMjctMDMtMjBqBwgBEgNTVFRyBwgBEgNEU01AAUABQAFAAkACQAJAA0gBcAGYAQE&tfu=EgIIAQ,Checked baggage for a fee; Bag and fare conditions depend on the return flight
2026-10-06T17:25:58Z,dsm-stt-mar-sat-sat,serpapi,DSM,STT,2027-03-13,2027-03-20,6,12461.00,USD,United,1,https://www.google.com/travel/flights?hl=en&gl=us&curr=USD&tfs=CBwQAhoeEgoyMDI3LTAzLTEzagcIARIDRFNNcgcIARIDU1RUGh4SCjIwMjctMDMtMjBqBwgBEgNTVFRyBwgBEgNEU01AAUABQAFAAkACQAJAA0gBcAGYAQE&tfu=EgIIAQ,Checked baggage for a fee; Bag and fare conditions depend on the return flight
2026-10-06T17:26:08Z,dsm-sju-mar-sat-sat,serpapi,DSM,SJU,2027-03-13,2027-03-20,6,6024.00,USD,United,2,https://www.google.com/travel/flights?hl=en&gl=us&curr=USD&tfs=CBwQAhoeEgoyMDI3LTAzLTEzagcIARIDRFNNcgcIARIDU0pVGh4SCjIwMjctMDMtMjBqBwgBEgNTSlVyBwgBEgNEU01AAUABQAFAAkACQAJAA0gBcAGYAQE&tfu=EgIIAQ,Checked baggage for a fee; Bag and fare conditions depend on the return flight
2026-10-06T17:26:08Z,dsm-sju-mar-sat-sat,serpapi,DSM,SJU,2027-03-13,2027-03-20,6,6617.00,USD,United,1,https://www.google.com/travel/flights?hl=en&gl=us&curr=USD&tfs=CBwQAhoeEgoyMDI3LTAzLTEzagcIARIDRFNNcgcIARIDU0pVGh4SCjIwMjctMDMtMjBqBwgBEgNTSlVyBwgBEgNEU01AAUABQAFAAkACQAJAA0gBcAGYAQE&tfu=EgIIAQ,Checked baggage for a fee; Bag and fare conditions depend on the return flight
2026-10-06T17:26:08Z,dsm-sju-mar-sat-sat,serpapi,DSM,SJU,2027-03-13,2027-03-20,6,11196.00,USD,Southwest,1,https://www.google.com/travel/flights?hl=en&gl=us&curr=USD&tfs=CBwQAhoeEgoyMDI3LTAzLTEzagcIARIDRFNNcgcIARIDU0pVGh4SCjIwMjctMDMtMjBqBwgBEgNTSlVyBwgBEgNEU01AAUABQAFAAkACQAJAA0gBcAGYAQE&tfu=EgIIAQ,Checked baggage for a fee; Bag and fare conditions depend on the return flight
2026-10-06T17:26:08Z,dsm-sju-mar-sat-sat,serpapi,DSM,SJU,2027-03-13,2027-03-20,6,5393.00,USD,United,1,https://www.google.com/travel/flights?hl=en&gl=us&curr=USD&tfs=CBwQAhoeEgoyMDI3LTAzLTEzagcIARIDRFNNcgcIARIDU0pVGh4SCjIwMjctMDMtMjBqBwgBEgNTSlVyBwgBEgNEU01AAUABQAFAAkACQAJAA0gBcAGYAQE&tfu=EgIIAQ,Checked baggage for a fee; Bag and fare conditions depend on the return flight
2026-10-06T17:26:08Z,dsm-sju-mar-sat-sat,serpapi,DSM,SJU,2027-03-13,2027-03-20,6,6071.00,USD,United,1,https://www.google.com/travel/flights?hl=en&gl=us&curr=USD&tfs=CBwQAhoeEgoyMDI3LTAzLTEzagcIARIDRFNNcgcIARIDU0pVGh4SCjIwMjctMDMtMjBqBwgBEgNTSlVyBwgBEgNEU01AAUABQAFAAkACQAJAA0gBcAGYAQE&tfu=EgIIAQ,Checked baggage for a fee; Bag and fare conditions depend on the return flight
2026-10-06T17:26:08Z,dsm-sju-mar-sat-sat,serpapi,DSM,SJU,2027-03-13,2027-03-20,6,6159.00,USD,United,1,https://www.google.com/travel/flights?hl=en&gl=us&curr=USD&tfs=CBwQAhoeEgoyMDI3LTAzLTEzagcIARIDRFNNcgcIARIDU0pVGh4SCjIwMjctMDMtMjBqBwgBEgNTSlVyBwgBEgNEU01AAUABQAFAAkACQAJAA0gBcAGYAQE&tfu=EgIIAQ,Checked baggage for a fee; Bag and fare conditions depend on the return flight
2026-10-06T17:26:08Z,dsm-sju-mar-sat-sat,serpapi,DSM,SJU,2027-03-13,2027-03-20,6,8808.00,USD,American,2,https://www.google.com/travel/flights?hl=en&gl=us&curr=USD&tfs=CBwQAhoeEgoyMDI3LTAzLTEzagcIARIDRFNNcgcIARIDU0pVGh4SCjIwMjctMDMtMjBqBwgBEgNTSlVyBwgBEgNEU01AAUABQAFAAkACQAJAA0gBcAGYAQE&tfu=EgIIAQ,Checked baggage for a fee; Bag and fare conditions depend on the return flight
2026-10-06T17:26:08Z,dsm-sju-mar-sat-sat,serpapi,DSM,SJU,2027-03-13,2027-03-20,6,9366.00,USD,Southwest,2,https://www.google.com/travel/flights?hl=en&gl=us&curr=USD&tfs=CBwQAhoeEgoyMDI3LTAzLTEzagcIARIDRFNNcgcIARIDU0pVGh4SCjIwMjctMDMtMjBqBwgBEgNTSlVyBwgBEgNEU01AAUABQAFAAkACQAJAA0gBcAGYAQE&tfu=EgIIAQ,Checked baggage for a fee; Bag and fare conditions depend on the return flight
2026-10-06T17:26:08Z,dsm-sju-mar-sat-sat,serpapi,DSM,SJU,2027-03-13,2027-03-20,6,9757.00,USD,United,1,https://www.google.com/travel/flights?hl=en&gl=us&curr=USD&tfs=CBwQAhoeEgoyMDI3LTAzLTEzagcIARIDRFNNcgcIARIDU0pVGh4SCjIwMjctMDMtMjBqBwgBEgNTSlVyBwgBEgNEU01AAUABQAFAAkACQAJAA0gBcAGYAQE&tfu=EgIIAQ,Checked baggage for a fee; Bag and fare conditions depend on the return flight
2026-10-06T17:26:08Z,dsm-sju-mar-sat-sat,serpapi,DSM,SJU,2027-03-13,2027-03-20,6,9834.00,USD,United,1,https://www.google.com/travel/flights?hl=en&gl=us&curr=USD&tfs=CBwQAhoeEgoyMDI3LTAzLTEzagcIARIDRFNNcgcIARIDU0pVGh4SCjIwMjctMDMtMjBqBwgBEgNTSlVyBwgBEgNEU01AAUABQAFAAkACQAJAA0gBcAGYAQE&tfu=EgIIAQ,Checked baggage for a fee; Bag and fare conditions depend on the return flight
2026-10-06T17:26:08Z,dsm-sju-mar-sat-sat,serpapi,DSM,SJU,2027-03-13,2027-03-20,6,11892.00,USD,American,1,https://www.google.com/travel/flights?hl=en&gl=us&curr=USD&tfs=CBwQAhoeEgoyMDI3LTAzLTEzagcIARIDRFNNcgcIARIDU0pVGh4SCjIwMjctMDMtMjBqBwgBEgNTSlVyBwgBEgNEU01AAUABQAFAAkACQAJAA0gBcAGYAQE&tfu=EgIIAQ,Checked baggage for a fee; Bag and fare conditions depend on the return flight
2026-10-06T17:26:08Z,dsm-sju-mar-sat-sat,serpapi,DSM,SJU,2027-03-13,2027-03-20,6,12228.00,USD,Delta,1,https://www.google.com/travel/flights?hl=en&gl=us&curr=USD&tfs=CBwQAhoeEgoyMDI3LTAzLTEzagcIARIDRFNNcgcIARIDU0pVGh4SCjIwMjctMDMtMjBqBwgBEgNTSlVyBwgBEgNEU01AAUABQAFAAkACQAJAA0gBcAGYAQE&tfu=EgIIAQ,Checked baggage for a fee; Bag and fare conditions depend on the return flight
2026-10-07T14:40:00Z,dsm-stt-mar-sat-thu,manual,DSM,STT,2027-03-13,2027-03-18,6,4036.00,USD,American,2,https://www.google.com/travel/flights/search?tfs=CBwQAhoeEgoyMDI3LTAzLTEzagcIARIDRFNNcgcIARIDU1RUGh4SCjIwMjctMDMtMThqBwgBEgNTVFRyBwgBEgNEU01AAUABQAFAAkACQAJAA0gBcAGCAQsI____________AZgBAQ&hl=en&curr=USD,"Checked baggage for a fee; outbound 19:48-15:20+1 via ORD, MIA; read in Chrome by Claude, 6-seat search"
2026-10-07T14:40:00Z,dsm-stt-mar-sat-thu,manual,DSM,STT,2027-03-13,2027-03-18,6,4492.00,USD,American,2,https://www.google.com/travel/flights/search?tfs=CBwQAhoeEgoyMDI3LTAzLTEzagcIARIDRFNNcgcIARIDU1RUGh4SCjIwMjctMDMtMThqBwgBEgNTVFRyBwgBEgNEU01AAUABQAFAAkACQAJAA0gBcAGCAQsI____________AZgBAQ&hl=en&curr=USD,"Checked baggage for a fee; outbound 19:48-14:43+1 via ORD, CLT; read in Chrome by Claude, 6-seat search"
2026-10-07T14:40:00Z,dsm-stt-mar-sat-thu,manual,DSM,STT,2027-03-13,2027-03-18,6,4828.00,USD,American,2,https://www.google.com/travel/flights/search?tfs=CBwQAhoeEgoyMDI3LTAzLTEzagcIARIDRFNNcgcIARIDU1RUGh4SCjIwMjctMDMtMThqBwgBEgNTVFRyBwgBEgNEU01AAUABQAFAAkACQAJAA0gBcAGCAQsI____________AZgBAQ&hl=en&curr=USD,"Checked baggage for a fee; outbound 16:11-13:19+1 via DFW, MIA; read in Chrome by Claude, 6-seat search"
2026-10-07T14:40:00Z,dsm-sju-mar-sat-thu,manual,DSM,SJU,2027-03-13,2027-03-18,6,4442.00,USD,United,1,https://www.google.com/travel/flights/search?tfs=CBwQAhoeEgoyMDI3LTAzLTEzagcIARIDRFNNcgcIARIDU0pVGh4SCjIwMjctMDMtMThqBwgBEgNTSlVyBwgBEgNEU01AAUABQAFAAkACQAJAA0gBcAGCAQsI____________AZgBAQ&hl=en&curr=USD,"Carry-on bag not included; Checked baggage for a fee; outbound 19:00-20:00+1 via ORD; read in Chrome by Claude, 6-seat search"
2026-10-07T14:40:00Z,dsm-sju-mar-sat-thu,manual,DSM,SJU,2027-03-13,2027-03-18,6,4926.00,USD,United,2,https://www.google.com/travel/flights/search?tfs=CBwQAhoeEgoyMDI3LTAzLTEzagcIARIDRFNNcgcIARIDU0pVGh4SCjIwMjctMDMtMThqBwgBEgNTSlVyBwgBEgNEU01AAUABQAFAAkACQAJAA0gBcAGCAQsI____________AZgBAQ&hl=en&curr=USD,"Checked baggage for a fee; outbound 19:00-12:17+1 via ORD, IAD; read in Chrome by Claude, 6-seat search"
2026-10-07T14:40:00Z,dsm-sju-mar-sat-thu,manual,DSM,SJU,2027-03-13,2027-03-18,6,5120.00,USD,United,1,https://www.google.com/travel/flights/search?tfs=CBwQAhoeEgoyMDI3LTAzLTEzagcIARIDRFNNcgcIARIDU0pVGh4SCjIwMjctMDMtMThqBwgBEgNTSlVyBwgBEgNEU01AAUABQAFAAkACQAJAA0gBcAGCAQsI____________AZgBAQ&hl=en&curr=USD,"Carry-on bag not included; Checked baggage for a fee; outbound 17:03-17:25+1 via DEN; read in Chrome by Claude, 6-seat search"
2026-10-07T14:40:00Z,dsm-stt-mar-thu-tue,manual,DSM,STT,2027-03-11,2027-03-16,6,3706.00,USD,American,2,https://www.google.com/travel/flights/search?tfs=CBwQAhoeEgoyMDI3LTAzLTExagcIARIDRFNNcgcIARIDU1RUGh4SCjIwMjctMDMtMTZqBwgBEgNTVFRyBwgBEgNEU01AAUABQAFAAkACQAJAA0gBcAGCAQsI____________AZgBAQ&hl=en&curr=USD,"Checked baggage for a fee; outbound 19:48-16:20+1 via ORD, MIA; read in Chrome by Claude, 6-seat search"
2026-10-07T14:40:00Z,dsm-stt-mar-thu-tue,manual,DSM,STT,2027-03-11,2027-03-16,6,4030.00,USD,American,2,https://www.google.com/travel/flights/search?tfs=CBwQAhoeEgoyMDI3LTAzLTExagcIARIDRFNNcgcIARIDU1RUGh4SCjIwMjctMDMtMTZqBwgBEgNTVFRyBwgBEgNEU01AAUABQAFAAkACQAJAA0gBcAGCAQsI____________AZgBAQ&hl=en&curr=USD,"Checked baggage for a fee; outbound 19:48-15:43+1 via ORD, CLT; read in Chrome by Claude, 6-seat search"
2026-10-07T14:40:00Z,dsm-stt-mar-thu-tue,manual,DSM,STT,2027-03-11,2027-03-16,6,4540.00,USD,American,2,https://www.google.com/travel/flights/search?tfs=CBwQAhoeEgoyMDI3LTAzLTExagcIARIDRFNNcgcIARIDU1RUGh4SCjIwMjctMDMtMTZqBwgBEgNTVFRyBwgBEgNEU01AAUABQAFAAkACQAJAA0gBcAGCAQsI____________AZgBAQ&hl=en&curr=USD,"Checked baggage for a fee; outbound 16:11-14:19+1 via DFW, MIA; read in Chrome by Claude, 6-seat search"
2026-10-07T14:40:00Z,dsm-sju-mar-thu-tue,manual,DSM,SJU,2027-03-11,2027-03-16,6,3936.00,USD,Southwest,2,https://www.google.com/travel/flights/search?tfs=CBwQAhoeEgoyMDI3LTAzLTExagcIARIDRFNNcgcIARIDU0pVGh4SCjIwMjctMDMtMTZqBwgBEgNTSlVyBwgBEgNEU01AAUABQAFAAkACQAJAA0gBcAGCAQsI____________AZgBAQ&hl=en&curr=USD,"Checked baggage for a fee; outbound 05:40-00:30+1 via MDW, TPA; read in Chrome by Claude, 6-seat search"
2026-10-07T14:40:00Z,dsm-sju-mar-thu-tue,manual,DSM,SJU,2027-03-11,2027-03-16,6,4284.00,USD,Southwest,2,https://www.google.com/travel/flights/search?tfs=CBwQAhoeEgoyMDI3LTAzLTExagcIARIDRFNNcgcIARIDU0pVGh4SCjIwMjctMDMtMTZqBwgBEgNTSlVyBwgBEgNEU01AAUABQAFAAkACQAJAA0gBcAGCAQsI____________AZgBAQ&hl=en&curr=USD,"Checked baggage for a fee; outbound 05:40-17:30 via MDW, FLL; read in Chrome by Claude, 6-seat search"
2026-10-07T14:40:00Z,dsm-sju-mar-thu-tue,manual,DSM,SJU,2027-03-11,2027-03-16,6,4986.00,USD,American,1,https://www.google.com/travel/flights/search?tfs=CBwQAhoeEgoyMDI3LTAzLTExagcIARIDRFNNcgcIARIDU0pVGh4SCjIwMjctMDMtMTZqBwgBEgNTSlVyBwgBEgNEU01AAUABQAFAAkACQAJAA0gBcAGCAQsI____________AZgBAQ&hl=en&curr=USD,"Checked baggage for a fee; outbound 14:03-01:47+1 via ORD; read in Chrome by Claude, 6-seat search"
2026-10-07T14:40:00Z,dsm-stt-mar-sat-sat,manual,DSM,STT,2027-03-13,2027-03-20,6,4282.00,USD,American,2,https://www.google.com/travel/flights/search?tfs=CBwQAhoeEgoyMDI3LTAzLTEzagcIARIDRFNNcgcIARIDU1RUGh4SCjIwMjctMDMtMjBqBwgBEgNTVFRyBwgBEgNEU01AAUABQAFAAkACQAJAA0gBcAGCAQsI____________AZgBAQ&hl=en&curr=USD,"Checked baggage for a fee; outbound 19:48-15:20+1 via ORD, MIA; read in Chrome by Claude, 6-seat search"
2026-10-07T14:40:00Z,dsm-stt-mar-sat-sat,manual,DSM,STT,2027-03-13,2027-03-20,6,4798.00,USD,American,2,https://www.google.com/travel/flights/search?tfs=CBwQAhoeEgoyMDI3LTAzLTEzagcIARIDRFNNcgcIARIDU1RUGh4SCjIwMjctMDMtMjBqBwgBEgNTVFRyBwgBEgNEU01AAUABQAFAAkACQAJAA0gBcAGCAQsI____________AZgBAQ&hl=en&curr=USD,"Checked baggage for a fee; outbound 19:48-14:43+1 via ORD, CLT; read in Chrome by Claude, 6-seat search"
2026-10-07T14:40:00Z,dsm-stt-mar-sat-sat,manual,DSM,STT,2027-03-13,2027-03-20,6,5074.00,USD,American,2,https://www.google.com/travel/flights/search?tfs=CBwQAhoeEgoyMDI3LTAzLTEzagcIARIDRFNNcgcIARIDU1RUGh4SCjIwMjctMDMtMjBqBwgBEgNTVFRyBwgBEgNEU01AAUABQAFAAkACQAJAA0gBcAGCAQsI____________AZgBAQ&hl=en&curr=USD,"Checked baggage for a fee; outbound 16:11-13:19+1 via DFW, MIA; read in Chrome by Claude, 6-seat search"
2026-10-07T14:40:00Z,dsm-sju-mar-sat-sat,manual,DSM,SJU,2027-03-13,2027-03-20,6,5513.00,USD,United,1,https://www.google.com/travel/flights/search?tfs=CBwQAhoeEgoyMDI3LTAzLTEzagcIARIDRFNNcgcIARIDU0pVGh4SCjIwMjctMDMtMjBqBwgBEgNTSlVyBwgBEgNEU01AAUABQAFAAkACQAJAA0gBcAGCAQsI____________AZgBAQ&hl=en&curr=USD,"Carry-on bag not included; Checked baggage for a fee; outbound 19:00-20:00+1 via ORD; read in Chrome by Claude, 6-seat search"
2026-10-07T14:40:00Z,dsm-sju-mar-sat-sat,manual,DSM,SJU,2027-03-13,2027-03-20,6,6144.00,USD,United,2,https://www.google.com/travel/flights/search?tfs=CBwQAhoeEgoyMDI3LTAzLTEzagcIARIDRFNNcgcIARIDU0pVGh4SCjIwMjctMDMtMjBqBwgBEgNTSlVyBwgBEgNEU01AAUABQAFAAkACQAJAA0gBcAGCAQsI____________AZgBAQ&hl=en&curr=USD,"Checked baggage for a fee; outbound 19:00-12:17+1 via ORD, IAD; read in Chrome by Claude, 6-seat search"
2026-10-07T14:40:00Z,dsm-sju-mar-sat-sat,manual,DSM,SJU,2027-03-13,2027-03-20,6,6191.00,USD,United,1,https://www.google.com/travel/flights/search?tfs=CBwQAhoeEgoyMDI3LTAzLTEzagcIARIDRFNNcgcIARIDU0pVGh4SCjIwMjctMDMtMjBqBwgBEgNTSlVyBwgBEgNEU01AAUABQAFAAkACQAJAA0gBcAGCAQsI____________AZgBAQ&hl=en&curr=USD,"Carry-on bag not included; Checked baggage for a fee; outbound 17:03-17:25+1 via DEN; read in Chrome by Claude, 6-seat search"
2026-10-07T14:40:00Z,dsm-stt-jan-sat-thu,manual,DSM,STT,2027-01-02,2027-01-07,6,2956.00,USD,American,2,https://www.google.com/travel/flights/search?tfs=CBwQAhoeEgoyMDI3LTAxLTAyagcIARIDRFNNcgcIARIDU1RUGh4SCjIwMjctMDEtMDdqBwgBEgNTVFRyBwgBEgNEU01AAUABQAFAAkACQAJAA0gBcAGCAQsI____________AZgBAQ&hl=en&curr=USD,"Checked baggage for a fee; outbound 20:05-14:37+1 via ORD, MIA; read in Chrome by Claude, 6-seat search"
2026-10-07T14:40:00Z,dsm-stt-jan-sat-thu,manual,DSM,STT,2027-01-02,2027-01-07,6,2956.00,USD,American,1,https://www.google.com/travel/flights/search?tfs=CBwQAhoeEgoyMDI3LTAxLTAyagcIARIDRFNNcgcIARIDU1RUGh4SCjIwMjctMDEtMDdqBwgBEgNTVFRyBwgBEgNEU01AAUABQAFAAkACQAJAA0gBcAGCAQsI____________AZgBAQ&hl=en&curr=USD,"Checked baggage for a fee; outbound 20:05-15:14+1 via ORD; read in Chrome by Claude, 6-seat search"
2026-10-07T14:40:00Z,dsm-stt-jan-sat-thu,manual,DSM,STT,2027-01-02,2027-01-07,6,4216.00,USD,American,1,https://www.google.com/travel/flights/search?tfs=CBwQAhoeEgoyMDI3LTAxLTAyagcIARIDRFNNcgcIARIDU1RUGh4SCjIwMjctMDEtMDdqBwgBEgNTVFRyBwgBEgNEU01AAUABQAFAAkACQAJAA0gBcAGCAQsI____________AZgBAQ&hl=en&curr=USD,"Checked baggage for a fee; outbound 16:25-12:17+1 via MIA; read in Chrome by Claude, 6-seat search"
2026-10-07T14:40:00Z,dsm-stt-jan-sat-thu,manual,DSM,STT,2027-01-09,2027-01-14,6,2956.00,USD,American,2,https://www.google.com/travel/flights/search?tfs=CBwQAhoeEgoyMDI3LTAxLTA5agcIARIDRFNNcgcIARIDU1RUGh4SCjIwMjctMDEtMTRqBwgBEgNTVFRyBwgBEgNEU01AAUABQAFAAkACQAJAA0gBcAGCAQsI____________AZgBAQ&hl=en&curr=USD,"Checked baggage for a fee; outbound 19:37-14:10+1 via ORD, MIA; read in Chrome by Claude, 6-seat search"
2026-10-07T14:40:00Z,dsm-stt-jan-sat-thu,manual,DSM,STT,2027-01-09,2027-01-14,6,2956.00,USD,American,1,https://www.google.com/travel/flights/search?tfs=CBwQAhoeEgoyMDI3LTAxLTA5agcIARIDRFNNcgcIARIDU1RUGh4SCjIwMjctMDEtMTRqBwgBEgNTVFRyBwgBEgNEU01AAUABQAFAAkACQAJAA0gBcAGCAQsI____________AZgBAQ&hl=en&curr=USD,"Checked baggage for a fee; outbound 19:37-15:10+1 via ORD; read in Chrome by Claude, 6-seat search"
2026-10-07T14:40:00Z,dsm-stt-jan-sat-thu,manual,DSM,STT,2027-01-09,2027-01-14,6,2956.00,USD,American,2,https://www.google.com/travel/flights/search?tfs=CBwQAhoeEgoyMDI3LTAxLTA5agcIARIDRFNNcgcIARIDU1RUGh4SCjIwMjctMDEtMTRqBwgBEgNTVFRyBwgBEgNEU01AAUABQAFAAkACQAJAA0gBcAGCAQsI____________AZgBAQ&hl=en&curr=USD,"Checked baggage for a fee; outbound 15:31-12:24+1 via DFW, MIA; read in Chrome by Claude, 6-seat search"
2026-10-07T14:40:00Z,dsm-stt-jan-sat-thu,manual,DSM,STT,2027-01-16,2027-01-21,6,3406.00,USD,American,2,https://www.google.com/travel/flights/search?tfs=CBwQAhoeEgoyMDI3LTAxLTE2agcIARIDRFNNcgcIARIDU1RUGh4SCjIwMjctMDEtMjFqBwgBEgNTVFRyBwgBEgNEU01AAUABQAFAAkACQAJAA0gBcAGCAQsI____________AZgBAQ&hl=en&curr=USD,"Checked baggage for a fee; outbound 19:37-14:10+1 via ORD, MIA; read in Chrome by Claude, 6-seat search"
2026-10-07T14:40:00Z,dsm-stt-jan-sat-thu,manual,DSM,STT,2027-01-16,2027-01-21,6,3406.00,USD,American,1,https://www.google.com/travel/flights/search?tfs=CBwQAhoeEgoyMDI3LTAxLTE2agcIARIDRFNNcgcIARIDU1RUGh4SCjIwMjctMDEtMjFqBwgBEgNTVFRyBwgBEgNEU01AAUABQAFAAkACQAJAA0gBcAGCAQsI____________AZgBAQ&hl=en&curr=USD,"Checked baggage for a fee; outbound 19:37-15:10+1 via ORD; read in Chrome by Claude, 6-seat search"
2026-10-07T14:40:00Z,dsm-stt-jan-sat-thu,manual,DSM,STT,2027-01-16,2027-01-21,6,3406.00,USD,American,2,https://www.google.com/travel/flights/search?tfs=CBwQAhoeEgoyMDI3LTAxLTE2agcIARIDRFNNcgcIARIDU1RUGh4SCjIwMjctMDEtMjFqBwgBEgNTVFRyBwgBEgNEU01AAUABQAFAAkACQAJAA0gBcAGCAQsI____________AZgBAQ&hl=en&curr=USD,"Checked baggage for a fee; outbound 15:31-12:24+1 via DFW, MIA; read in Chrome by Claude, 6-seat search"
2026-10-07T14:40:00Z,dsm-stt-jan-sat-thu,manual,DSM,STT,2027-01-23,2027-01-28,6,2956.00,USD,American,2,https://www.google.com/travel/flights/search?tfs=CBwQAhoeEgoyMDI3LTAxLTIzagcIARIDRFNNcgcIARIDU1RUGh4SCjIwMjctMDEtMjhqBwgBEgNTVFRyBwgBEgNEU01AAUABQAFAAkACQAJAA0gBcAGCAQsI____________AZgBAQ&hl=en&curr=USD,"Checked baggage for a fee; outbound 19:37-14:10+1 via ORD, MIA; read in Chrome by Claude, 6-seat search"
2026-10-07T14:40:00Z,dsm-stt-jan-sat-thu,manual,DSM,STT,2027-01-23,2027-01-28,6,2956.00,USD,American,1,https://www.google.com/travel/flights/search?tfs=CBwQAhoeEgoyMDI3LTAxLTIzagcIARIDRFNNcgcIARIDU1RUGh4SCjIwMjctMDEtMjhqBwgBEgNTVFRyBwgBEgNEU01AAUABQAFAAkACQAJAA0gBcAGCAQsI____________AZgBAQ&hl=en&curr=USD,"Checked baggage for a fee; outbound 19:37-15:10+1 via ORD; read in Chrome by Claude, 6-seat search"
2026-10-07T14:40:00Z,dsm-stt-jan-sat-thu,manual,DSM,STT,2027-01-23,2027-01-28,6,2956.00,USD,American,2,https://www.google.com/travel/flights/search?tfs=CBwQAhoeEgoyMDI3LTAxLTIzagcIARIDRFNNcgcIARIDU1RUGh4SCjIwMjctMDEtMjhqBwgBEgNTVFRyBwgBEgNEU01AAUABQAFAAkACQAJAA0gBcAGCAQsI____________AZgBAQ&hl=en&curr=USD,"Checked baggage for a fee; outbound 15:31-12:24+1 via DFW, MIA; read in Chrome by Claude, 6-seat search"
2026-10-07T14:40:00Z,dsm-stt-jan-sat-thu,manual,DSM,STT,2027-01-30,2027-02-04,6,2956.00,USD,American,2,https://www.google.com/travel/flights/search?tfs=CBwQAhoeEgoyMDI3LTAxLTMwagcIARIDRFNNcgcIARIDU1RUGh4SCjIwMjctMDItMDRqBwgBEgNTVFRyBwgBEgNEU01AAUABQAFAAkACQAJAA0gBcAGCAQsI____________AZgBAQ&hl=en&curr=USD,"Checked baggage for a fee; outbound 19:37-14:10+1 via ORD, MIA; read in Chrome by Claude, 6-seat search"
2026-10-07T14:40:00Z,dsm-stt-jan-sat-thu,manual,DSM,STT,2027-01-30,2027-02-04,6,2956.00,USD,American,1,https://www.google.com/travel/flights/search?tfs=CBwQAhoeEgoyMDI3LTAxLTMwagcIARIDRFNNcgcIARIDU1RUGh4SCjIwMjctMDItMDRqBwgBEgNTVFRyBwgBEgNEU01AAUABQAFAAkACQAJAA0gBcAGCAQsI____________AZgBAQ&hl=en&curr=USD,"Checked baggage for a fee; outbound 19:37-15:10+1 via ORD; read in Chrome by Claude, 6-seat search"
2026-10-07T14:40:00Z,dsm-stt-jan-sat-thu,manual,DSM,STT,2027-01-30,2027-02-04,6,2956.00,USD,American,2,https://www.google.com/travel/flights/search?tfs=CBwQAhoeEgoyMDI3LTAxLTMwagcIARIDRFNNcgcIARIDU1RUGh4SCjIwMjctMDItMDRqBwgBEgNTVFRyBwgBEgNEU01AAUABQAFAAkACQAJAA0gBcAGCAQsI____________AZgBAQ&hl=en&curr=USD,"Checked baggage for a fee; outbound 15:31-12:24+1 via DFW, MIA; read in Chrome by Claude, 6-seat search"
2026-10-07T14:40:00Z,dsm-sju-jan-sat-thu,manual,DSM,SJU,2027-01-02,2027-01-07,6,4452.00,USD,American,1,https://www.google.com/travel/flights/search?tfs=CBwQAhoeEgoyMDI3LTAxLTAyagcIARIDRFNNcgcIARIDU0pVGh4SCjIwMjctMDEtMDdqBwgBEgNTSlVyBwgBEgNEU01AAUABQAFAAkACQAJAA0gBcAGCAQsI____________AZgBAQ&hl=en&curr=USD,"Checked baggage for a fee; outbound 20:05-05:36+1 via ORD; read in Chrome by Claude, 6-seat search"
2026-10-07T14:40:00Z,dsm-sju-jan-sat-thu,manual,DSM,SJU,2027-01-02,2027-01-07,6,4884.00,USD,Southwest,1,https://www.google.com/travel/flights/search?tfs=CBwQAhoeEgoyMDI3LTAxLTAyagcIARIDRFNNcgcIARIDU0pVGh4SCjIwMjctMDEtMDdqBwgBEgNTSlVyBwgBEgNEU01AAUABQAFAAkACQAJAA0gBcAGCAQsI____________AZgBAQ&hl=en&curr=USD,"Checked baggage for a fee; outbound 05:20-15:35 via MDW; read in Chrome by Claude, 6-seat search"
2026-10-07T14:40:00Z,dsm-sju-jan-sat-thu,manual,DSM,SJU,2027-01-02,2027-01-07,6,4926.00,USD,United,1,https://www.google.com/travel/flights/search?tfs=CBwQAhoeEgoyMDI3LTAxLTAyagcIARIDRFNNcgcIARIDU0pVGh4SCjIwMjctMDEtMDdqBwgBEgNTSlVyBwgBEgNEU01AAUABQAFAAkACQAJAA0gBcAGCAQsI____________AZgBAQ&hl=en&curr=USD,"Carry-on bag not included; Checked baggage for a fee; outbound 08:00-21:00 via ORD; read in Chrome by Claude, 6-seat search"
2026-10-07T14:40:00Z,dsm-sju-jan-sat-thu,manual,DSM,SJU,2027-01-09,2027-01-14,6,2571.00,USD,United,2,https://www.google.com/travel/flights/search?tfs=CBwQAhoeEgoyMDI3LTAxLTA5agcIARIDRFNNcgcIARIDU0pVGh4SCjIwMjctMDEtMTRqBwgBEgNTSlVyBwgBEgNEU01AAUABQAFAAkACQAJAA0gBcAGCAQsI____________AZgBAQ&hl=en&curr=USD,"Carry-on bag not included; Checked baggage for a fee; outbound 12:52-06:15+1 via ORD, IAH; read in Chrome by Claude, 6-seat search"
2026-10-07T14:40:00Z,dsm-sju-jan-sat-thu,manual,DSM,SJU,2027-01-09,2027-01-14,6,2789.00,USD,United,2,https://www.google.com/travel/flights/search?tfs=CBwQAhoeEgoyMDI3LTAxLTA5agcIARIDRFNNcgcIARIDU0pVGh4SCjIwMjctMDEtMTRqBwgBEgNTSlVyBwgBEgNEU01AAUABQAFAAkACQAJAA0gBcAGCAQsI____________AZgBAQ&hl=en&curr=USD,"Carry-on bag not included; Checked baggage for a fee; outbound 15:10-06:15+1 via ORD, IAH; read in Chrome by Claude, 6-seat search"
2026-10-07T14:40:00Z,dsm-sju-jan-sat-thu,manual,DSM,SJU,2027-01-09,2027-01-14,6,2909.00,USD,United,1,https://www.google.com/travel/flights/search?tfs=CBwQAhoeEgoyMDI3LTAxLTA5agcIARIDRFNNcgcIARIDU0pVGh4SCjIwMjctMDEtMTRqBwgBEgNTSlVyBwgBEgNEU01AAUABQAFAAkACQAJAA0gBcAGCAQsI____________AZgBAQ&hl=en&curr=USD,"Carry-on bag not included; Checked baggage for a fee; outbound 09:25-21:00 via ORD; read in Chrome by Claude, 6-seat search"
2026-10-07T14:40:00Z,dsm-sju-jan-sat-thu,manual,DSM,SJU,2027-01-16,2027-01-21,6,2789.00,USD,United,2,https://www.google.com/travel/flights/search?tfs=CBwQAhoeEgoyMDI3LTAxLTE2agcIARIDRFNNcgcIARIDU0pVGh4SCjIwMjctMDEtMjFqBwgBEgNTSlVyBwgBEgNEU01AAUABQAFAAkACQAJAA0gBcAGCAQsI____________AZgBAQ&hl=en&curr=USD,"Carry-on bag not included; Checked baggage for a fee; outbound 09:25-00:36+1 via ORD, EWR; read in Chrome by Claude, 6-seat search"
2026-10-07T14:40:00Z,dsm-sju-jan-sat-thu,manual,DSM,SJU,2027-01-16,2027-01-21,6,2909.00,USD,United,1,https://www.google.com/travel/flights/search?tfs=CBwQAhoeEgoyMDI3LTAxLTE2agcIARIDRFNNcgcIARIDU0pVGh4SCjIwMjctMDEtMjFqBwgBEgNTSlVyBwgBEgNEU01AAUABQAFAAkACQAJAA0gBcAGCAQsI____________AZgBAQ&hl=en&curr=USD,"Carry-on bag not included; Checked baggage for a fee; outbound 09:25-21:00 via ORD; read in Chrome by Claude, 6-seat search"
2026-10-07T14:40:00Z,dsm-sju-jan-sat-thu,manual,DSM,SJU,2027-01-16,2027-01-21,6,2909.00,USD,United,2,https://www.google.com/travel/flights/search?tfs=CBwQAhoeEgoyMDI3LTAxLTE2agcIARIDRFNNcgcIARIDU0pVGh4SCjIwMjctMDEtMjFqBwgBEgNTSlVyBwgBEgNEU01AAUABQAFAAkACQAJAA0gBcAGCAQsI____________AZgBAQ&hl=en&curr=USD,"Carry-on bag not included; Checked baggage for a fee; outbound 11:22-00:36+1 via ORD, EWR; read in Chrome by Claude, 6-seat search"
2026-10-07T14:40:00Z,dsm-sju-jan-sat-thu,manual,DSM,SJU,2027-01-23,2027-01-28,6,2361.00,USD,United,2,https://www.google.com/travel/flights/search?tfs=CBwQAhoeEgoyMDI3LTAxLTIzagcIARIDRFNNcgcIARIDU0pVGh4SCjIwMjctMDEtMjhqBwgBEgNTSlVyBwgBEgNEU01AAUABQAFAAkACQAJAA0gBcAGCAQsI____________AZgBAQ&hl=en&curr=USD,"Carry-on bag not included; Checked baggage for a fee; outbound 08:00-00:36+1 via ORD, EWR; read in Chrome by Claude, 6-seat search"
2026-10-07T14:40:00Z,dsm-sju-jan-sat-thu,manual,DSM,SJU,2027-01-23,2027-01-28,6,2361.00,USD,United,2,https://www.google.com/travel/flights/search?tfs=CBwQAhoeEgoyMDI3LTAxLTIzagcIARIDRFNNcgcIARIDU0pVGh4SCjIwMjctMDEtMjhqBwgBEgNTSlVyBwgBEgNEU01AAUABQAFAAkACQAJAA0gBcAGCAQsI____________AZgBAQ&hl=en&curr=USD,"Carry-on bag not included; Checked baggage for a fee; outbound 12:52-06:15+1 via ORD, IAH; read in Chrome by Claude, 6-seat search"
2026-10-07T14:40:00Z,dsm-sju-jan-sat-thu,manual,DSM,SJU,2027-01-23,2027-01-28,6,2437.00,USD,United,1,https://www.google.com/travel/flights/search?tfs=CBwQAhoeEgoyMDI3LTAxLTIzagcIARIDRFNNcgcIARIDU0pVGh4SCjIwMjctMDEtMjhqBwgBEgNTSlVyBwgBEgNEU01AAUABQAFAAkACQAJAA0gBcAGCAQsI____________AZgBAQ&hl=en&curr=USD,"Carry-on bag not included; Checked baggage for a fee; outbound 18:30-15:40+1 via ORD; read in Chrome by Claude, 6-seat search"
2026-10-07T14:40:00Z,dsm-sju-jan-sat-thu,manual,DSM,SJU,2027-01-30,2027-02-04,6,2361.00,USD,United,2,https://www.google.com/travel/flights/search?tfs=CBwQAhoeEgoyMDI3LTAxLTMwagcIARIDRFNNcgcIARIDU0pVGh4SCjIwMjctMDItMDRqBwgBEgNTSlVyBwgBEgNEU01AAUABQAFAAkACQAJAA0gBcAGCAQsI____________AZgBAQ&hl=en&curr=USD,"Carry-on bag not included; Checked baggage for a fee; outbound 08:00-00:36+1 via ORD, EWR; read in Chrome by Claude, 6-seat search"
2026-10-07T14:40:00Z,dsm-sju-jan-sat-thu,manual,DSM,SJU,2027-01-30,2027-02-04,6,2361.00,USD,United,2,https://www.google.com/travel/flights/search?tfs=CBwQAhoeEgoyMDI3LTAxLTMwagcIARIDRFNNcgcIARIDU0pVGh4SCjIwMjctMDItMDRqBwgBEgNTSlVyBwgBEgNEU01AAUABQAFAAkACQAJAA0gBcAGCAQsI____________AZgBAQ&hl=en&curr=USD,"Carry-on bag not included; Checked baggage for a fee; outbound 12:52-06:15+1 via ORD, IAH; read in Chrome by Claude, 6-seat search"
2026-10-07T14:40:00Z,dsm-sju-jan-sat-thu,manual,DSM,SJU,2027-01-30,2027-02-04,6,2571.00,USD,United,1,https://www.google.com/travel/flights/search?tfs=CBwQAhoeEgoyMDI3LTAxLTMwagcIARIDRFNNcgcIARIDU0pVGh4SCjIwMjctMDItMDRqBwgBEgNTSlVyBwgBEgNEU01AAUABQAFAAkACQAJAA0gBcAGCAQsI____________AZgBAQ&hl=en&curr=USD,"Carry-on bag not included; Checked baggage for a fee; outbound 08:00-21:00 via ORD; read in Chrome by Claude, 6-seat search"
2026-10-07T14:40:00Z,dsm-stt-jan-thursdays,manual,DSM,STT,2027-01-07,2027-01-12,6,3406.00,USD,American,2,https://www.google.com/travel/flights/search?tfs=CBwQAhoeEgoyMDI3LTAxLTA3agcIARIDRFNNcgcIARIDU1RUGh4SCjIwMjctMDEtMTJqBwgBEgNTVFRyBwgBEgNEU01AAUABQAFAAkACQAJAA0gBcAGCAQsI____________AZgBAQ&hl=en&curr=USD,"Checked baggage for a fee; outbound 19:57-15:40+1 via ORD, CLT; read in Chrome by Claude, 6-seat search"
2026-10-07T14:40:00Z,dsm-stt-jan-thursdays,manual,DSM,STT,2027-01-07,2027-01-12,6,3406.00,USD,American,2,https://www.google.com/travel/flights/search?tfs=CBwQAhoeEgoyMDI3LTAxLTA3agcIARIDRFNNcgcIARIDU1RUGh4SCjIwMjctMDEtMTJqBwgBEgNTVFRyBwgBEgNEU01AAUABQAFAAkACQAJAA0gBcAGCAQsI____________AZgBAQ&hl=en&curr=USD,"Checked baggage for a fee; outbound 15:31-12:24+1 via DFW, MIA; read in Chrome by Claude, 6-seat search"
2026-10-07T14:40:00Z,dsm-stt-jan-thursdays,manual,DSM,STT,2027-01-07,2027-01-12,6,3406.00,USD,American,2,https://www.google.com/travel/flights/search?tfs=CBwQAhoeEgoyMDI3LTAxLTA3agcIARIDRFNNcgcIARIDU1RUGh4SCjIwMjctMDEtMTJqBwgBEgNTVFRyBwgBEgNEU01AAUABQAFAAkACQAJAA0gBcAGCAQsI____________AZgBAQ&hl=en&curr=USD,"Checked baggage for a fee; outbound 18:14-14:10+1 via DFW, MIA; read in Chrome by Claude, 6-seat search"
2026-10-07T14:40:00Z,dsm-stt-jan-thursdays,manual,DSM,STT,2027-01-14,2027-01-19,6,4126.00,USD,American,2,https://www.google.com/travel/flights/search?tfs=CBwQAhoeEgoyMDI3LTAxLTE0agcIARIDRFNNcgcIARIDU1RUGh4SCjIwMjctMDEtMTlqBwgBEgNTVFRyBwgBEgNEU01AAUABQAFAAkACQAJAA0gBcAGCAQsI____________AZgBAQ&hl=en&curr=USD,"Checked baggage for a fee; outbound 19:57-15:40+1 via ORD, CLT; read in Chrome by Claude, 6-seat search"
2026-10-07T14:40:00Z,dsm-stt-jan-thursdays,manual,DSM,STT,2027-01-14,2027-01-19,6,4126.00,USD,American,2,https://www.google.com/travel/flights/search?tfs=CBwQAhoeEgoyMDI3LTAxLTE0agcIARIDRFNNcgcIARIDU1RUGh4SCjIwMjctMDEtMTlqBwgBEgNTVFRyBwgBEgNEU01AAUABQAFAAkACQAJAA0gBcAGCAQsI____________AZgBAQ&hl=en&curr=USD,"Checked baggage for a fee; outbound 15:31-12:24+1 via DFW, MIA; read in Chrome by Claude, 6-seat search"
2026-10-07T14:40:00Z,dsm-stt-jan-thursdays,manual,DSM,STT,2027-01-14,2027-01-19,6,4126.00,USD,American,2,https://www.google.com/travel/flights/search?tfs=CBwQAhoeEgoyMDI3LTAxLTE0agcIARIDRFNNcgcIARIDU1RUGh4SCjIwMjctMDEtMTlqBwgBEgNTVFRyBwgBEgNEU01AAUABQAFAAkACQAJAA0gBcAGCAQsI____________AZgBAQ&hl=en&curr=USD,"Checked baggage for a fee; outbound 18:14-14:10+1 via DFW, MIA; read in Chrome by Claude, 6-seat search"
2026-10-07T14:40:00Z,dsm-stt-jan-thursdays,manual,DSM,STT,2027-01-21,2027-01-26,6,3406.00,USD,American,2,https://www.google.com/travel/flights/search?tfs=CBwQAhoeEgoyMDI3LTAxLTIxagcIARIDRFNNcgcIARIDU1RUGh4SCjIwMjctMDEtMjZqBwgBEgNTVFRyBwgBEgNEU01AAUABQAFAAkACQAJAA0gBcAGCAQsI____________AZgBAQ&hl=en&curr=USD,"Checked baggage for a fee; outbound 18:14-14:10+1 via DFW, MIA; read in Chrome by Claude, 6-seat search"
2026-10-07T14:40:00Z,dsm-stt-jan-thursdays,manual,DSM,STT,2027-01-21,2027-01-26,6,3406.00,USD,American,2,https://www.google.com/travel/flights/search?tfs=CBwQAhoeEgoyMDI3LTAxLTIxagcIARIDRFNNcgcIARIDU1RUGh4SCjIwMjctMDEtMjZqBwgBEgNTVFRyBwgBEgNEU01AAUABQAFAAkACQAJAA0gBcAGCAQsI____________AZgBAQ&hl=en&curr=USD,"Checked baggage for a fee; outbound 19:57-16:14+1 via ORD, MIA; read in Chrome by Claude, 6-seat search"
2026-10-07T14:40:00Z,dsm-stt-jan-thursdays,manual,DSM,STT,2027-01-21,2027-01-26,6,3406.00,USD,American,2,https://www.google.com/travel/flights/search?tfs=CBwQAhoeEgoyMDI3LTAxLTIxagcIARIDRFNNcgcIARIDU1RUGh4SCjIwMjctMDEtMjZqBwgBEgNTVFRyBwgBEgNEU01AAUABQAFAAkACQAJAA0gBcAGCAQsI____________AZgBAQ&hl=en&curr=USD,"Checked baggage for a fee; outbound 15:31-12:24+1 via DFW, MIA; read in Chrome by Claude, 6-seat search"
2026-10-07T14:40:00Z,dsm-stt-jan-thursdays,manual,DSM,STT,2027-01-28,2027-02-02,6,3406.00,USD,American,2,https://www.google.com/travel/flights/search?tfs=CBwQAhoeEgoyMDI3LTAxLTI4agcIARIDRFNNcgcIARIDU1RUGh4SCjIwMjctMDItMDJqBwgBEgNTVFRyBwgBEgNEU01AAUABQAFAAkACQAJAA0gBcAGCAQsI____________AZgBAQ&hl=en&curr=USD,"Checked baggage for a fee; outbound 18:14-14:10+1 via DFW, MIA; read in Chrome by Claude, 6-seat search"
2026-10-07T14:40:00Z,dsm-stt-jan-thursdays,manual,DSM,STT,2027-01-28,2027-02-02,6,3406.00,USD,American,2,https://www.google.com/travel/flights/search?tfs=CBwQAhoeEgoyMDI3LTAxLTI4agcIARIDRFNNcgcIARIDU1RUGh4SCjIwMjctMDItMDJqBwgBEgNTVFRyBwgBEgNEU01AAUABQAFAAkACQAJAA0gBcAGCAQsI____________AZgBAQ&hl=en&curr=USD,"Checked baggage for a fee; outbound 14:39-12:24+1 via ORD, MIA; read in Chrome by Claude, 6-seat search"
2026-10-07T14:40:00Z,dsm-stt-jan-thursdays,manual,DSM,STT,2027-01-28,2027-02-02,6,3406.00,USD,American,2,https://www.google.com/travel/flights/search?tfs=CBwQAhoeEgoyMDI3LTAxLTI4agcIARIDRFNNcgcIARIDU1RUGh4SCjIwMjctMDItMDJqBwgBEgNTVFRyBwgBEgNEU01AAUABQAFAAkACQAJAA0gBcAGCAQsI____________AZgBAQ&hl=en&curr=USD,"Checked baggage for a fee; outbound 19:57-16:14+1 via ORD, MIA; read in Chrome by Claude, 6-seat search"
2026-10-07T14:40:00Z,dsm-sju-jan-thursdays,manual,DSM,SJU,2027-01-07,2027-01-12,6,3336.00,USD,United,1,https://www.google.com/travel/flights/search?tfs=CBwQAhoeEgoyMDI3LTAxLTA3agcIARIDRFNNcgcIARIDU0pVGh4SCjIwMjctMDEtMTJqBwgBEgNTSlVyBwgBEgNEU01AAUABQAFAAkACQAJAA0gBcAGCAQsI____________AZgBAQ&hl=en&curr=USD,"Carry-on bag not included; Checked baggage for a fee; outbound 09:25-21:00 via ORD; read in Chrome by Claude, 6-seat search"
2026-10-07T14:40:00Z,dsm-sju-jan-thursdays,manual,DSM,SJU,2027-01-07,2027-01-12,6,3372.00,USD,American,1,https://www.google.com/travel/flights/search?tfs=CBwQAhoeEgoyMDI3LTAxLTA3agcIARIDRFNNcgcIARIDU0pVGh4SCjIwMjctMDEtMTJqBwgBEgNTSlVyBwgBEgNEU01AAUABQAFAAkACQAJAA0gBcAGCAQsI____________AZgBAQ&hl=en&curr=USD,"Checked baggage for a fee; outbound 10:57-21:11 via CLT; read in Chrome by Claude, 6-seat search"
2026-10-07T14:40:00Z,dsm-sju-jan-thursdays,manual,DSM,SJU,2027-01-07,2027-01-12,6,3516.00,USD,Southwest,2,https://www.google.com/travel/flights/search?tfs=CBwQAhoeEgoyMDI3LTAxLTA3agcIARIDRFNNcgcIARIDU0pVGh4SCjIwMjctMDEtMTJqBwgBEgNTSlVyBwgBEgNEU01AAUABQAFAAkACQAJAA0gBcAGCAQsI____________AZgBAQ&hl=en&curr=USD,"Checked baggage for a fee; outbound 05:55-22:00 via MDW, TPA; read in Chrome by Claude, 6-seat search"
2026-10-07T14:40:00Z,dsm-sju-jan-thursdays,manual,DSM,SJU,2027-01-14,2027-01-19,6,3186.00,USD,United,2,https://www.google.com/travel/flights/search?tfs=CBwQAhoeEgoyMDI3LTAxLTE0agcIARIDRFNNcgcIARIDU0pVGh4SCjIwMjctMDEtMTlqBwgBEgNTSlVyBwgBEgNEU01AAUABQAFAAkACQAJAA0gBcAGCAQsI____________AZgBAQ&hl=en&curr=USD,"Carry-on bag not included; Checked baggage for a fee; outbound 08:00-00:36+1 via ORD, EWR; read in Chrome by Claude, 6-seat search"
2026-10-07T14:40:00Z,dsm-sju-jan-thursdays,manual,DSM,SJU,2027-01-14,2027-01-19,6,3666.00,USD,United,2,https://www.google.com/travel/flights/search?tfs=CBwQAhoeEgoyMDI3LTAxLTE0agcIARIDRFNNcgcIARIDU0pVGh4SCjIwMjctMDEtMTlqBwgBEgNTSlVyBwgBEgNEU01AAUABQAFAAkACQAJAA0gBcAGCAQsI____________AZgBAQ&hl=en&curr=USD,"Carry-on bag not included; Checked baggage for a fee; outbound 09:25-00:36+1 via ORD, EWR; read in Chrome by Claude, 6-seat search"
2026-10-07T14:40:00Z,dsm-sju-jan-thursdays,manual,DSM,SJU,2027-01-14,2027-01-19,6,3846.00,USD,American,2,https://www.google.com/travel/flights/search?tfs=CBwQAhoeEgoyMDI3LTAxLTE0agcIARIDRFNNcgcIARIDU0pVGh4SCjIwMjctMDEtMTlqBwgBEgNTSlVyBwgBEgNEU01AAUABQAFAAkACQAJAA0gBcAGCAQsI____________AZgBAQ&hl=en&curr=USD,"Checked baggage for a fee; outbound 07:36-21:11 via ORD, CLT; read in Chrome by Claude, 6-seat search"
2026-10-07T14:40:00Z,dsm-sju-jan-thursdays,manual,DSM,SJU,2027-01-21,2027-01-26,6,2976.00,USD,United,2,https://www.google.com/travel/flights/search?tfs=CBwQAhoeEgoyMDI3LTAxLTIxagcIARIDRFNNcgcIARIDU0pVGh4SCjIwMjctMDEtMjZqBwgBEgNTSlVyBwgBEgNEU01AAUABQAFAAkACQAJAA0gBcAGCAQsI____________AZgBAQ&hl=en&curr=USD,"Carry-on bag not included; Checked baggage for a fee; outbound 08:00-00:36+1 via ORD, EWR; read in Chrome by Claude, 6-seat search"
2026-10-07T14:40:00Z,dsm-sju-jan-thursdays,manual,DSM,SJU,2027-01-21,2027-01-26,6,2976.00,USD,American,1,https://www.google.com/travel/flights/search?tfs=CBwQAhoeEgoyMDI3LTAxLTIxagcIARIDRFNNcgcIARIDU0pVGh4SCjIwMjctMDEtMjZqBwgBEgNTSlVyBwgBEgNEU01AAUABQAFAAkACQAJAA0gBcAGCAQsI____________AZgBAQ&hl=en&curr=USD,"Checked baggage for a fee; outbound 10:57-21:11 via CLT; read in Chrome by Claude, 6-seat search"
2026-10-07T14:40:00Z,dsm-sju-jan-thursdays,manual,DSM,SJU,2027-01-21,2027-01-26,6,3516.00,USD,Southwest,2,https://www.google.com/travel/flights/search?tfs=CBwQAhoeEgoyMDI3LTAxLTIxagcIARIDRFNNcgcIARIDU0pVGh4SCjIwMjctMDEtMjZqBwgBEgNTSlVyBwgBEgNEU01AAUABQAFAAkACQAJAA0gBcAGCAQsI____________AZgBAQ&hl=en&curr=USD,"Checked baggage for a fee; outbound 05:55-22:00 via MDW, TPA; read in Chrome by Claude, 6-seat search"
2026-10-07T14:40:00Z,dsm-sju-jan-thursdays,manual,DSM,SJU,2027-01-28,2027-02-02,6,2976.00,USD,American,1,https://www.google.com/travel/flights/search?tfs=CBwQAhoeEgoyMDI3LTAxLTI4agcIARIDRFNNcgcIARIDU0pVGh4SCjIwMjctMDItMDJqBwgBEgNTSlVyBwgBEgNEU01AAUABQAFAAkACQAJAA0gBcAGCAQsI____________AZgBAQ&hl=en&curr=USD,"Checked baggage for a fee; outbound 10:57-21:11 via CLT; read in Chrome by Claude, 6-seat search"
2026-10-07T14:40:00Z,dsm-sju-jan-thursdays,manual,DSM,SJU,2027-01-28,2027-02-02,6,3005.00,USD,United,2,https://www.google.com/travel/flights/search?tfs=CBwQAhoeEgoyMDI3LTAxLTI4agcIARIDRFNNcgcIARIDU0pVGh4SCjIwMjctMDItMDJqBwgBEgNTSlVyBwgBEgNEU01AAUABQAFAAkACQAJAA0gBcAGCAQsI____________AZgBAQ&hl=en&curr=USD,"Carry-on bag not included; Checked baggage for a fee; outbound 08:00-00:36+1 via ORD, EWR; read in Chrome by Claude, 6-seat search"
2026-10-07T14:40:00Z,dsm-sju-jan-thursdays,manual,DSM,SJU,2027-01-28,2027-02-02,6,3216.00,USD,Southwest,2,https://www.google.com/travel/flights/search?tfs=CBwQAhoeEgoyMDI3LTAxLTI4agcIARIDRFNNcgcIARIDU0pVGh4SCjIwMjctMDItMDJqBwgBEgNTSlVyBwgBEgNEU01AAUABQAFAAkACQAJAA0gBcAGCAQsI____________AZgBAQ&hl=en&curr=USD,"Checked baggage for a fee; outbound 06:55-22:00 via DEN, TPA; read in Chrome by Claude, 6-seat search"
2026-10-07T14:40:00Z,dsm-stt-apr-may-thursdays,manual,DSM,STT,2027-04-29,2027-05-04,6,3406.00,USD,American,2,https://www.google.com/travel/flights/search?tfs=CBwQAhoeEgoyMDI3LTA0LTI5agcIARIDRFNNcgcIARIDU1RUGh4SCjIwMjctMDUtMDRqBwgBEgNTVFRyBwgBEgNEU01AAUABQAFAAkACQAJAA0gBcAGCAQsI____________AZgBAQ&hl=en&curr=USD,"Checked baggage for a fee; outbound 20:03-14:49+1 via ORD, CLT; read in Chrome by Claude, 6-seat search"
2026-10-07T14:40:00Z,dsm-stt-apr-may-thursdays,manual,DSM,STT,2027-04-29,2027-05-04,6,3406.00,USD,American,2,https://www.google.com/travel/flights/search?tfs=CBwQAhoeEgoyMDI3LTA0LTI5agcIARIDRFNNcgcIARIDU1RUGh4SCjIwMjctMDUtMDRqBwgBEgNTVFRyBwgBEgNEU01AAUABQAFAAkACQAJAA0gBcAGCAQsI____________AZgBAQ&hl=en&curr=USD,"Checked baggage for a fee; outbound 14:02-11:35+1 via CLT, MIA; read in Chrome by Claude, 6-seat search"
2026-10-07T14:40:00Z,dsm-stt-apr-may-thursdays,manual,DSM,STT,2027-04-29,2027-05-04,6,3406.00,USD,American,2,https://www.google.com/travel/flights/search?tfs=CBwQAhoeEgoyMDI3LTA0LTI5agcIARIDRFNNcgcIARIDU1RUGh4SCjIwMjctMDUtMDRqBwgBEgNTVFRyBwgBEgNEU01AAUABQAFAAkACQAJAA0gBcAGCAQsI____________AZgBAQ&hl=en&curr=USD,"Checked baggage for a fee; outbound 17:01-13:05+1 via ORD, MIA; read in Chrome by Claude, 6-seat search"
2026-10-07T14:40:00Z,dsm-stt-apr-may-thursdays,manual,DSM,STT,2027-05-13,2027-05-18,6,3406.00,USD,American,2,https://www.google.com/travel/flights/search?tfs=CBwQAhoeEgoyMDI3LTA1LTEzagcIARIDRFNNcgcIARIDU1RUGh4SCjIwMjctMDUtMThqBwgBEgNTVFRyBwgBEgNEU01AAUABQAFAAkACQAJAA0gBcAGCAQsI____________AZgBAQ&hl=en&curr=USD,"Checked baggage for a fee; outbound 20:02-14:49+1 via ORD, CLT; read in Chrome by Claude, 6-seat search"
2026-10-07T14:40:00Z,dsm-stt-apr-may-thursdays,manual,DSM,STT,2027-05-13,2027-05-18,6,3406.00,USD,American,2,https://www.google.com/travel/flights/search?tfs=CBwQAhoeEgoyMDI3LTA1LTEzagcIARIDRFNNcgcIARIDU1RUGh4SCjIwMjctMDUtMThqBwgBEgNTVFRyBwgBEgNEU01AAUABQAFAAkACQAJAA0gBcAGCAQsI____________AZgBAQ&hl=en&curr=USD,"Checked baggage for a fee; outbound 13:25-11:35+1 via DCA, MIA; read in Chrome by Claude, 6-seat search"
2026-10-07T14:40:00Z,dsm-stt-apr-may-thursdays,manual,DSM,STT,2027-05-13,2027-05-18,6,3550.00,USD,American,2,https://www.google.com/travel/flights/search?tfs=CBwQAhoeEgoyMDI3LTA1LTEzagcIARIDRFNNcgcIARIDU1RUGh4SCjIwMjctMDUtMThqBwgBEgNTVFRyBwgBEgNEU01AAUABQAFAAkACQAJAA0gBcAGCAQsI____________AZgBAQ&hl=en&curr=USD,"Checked baggage for a fee; outbound 15:20-13:05+1 via DFW, MIA; read in Chrome by Claude, 6-seat search"
2026-10-07T14:40:00Z,dsm-sju-apr-may-thursdays,manual,DSM,SJU,2027-04-29,2027-05-04,6,3066.00,USD,Southwest,2,https://www.google.com/travel/flights/search?tfs=CBwQAhoeEgoyMDI3LTA0LTI5agcIARIDRFNNcgcIARIDU0pVGh4SCjIwMjctMDUtMDRqBwgBEgNTSlVyBwgBEgNEU01AAUABQAFAAkACQAJAA0gBcAGCAQsI____________AZgBAQ&hl=en&curr=USD,"Checked baggage for a fee; outbound 18:55-09:20+1 via DEN, MCO; read in Chrome by Claude, 6-seat search"
2026-10-07T14:40:00Z,dsm-sju-apr-may-thursdays,manual,DSM,SJU,2027-04-29,2027-05-04,6,3096.00,USD,Delta,1,https://www.google.com/travel/flights/search?tfs=CBwQAhoeEgoyMDI3LTA0LTI5agcIARIDRFNNcgcIARIDU0pVGh4SCjIwMjctMDUtMDRqBwgBEgNTSlVyBwgBEgNEU01AAUABQAFAAkACQAJAA0gBcAGCAQsI____________AZgBAQ&hl=en&curr=USD,"Checked baggage for a fee; outbound 11:04-20:20 via ATL; read in Chrome by Claude, 6-seat search"
2026-10-07T14:40:00Z,dsm-sju-apr-may-thursdays,manual,DSM,SJU,2027-04-29,2027-05-04,6,3096.00,USD,American,1,https://www.google.com/travel/flights/search?tfs=CBwQAhoeEgoyMDI3LTA0LTI5agcIARIDRFNNcgcIARIDU0pVGh4SCjIwMjctMDUtMDRqBwgBEgNTSlVyBwgBEgNEU01AAUABQAFAAkACQAJAA0gBcAGCAQsI____________AZgBAQ&hl=en&curr=USD,"Checked baggage for a fee; outbound 20:03-14:20+1 via ORD; read in Chrome by Claude, 6-seat search"
2026-10-07T14:40:00Z,dsm-sju-apr-may-thursdays,manual,DSM,SJU,2027-05-13,2027-05-18,6,3096.00,USD,Southwest,2,https://www.google.com/travel/flights/search?tfs=CBwQAhoeEgoyMDI3LTA1LTEzagcIARIDRFNNcgcIARIDU0pVGh4SCjIwMjctMDUtMThqBwgBEgNTSlVyBwgBEgNEU01AAUABQAFAAkACQAJAA0gBcAGCAQsI____________AZgBAQ&hl=en&curr=USD,"Checked baggage for a fee; outbound 06:45-22:10 via DEN, TPA; read in Chrome by Claude, 6-seat search"
2026-10-07T14:40:00Z,dsm-sju-apr-may-thursdays,manual,DSM,SJU,2027-05-13,2027-05-18,6,3096.00,USD,American,2,https://www.google.com/travel/flights/search?tfs=CBwQAhoeEgoyMDI3LTA1LTEzagcIARIDRFNNcgcIARIDU0pVGh4SCjIwMjctMDUtMThqBwgBEgNTSlVyBwgBEgNEU01AAUABQAFAAkACQAJAA0gBcAGCAQsI____________AZgBAQ&hl=en&curr=USD,"Checked baggage for a fee; outbound 14:02-09:13+1 via CLT, MIA; read in Chrome by Claude, 6-seat search"
2026-10-07T14:40:00Z,dsm-sju-apr-may-thursdays,manual,DSM,SJU,2027-05-13,2027-05-18,6,3096.00,USD,Southwest,2,https://www.google.com/travel/flights/search?tfs=CBwQAhoeEgoyMDI3LTA1LTEzagcIARIDRFNNcgcIARIDU0pVGh4SCjIwMjctMDUtMThqBwgBEgNTSlVyBwgBEgNEU01AAUABQAFAAkACQAJAA0gBcAGCAQsI____________AZgBAQ&hl=en&curr=USD,"Checked baggage for a fee; outbound 18:55-09:20+1 via DEN, MCO; read in Chrome by Claude, 6-seat search"
2026-10-07T14:40:00Z,ord-sju-jan-sat-thu,manual,ORD,SJU,2027-01-02,2027-01-07,6,2629.00,USD,Frontier,0,https://www.google.com/travel/flights/search?tfs=CBwQAhoeEgoyMDI3LTAxLTAyagcIARIDT1JEcgcIARIDU0pVGh4SCjIwMjctMDEtMDdqBwgBEgNTSlVyBwgBEgNPUkRAAUABQAFAAkACQAJAA0gBcAGCAQsI____________AZgBAQ&hl=en&curr=USD,"Carry-on bag not included; Checked baggage for a fee; outbound 23:50-06:36+1 nonstop; read in Chrome by Claude, 6-seat search"
2026-10-07T14:40:00Z,ord-sju-jan-sat-thu,manual,ORD,SJU,2027-01-02,2027-01-07,6,3777.00,USD,American,0,https://www.google.com/travel/flights/search?tfs=CBwQAhoeEgoyMDI3LTAxLTAyagcIARIDT1JEcgcIARIDU0pVGh4SCjIwMjctMDEtMDdqBwgBEgNTSlVyBwgBEgNPUkRAAUABQAFAAkACQAJAA0gBcAGCAQsI____________AZgBAQ&hl=en&curr=USD,"Checked baggage for a fee; outbound 23:00-05:36+1 nonstop; read in Chrome by Claude, 6-seat search"
2026-10-07T14:40:00Z,ord-sju-jan-sat-thu,manual,ORD,SJU,2027-01-02,2027-01-07,6,3852.00,USD,United,0,https://www.google.com/travel/flights/search?tfs=CBwQAhoeEgoyMDI3LTAxLTAyagcIARIDT1JEcgcIARIDU0pVGh4SCjIwMjctMDEtMDdqBwgBEgNTSlVyBwgBEgNPUkRAAUABQAFAAkACQAJAA0gBcAGCAQsI____________AZgBAQ&hl=en&curr=USD,"Carry-on bag not included; Checked baggage for a fee; outbound 14:16-21:00 nonstop; read in Chrome by Claude, 6-seat search"
2026-10-07T14:40:00Z,ord-sju-jan-sat-thu,manual,ORD,SJU,2027-01-16,2027-01-21,6,1383.00,USD,United,1,https://www.google.com/travel/flights/search?tfs=CBwQAhoeEgoyMDI3LTAxLTE2agcIARIDT1JEcgcIARIDU0pVGh4SCjIwMjctMDEtMjFqBwgBEgNTSlVyBwgBEgNPUkRAAUABQAFAAkACQAJAA0gBcAGCAQsI____________AZgBAQ&hl=en&curr=USD,"Carry-on bag not included; Checked baggage for a fee; outbound 14:26-00:36+1 via EWR; read in Chrome by Claude, 6-seat search"
2026-10-07T14:40:00Z,ord-sju-jan-sat-thu,manual,ORD,SJU,2027-01-16,2027-01-21,6,1591.00,USD,Frontier,1,https://www.google.com/travel/flights/search?tfs=CBwQAhoeEgoyMDI3LTAxLTE2agcIARIDT1JEcgcIARIDU0pVGh4SCjIwMjctMDEtMjFqBwgBEgNTSlVyBwgBEgNPUkRAAUABQAFAAkACQAJAA0gBcAGCAQsI____________AZgBAQ&hl=en&curr=USD,"Carry-on bag not included; Checked baggage for a fee; outbound 08:25-12:37+1 via FLL; read in Chrome by Claude, 6-seat search"
2026-10-07T14:40:00Z,ord-sju-jan-sat-thu,manual,ORD,SJU,2027-01-16,2027-01-21,6,1662.00,USD,Frontier,0,https://www.google.com/travel/flights/search?tfs=CBwQAhoeEgoyMDI3LTAxLTE2agcIARIDT1JEcgcIARIDU0pVGh4SCjIwMjctMDEtMjFqBwgBEgNTSlVyBwgBEgNPUkRAAUABQAFAAkACQAJAA0gBcAGCAQsI____________AZgBAQ&hl=en&curr=USD,"Carry-on bag not included; Checked baggage for a fee; outbound 00:17-07:03 nonstop; read in Chrome by Claude, 6-seat search"
2026-10-07T14:40:00Z,ord-sju-jan-sat-thu,manual,ORD,SJU,2027-01-30,2027-02-04,6,1200.00,USD,United,1,https://www.google.com/travel/flights/search?tfs=CBwQAhoeEgoyMDI3LTAxLTMwagcIARIDT1JEcgcIARIDU0pVGh4SCjIwMjctMDItMDRqBwgBEgNTSlVyBwgBEgNPUkRAAUABQAFAAkACQAJAA0gBcAGCAQsI____________AZgBAQ&hl=en&curr=USD,"Carry-on bag not included; Checked baggage for a fee; outbound 14:26-00:36+1 via EWR; read in Chrome by Claude, 6-seat search"
2026-10-07T14:40:00Z,ord-sju-jan-sat-thu,manual,ORD,SJU,2027-01-30,2027-02-04,6,1200.00,USD,United,1,https://www.google.com/travel/flights/search?tfs=CBwQAhoeEgoyMDI3LTAxLTMwagcIARIDT1JEcgcIARIDU0pVGh4SCjIwMjctMDItMDRqBwgBEgNTSlVyBwgBEgNPUkRAAUABQAFAAkACQAJAA0gBcAGCAQsI____________AZgBAQ&hl=en&curr=USD,"Carry-on bag not included; Checked baggage for a fee; outbound 19:50-06:15+1 via IAH; read in Chrome by Claude, 6-seat search"
2026-10-07T14:40:00Z,ord-sju-jan-sat-thu,manual,ORD,SJU,2027-01-30,2027-02-04,6,1200.00,USD,United,1,https://www.google.com/travel/flights/search?tfs=CBwQAhoeEgoyMDI3LTAxLTMwagcIARIDT1JEcgcIARIDU0pVGh4SCjIwMjctMDItMDRqBwgBEgNTSlVyBwgBEgNPUkRAAUABQAFAAkACQAJAA0gBcAGCAQsI____________AZgBAQ&hl=en&curr=USD,"Carry-on bag not included; Checked baggage for a fee; outbound 09:18-21:24 via IAH; read in Chrome by Claude, 6-seat search"
2026-10-07T14:40:00Z,msp-sju-jan-sat-thu,manual,MSP,SJU,2027-01-02,2027-01-07,6,3642.00,USD,American,1,https://www.google.com/travel/flights/search?tfs=CBwQAhoeEgoyMDI3LTAxLTAyagcIARIDTVNQcgcIARIDU0pVGh4SCjIwMjctMDEtMDdqBwgBEgNTSlVyBwgBEgNNU1BAAUABQAFAAkACQAJAA0gBcAGCAQsI____________AZgBAQ&hl=en&curr=USD,"Checked baggage for a fee; outbound 06:00-23:09 via PHL; read in Chrome by Claude, 6-seat search"
2026-10-07T14:40:00Z,msp-sju-jan-sat-thu,manual,MSP,SJU,2027-01-02,2027-01-07,6,3768.00,USD,American,1,https://www.google.com/travel/flights/search?tfs=CBwQAhoeEgoyMDI3LTAxLTAyagcIARIDTVNQcgcIARIDU0pVGh4SCjIwMjctMDEtMDdqBwgBEgNTSlVyBwgBEgNNU1BAAUABQAFAAkACQAJAA0gBcAGCAQsI____________AZgBAQ&hl=en&curr=USD,"Checked baggage for a fee; outbound 19:13-05:36+1 via ORD; read in Chrome by Claude, 6-seat search"
2026-10-07T14:40:00Z,msp-sju-jan-sat-thu,manual,MSP,SJU,2027-01-02,2027-01-07,6,3996.00,USD,American,1,https://www.google.com/travel/flights/search?tfs=CBwQAhoeEgoyMDI3LTAxLTAyagcIARIDTVNQcgcIARIDU0pVGh4SCjIwMjctMDEtMDdqBwgBEgNTSlVyBwgBEgNNU1BAAUABQAFAAkACQAJAA0gBcAGCAQsI____________AZgBAQ&hl=en&curr=USD,"Checked baggage for a fee; outbound 10:21-23:59 via DFW; read in Chrome by Claude, 6-seat search"
2026-10-07T14:40:00Z,msp-sju-jan-sat-thu,manual,MSP,SJU,2027-01-16,2027-01-21,6,2448.00,USD,Southwest,2,https://www.google.com/travel/flights/search?tfs=CBwQAhoeEgoyMDI3LTAxLTE2agcIARIDTVNQcgcIARIDU0pVGh4SCjIwMjctMDEtMjFqBwgBEgNTSlVyBwgBEgNNU1BAAUABQAFAAkACQAJAA0gBcAGCAQsI____________AZgBAQ&hl=en&curr=USD,"Checked baggage for a fee; outbound 07:45-22:00 via MDW, TPA; read in Chrome by Claude, 6-seat search"
2026-10-07T14:40:00Z,msp-sju-jan-sat-thu,manual,MSP,SJU,2027-01-16,2027-01-21,6,2700.00,USD,United,2,https://www.google.com/travel/flights/search?tfs=CBwQAhoeEgoyMDI3LTAxLTE2agcIARIDTVNQcgcIARIDU0pVGh4SCjIwMjctMDEtMjFqBwgBEgNTSlVyBwgBEgNNU1BAAUABQAFAAkACQAJAA0gBcAGCAQsI____________AZgBAQ&hl=en&curr=USD,"Carry-on bag not included; Checked baggage for a fee; outbound 07:45-00:36+1 via ORD, EWR; read in Chrome by Claude, 6-seat search"
2026-10-07T14:40:00Z,msp-sju-jan-sat-thu,manual,MSP,SJU,2027-01-16,2027-01-21,6,2778.00,USD,Southwest,1,https://www.google.com/travel/flights/search?tfs=CBwQAhoeEgoyMDI3LTAxLTE2agcIARIDTVNQcgcIARIDU0pVGh4SCjIwMjctMDEtMjFqBwgBEgNTSlVyBwgBEgNNU1BAAUABQAFAAkACQAJAA0gBcAGCAQsI____________AZgBAQ&hl=en&curr=USD,"Checked baggage for a fee; outbound 06:15-15:15 via STL; read in Chrome by Claude, 6-seat search"
2026-10-07T14:40:00Z,msp-sju-jan-sat-thu,manual,MSP,SJU,2027-01-30,2027-02-04,6,2183.00,USD,United,2,https://www.google.com/travel/flights/search?tfs=CBwQAhoeEgoyMDI3LTAxLTMwagcIARIDTVNQcgcIARIDU0pVGh4SCjIwMjctMDItMDRqBwgBEgNTSlVyBwgBEgNNU1BAAUABQAFAAkACQAJAA0gBcAGCAQsI____________AZgBAQ&hl=en&curr=USD,"Carry-on bag not included; Checked baggage for a fee; outbound 07:45-00:36+1 via ORD, EWR; read in Chrome by Claude, 6-seat search"
2026-10-07T14:40:00Z,msp-sju-jan-sat-thu,manual,MSP,SJU,2027-01-30,2027-02-04,6,2388.00,USD,Southwest,1,https://www.google.com/travel/flights/search?tfs=CBwQAhoeEgoyMDI3LTAxLTMwagcIARIDTVNQcgcIARIDU0pVGh4SCjIwMjctMDItMDRqBwgBEgNTSlVyBwgBEgNNU1BAAUABQAFAAkACQAJAA0gBcAGCAQsI____________AZgBAQ&hl=en&curr=USD,"Checked baggage for a fee; outbound 13:40-23:30 via MCO; read in Chrome by Claude, 6-seat search"
2026-10-07T14:40:00Z,msp-sju-jan-sat-thu,manual,MSP,SJU,2027-01-30,2027-02-04,6,2628.00,USD,American,1,https://www.google.com/travel/flights/search?tfs=CBwQAhoeEgoyMDI3LTAxLTMwagcIARIDTVNQcgcIARIDU0pVGh4SCjIwMjctMDItMDRqBwgBEgNTSlVyBwgBEgNNU1BAAUABQAFAAkACQAJAA0gBcAGCAQsI____________AZgBAQ&hl=en&curr=USD,"Checked baggage for a fee; outbound 07:16-16:57 via CLT; read in Chrome by Claude, 6-seat search"
